--delete from dims_tm_areaCodeConfig;
--delete from dims_idx_IndexCarrier;
--delete from dims_idx_rule;
--delete from dims_idx_index;
--delete from dims_mm_attributetype;
--delete from dims_mm_dictionary;
--delete from dims_mm_dictionarytype;
--delete from dims_mm_entitytype;

insert into dims_tm_coordinateConfig(province,longitude_min,longitude_max,latitude_min,latitude_max,dataSource)values
('110000',115.25000,117.30000,39.26000,41.03000,'www.baidu.com'),
('120000',116.43000,118.19400,38.34000,40.15000,'www.baidu.com'),
('310000',120.51000,122.12000,30.40000,31.53000,'www.baidu.com'),
('500000',105.17000,110.11000,28.10000,32.13000,'www.baidu.com'),
('130000',113.04000,119.53000,36.01000,42.37000,'www.baidu.com'),
('140000',110.14000,114.33000,34.34000,40.43000,'www.baidu.com'),
('210000',118.53000,125.46000,38.43000,43.26000,'www.baidu.com'),
('220000',121.38000,131.19000,40.52000,46.18000,'www.baidu.com'),
('230000',121.11000,135.05000,43.25000,53.33000,'www.baidu.com'),
('320000',116.18000,121.57000,30.45000,35.20000,'www.baidu.com'),
('330000',118.01000,123.10000,27.02000,31.11000,'www.baidu.com'),
('340000',114.54000,119.37000,29.41000,34.38000,'www.baidu.com'),
('350000',115.50000,120.40000,23.30000,28.22000,'www.baidu.com'),
('360000',113.34000,118.28000,24.29000,30.04000,'www.baidu.com'),
('370000',114.19000,122.43000,34.22000,38.23000,'www.baidu.com'),
('410000',110.21000,116.39000,31.23000,36.22000,'www.baidu.com'),
('420000',108.21000,116.07000,29.05000,33.20000,'www.baidu.com'),
('430000',108.80000,114.20000,24.70000,30.10000,'www.baidu.com'),
('440000',109.39000,117.19000,20.13000,25.31000,'www.baidu.com'),
('460000',108.37000,111.05000,18.10000,20.10000,'www.baidu.com'),
('510000',97.21000,108.31000,26.03000,34.19000,'www.baidu.com'),
('520000',103.36000,109.35000,24.37000,29.13000,'www.baidu.com'),
('530000',97.31000,106.11000,21.80000,29.15000,'www.baidu.com'),
('610000',105.29000,111.15000,31.42000,39.35000,'www.baidu.com'),
('620000',92.13000,108.46000,32.11000,42.57000,'www.baidu.com'),
('630000',89.35000,103.04000,31.90000,39.19000,'www.baidu.com'),
('540000',78.25000,99.06000,26.50000,36.53000,'www.baidu.com'),
('450000',104.29000,112.04000,20.54000,26.23000,'www.baidu.com'),
('150000',97.12000,126.04000,37.24000,53.23000,'www.baidu.com'),
('640000',104.17000,107.39000,35.14000,39.23000,'www.baidu.com'),
('650000',73.40000,96.23000,34.22000,49.10000,'www.baidu.com'),
('810000',113.52000,114.30000,22.37000,22.90000,'www.baidu.com'),
('710000',119.18000,124.34000,20.45000,25.56000,'www.baidu.com'),
('820000',113.13000,113.70000,22.01000,22.53000,'www.baidu.com');

insert into dims_tm_areaCodeConfig (CODE, NAME, REGIONTYPE, PROVINCECODE, PREFECTURECODE) values
('450000', '广西壮族自治区', 1, null, null),
('450900', '玉林市', 2, '450000', null),
('450800', '贵港市', 2, '450000', null),
('451300', '来宾市', 2, '450000', null),
('450700', '钦州市', 2, '450000', null),
('450200', '柳州市', 2, '450000', null),
('451200', '河池市', 2, '450000', null),
('450100', '南宁市', 2, '450000', null),
('451000', '百色市', 2, '450000', null),
('450400', '梧州市', 2, '450000', null),
('451100', '贺州市', 2, '450000', null),
('451400', '崇左市', 2, '450000', null),
('450300', '桂林市', 2, '450000', null),
('450600', '防城港市', 2, '450000', null),
('450500', '北海市', 2, '450000', null),
('450107', '西乡塘区', 3, '450000', '450100'),
('451226', '环江毛南族自治县', 3, '450000', '451200'),
('451202', '金城江区', 3, '450000', '451200'),
('451122', '钟山县', 3, '450000', '451100'),
('451121', '昭平县', 3, '450000', '451100'),
('451321', '忻城县', 3, '450000', '451300'),
('450703', '钦北区', 3, '450000', '450700'),
('450224', '融安县', 3, '450000', '450200'),
('450222', '柳城县', 3, '450000', '450200'),
('451402', '江州区', 3, '450000', '451400'),
('451421', '扶绥县', 3, '450000', '451400'),
('450323', '灵川县', 3, '450000', '450300'),
('450312', '临桂区', 3, '450000', '450300'),
('451221', '南丹县', 3, '450000', '451200'),
('451225', '罗城仫佬族自治县', 3, '450000', '451200'),
('451322', '象州县', 3, '450000', '451300'),
('451323', '武宣县', 3, '450000', '451300'),
('450124', '马山县', 3, '450000', '450100'),
('450125', '上林县', 3, '450000', '450100'),
('450205', '柳北区', 3, '450000', '450200'),
('451021', '田阳县', 3, '450000', '451000'),
('451022', '田东县', 3, '450000', '451000'),
('450804', '覃塘区', 3, '450000', '450800'),
('450325', '兴安县', 3, '450000', '450300'),
('450330', '平乐县', 3, '450000', '450300'),
('451227', '巴马瑶族自治县', 3, '450000', '451200'),
('451324', '金秀瑶族自治县', 3, '450000', '451300'),
('450403', '万秀区', 3, '450000', '450400'),
('450123', '隆安县', 3, '450000', '450100'),
('451002', '右江区', 3, '450000', '451000'),
('450803', '港南区', 3, '450000', '450800'),
('450321', '阳朔县', 3, '450000', '450300'),
('450326', '永福县', 3, '450000', '450300'),
('451222', '天峨县', 3, '450000', '451200'),
('451223', '凤山县', 3, '450000', '451200'),
('451103', '平桂区', 3, '450000', '451100'),
('450421', '苍梧县', 3, '450000', '450400'),
('450423', '蒙山县', 3, '450000', '450400'),
('450902', '玉州区', 3, '450000', '450900'),
('450105', '江南区', 3, '450000', '450100'),
('450103', '青秀区', 3, '450000', '450100'),
('450223', '鹿寨县', 3, '450000', '450200'),
('451028', '乐业县', 3, '450000', '451000'),
('451030', '西林县', 3, '450000', '451000'),
('451027', '凌云县', 3, '450000', '451000'),
('450802', '港北区', 3, '450000', '450800'),
('450108', '良庆区', 3, '450000', '450100'),
('450202', '城中区', 3, '450000', '450200'),
('450903', '福绵区', 3, '450000', '450900'),
('450102', '兴宁区', 3, '450000', '450100'),
('450311', '雁山区', 3, '450000', '450300'),
('450305', '七星区', 3, '450000', '450300'),
('450109', '邕宁区', 3, '450000', '450100'),
('450304', '象山区', 3, '450000', '450300'),
('450405', '长洲区', 3, '450000', '450400'),
('450406', '龙圩区', 3, '450000', '450400'),
('450303', '叠彩区', 3, '450000', '450300'),
('450302', '秀峰区', 3, '450000', '450300'),
('451381', '合山市', 3, '450000', '451300'),
('451081', '靖西市', 3, '450000', '451000'),
('451424', '大新县', 3, '450000', '451400'),
('451026', '那坡县', 3, '450000', '451000'),
('450602', '港口区', 3, '450000', '450600'),
('450702', '钦南区', 3, '450000', '450700'),
('450502', '海城区', 3, '450000', '450500'),
('450503', '银海区', 3, '450000', '450500'),
('450512', '铁山港区', 3, '450000', '450500'),
('450521', '合浦县', 3, '450000', '450500'),
('450681', '东兴市', 3, '450000', '450600'),
('450204', '柳南区', 3, '450000', '450200'),
('450203', '鱼峰区', 3, '450000', '450200'),
('450206', '柳江区', 3, '450000', '450200'),
('450329', '资源县', 3, '450000', '450300'),
('450328', '龙胜各族自治县', 3, '450000', '450300'),
('451123', '富川瑶族自治县', 3, '450000', '451100'),
('450332', '恭城瑶族自治县', 3, '450000', '450300'),
('450327', '灌阳县', 3, '450000', '450300'),
('450324', '全州县', 3, '450000', '450300'),
('450621', '上思县', 3, '450000', '450600'),
('450603', '防城区', 3, '450000', '450600'),
('451422', '宁明县', 3, '450000', '451400'),
('451481', '凭祥市', 3, '450000', '451400'),
('451423', '龙州县', 3, '450000', '451400'),
('450923', '博白县', 3, '450000', '450900'),
('450881', '桂平市', 3, '450000', '450800'),
('451302', '兴宾区', 3, '450000', '451300'),
('450981', '北流市', 3, '450000', '450900'),
('450821', '平南县', 3, '450000', '450800'),
('450721', '灵山县', 3, '450000', '450700'),
('450225', '融水苗族自治县', 3, '450000', '450200'),
('451228', '都安瑶族自治县', 3, '450000', '451200'),
('450127', '横县', 3, '450000', '450100'),
('451031', '隆林各族自治县', 3, '450000', '451000'),
('451203', '宜州区', 3, '450000', '451200'),
('451229', '大化瑶族自治县', 3, '450000', '451200'),
('450722', '浦北县', 3, '450000', '450700'),
('450422', '藤县', 3, '450000', '450400'),
('450126', '宾阳县', 3, '450000', '450100'),
('450921', '容县', 3, '450000', '450900'),
('450110', '武鸣区', 3, '450000', '450100'),
('450226', '三江侗族自治县', 3, '450000', '450200'),
('451029', '田林县', 3, '450000', '451000'),
('451224', '东兰县', 3, '450000', '451200'),
('451102', '八步区', 3, '450000', '451100'),
('450481', '岑溪市', 3, '450000', '450400'),
('450922', '陆川县', 3, '450000', '450900'),
('451023', '平果县', 3, '450000', '451000'),
('451024', '德保县', 3, '450000', '451000'),
('451425', '天等县', 3, '450000', '451400'),
('450331', '荔浦县', 3, '450000', '450300'),
('450924', '兴业县', 3, '450000', '450900');
insert into dims_tm_areaCodeConfig (CODE, NAME, REGIONTYPE, PROVINCECODE, PREFECTURECODE) values
('520000', '贵州省', 1, null, null),
('520500', '毕节市', 2, '520000', null),
('522300', '黔西南布依族苗族自治州', 2, '520000', null),
('520200', '六盘水市', 2, '520000', null),
('520600', '铜仁市', 2, '520000', null),
('522600', '黔东南苗族侗族自治州', 2, '520000', null),
('520300', '遵义市', 2, '520000', null),
('520100', '贵阳市', 2, '520000', null),
('520400', '安顺市', 2, '520000', null),
('522700', '黔南布依族苗族自治州', 2, '520000', null),
('520502', '七星关区', 3, '520000', '520500'),
('520526', '威宁彝族回族苗族自治县', 3, '520000', '520500'),
('520521', '大方县', 3, '520000', '520500'),
('520524', '织金县', 3, '520000', '520500'),
('520522', '黔西县', 3, '520000', '520500'),
('522301', '兴义市', 3, '520000', '522300'),
('520221', '水城县', 3, '520000', '520200'),
('520628', '松桃苗族自治县', 3, '520000', '520600'),
('520527', '赫章县', 3, '520000', '520500'),
('520281', '盘州市', 3, '520000', '520200'),
('520525', '纳雍县', 3, '520000', '520500'),
('520624', '思南县', 3, '520000', '520600'),
('522631', '黎平县', 3, '520000', '522600'),
('520523', '金沙县', 3, '520000', '520500'),
('520322', '桐梓县', 3, '520000', '520300'),
('520330', '习水县', 3, '520000', '520300'),
('520627', '沿河土家族自治县', 3, '520000', '520600'),
('522633', '从江县', 3, '520000', '522600'),
('520382', '仁怀市', 3, '520000', '520300'),
('520302', '红花岗区', 3, '520000', '520300'),
('520304', '播州区', 3, '520000', '520300'),
('520626', '德江县', 3, '520000', '520600'),
('522632', '榕江县', 3, '520000', '522600'),
('520324', '正安县', 3, '520000', '520300'),
('520623', '石阡县', 3, '520000', '520600'),
('522601', '凯里市', 3, '520000', '522600'),
('520381', '赤水市', 3, '520000', '520300'),
('520203', '六枝特区', 3, '520000', '520200'),
('522627', '天柱县', 3, '520000', '522600'),
('522322', '兴仁县', 3, '520000', '522300'),
('520625', '印江土家族苗族自治县', 3, '520000', '520600'),
('520121', '开阳县', 3, '520000', '520100'),
('522628', '锦屏县', 3, '520000', '522600'),
('522328', '安龙县', 3, '520000', '522300'),
('520326', '务川仡佬族苗族自治县', 3, '520000', '520300'),
('520323', '绥阳县', 3, '520000', '520300'),
('520328', '湄潭县', 3, '520000', '520300'),
('522324', '晴隆县', 3, '520000', '522300'),
('522327', '册亨县', 3, '520000', '522300'),
('520602', '碧江区', 3, '520000', '520600'),
('520327', '凤冈县', 3, '520000', '520300'),
('520325', '道真仡佬族苗族自治县', 3, '520000', '520300'),
('520303', '汇川区', 3, '520000', '520300'),
('520424', '关岭布依族苗族自治县', 3, '520000', '520400'),
('522325', '贞丰县', 3, '520000', '522300'),
('522725', '瓮安县', 3, '520000', '522700'),
('522625', '镇远县', 3, '520000', '522600'),
('522629', '剑河县', 3, '520000', '522600'),
('522323', '普安县', 3, '520000', '522300'),
('520422', '普定县', 3, '520000', '520400'),
('522626', '岑巩县', 3, '520000', '522600'),
('522622', '黄平县', 3, '520000', '522600'),
('522727', '平塘县', 3, '520000', '522700'),
('520329', '余庆县', 3, '520000', '520300'),
('522701', '都匀市', 3, '520000', '522700'),
('522731', '惠水县', 3, '520000', '522700'),
('520122', '息烽县', 3, '520000', '520100'),
('520123', '修文县', 3, '520000', '520100'),
('520201', '钟山区', 3, '520000', '520200'),
('522624', '三穗县', 3, '520000', '522600'),
('520621', '江口县', 3, '520000', '520600'),
('522630', '台江县', 3, '520000', '522600'),
('522623', '施秉县', 3, '520000', '522600'),
('522634', '雷山县', 3, '520000', '522600'),
('522726', '独山县', 3, '520000', '522700'),
('522722', '荔波县', 3, '520000', '522700'),
('520603', '万山区', 3, '520000', '520600'),
('522723', '贵定县', 3, '520000', '522700'),
('522702', '福泉市', 3, '520000', '522700'),
('522732', '三都水族自治县', 3, '520000', '522700'),
('522636', '丹寨县', 3, '520000', '522600'),
('522635', '麻江县', 3, '520000', '522600'),
('520622', '玉屏侗族自治县', 3, '520000', '520600'),
('522730', '龙里县', 3, '520000', '522700'),
('520103', '云岩区', 3, '520000', '520100'),
('520112', '乌当区', 3, '520000', '520100'),
('520102', '南明区', 3, '520000', '520100'),
('520111', '花溪区', 3, '520000', '520100'),
('520113', '白云区', 3, '520000', '520100'),
('520403', '平坝区', 3, '520000', '520400'),
('520115', '观山湖区', 3, '520000', '520100'),
('520181', '清镇市', 3, '520000', '520100'),
('520425', '紫云苗族布依族自治县', 3, '520000', '520400'),
('520423', '镇宁布依族苗族自治县', 3, '520000', '520400'),
('520402', '西秀区', 3, '520000', '520400'),
('522729', '长顺县', 3, '520000', '522700'),
('522326', '望谟县', 3, '520000', '522300'),
('522728', '罗甸县', 3, '520000', '522700');
insert into dims_tm_areaCodeConfig (CODE, NAME, REGIONTYPE, PROVINCECODE, PREFECTURECODE) values
('460000', '海南省', 1, null, null),
('460100', '海口市', 2, '460000', null),
('469001', '五指山市', 2, '460000', null),
('469005', '文昌市', 2, '460000', null),
('469024', '临高县', 2, '460000', null),
('460400', '儋州市', 2, '460000', null),
('469007', '东方市', 2, '460000', null),
('469027', '乐东黎族自治县', 2, '460000', null),
('460200', '三亚市', 2, '460000', null),
('460300', '三沙市', 2, '460000', null),
('469006', '万宁市', 2, '460000', null),
('469029', '保亭黎族苗族自治县', 2, '460000', null),
('469028', '陵水黎族自治县', 2, '460000', null),
('469022', '屯昌县', 2, '460000', null),
('469030', '琼中黎族苗族自治县', 2, '460000', null),
('469002', '琼海市', 2, '460000', null),
('469021', '定安县', 2, '460000', null),
('469023', '澄迈县', 2, '460000', null),
('469026', '昌江黎族自治县', 2, '460000', null),
('469025', '白沙黎族自治县', 2, '460000', null),
('460108', '美兰区', 3, '460000', '460100'),
('460107', '琼山区', 3, '460000', '460100'),
('460106', '龙华区', 3, '460000', '460100'),
('469001', '五指山市', 3, '460000', '469001'),
('460105', '秀英区', 3, '460000', '460100'),
('469005', '文昌市', 3, '460000', '469005'),
('469024', '临高县', 3, '460000', '469024'),
('460400', '儋州市', 3, '460000', '460400'),
('469007', '东方市', 3, '460000', '469007'),
('469027', '乐东黎族自治县', 3, '460000', '469027'),
('460205', '崖州区', 3, '460000', '460200'),
('460204', '天涯区', 3, '460000', '460200'),
('460203', '吉阳区', 3, '460000', '460200'),
('460321', '西沙群岛', 3, '460000', '460300'),
('460323', '中沙群岛', 3, '460000', '460300'),
('460322', '南沙群岛', 3, '460000', '460300'),
('469006', '万宁市', 3, '460000', '469006'),
('460202', '海棠区', 3, '460000', '460200'),
('469029', '保亭黎族苗族自治县', 3, '460000', '469029'),
('469028', '陵水黎族自治县', 3, '460000', '469028'),
('469022', '屯昌县', 3, '460000', '469022'),
('469030', '琼中黎族苗族自治县', 3, '460000', '469030'),
('469002', '琼海市', 3, '460000', '469002'),
('469021', '定安县', 3, '460000', '469021'),
('469023', '澄迈县', 3, '460000', '469023'),
('469026', '昌江黎族自治县', 3, '460000', '469026'),
('469025', '白沙黎族自治县', 3, '460000', '469025');
insert into dims_tm_areaCodeConfig (CODE, NAME, REGIONTYPE, PROVINCECODE, PREFECTURECODE) values
('340000', '安徽省', 1, null, null),
('340100','合肥市',2,'340000',null),
('340102','瑶海区',3,'340000','340100'),
('340103','庐阳区',3,'340000','340100'),
('340104','蜀山区',3,'340000','340100'),
('340111','包河区',3,'340000','340100'),
('340121','长丰县',3,'340000','340100'),
('340122','肥东县',3,'340000','340100'),
('340123','肥西县',3,'340000','340100'),
('340124','庐江县',3,'340000','340100'),
('340181','巢湖市',3,'340000','340100'),
('340200','芜湖市',2,'340000',null),
('340202','镜湖区',3,'340000','340200'),
('340203','弋江区',3,'340000','340200'),
('340207','鸠江区',3,'340000','340200'),
('340208','三山区',3,'340000','340200'),
('340221','芜湖县',3,'340000','340200'),
('340222','繁昌县',3,'340000','340200'),
('340223','南陵县',3,'340000','340200'),
('340225','无为县',3,'340000','340200'),
('340300','蚌埠市',2,'340000',null),
('340302','龙子湖区',3,'340000','340300'),
('340303','蚌山区',3,'340000','340300'),
('340304','禹会区',3,'340000','340300'),
('340311','淮上区',3,'340000','340300'),
('340321','怀远县',3,'340000','340300'),
('340322','五河县',3,'340000','340300'),
('340323','固镇县',3,'340000','340300'),
('340400','淮南市',2,'340000',null),
('340402','大通区',3,'340000','340400'),
('340403','田家庵区',3,'340000','340400'),
('340404','谢家集区',3,'340000','340400'),
('340405','八公山区',3,'340000','340400'),
('340406','潘集区',3,'340000','340400'),
('340421','凤台县',3,'340000','340400'),
('340422','寿县',3,'340000','340400'),
('340500','马鞍山市',2,'340000',null),
('340503','花山区',3,'340000','340500'),
('340504','雨山区',3,'340000','340500'),
('340506','博望区',3,'340000','340500'),
('340521','当涂县',3,'340000','340500'),
('340522','含山县',3,'340000','340500'),
('340523','和县',3,'340000','340500'),
('340600','淮北市',2,'340000',null),
('340602','杜集区',3,'340000','340600'),
('340603','相山区',3,'340000','340600'),
('340604','烈山区',3,'340000','340600'),
('340621','濉溪县',3,'340000','340600'),
('340700','铜陵市',2,'340000',null),
('340705','铜官区',3,'340000','340700'),
('340706','义安区',3,'340000','340700'),
('340711','郊区',3,'340000','340700'),
('340722','枞阳县',3,'340000','340700'),
('340800','安庆市',2,'340000',null),
('340802','迎江区',3,'340000','340800'),
('340803','大观区',3,'340000','340800'),
('340811','宜秀区',3,'340000','340800'),
('340822','怀宁县',3,'340000','340800'),
('340824','潜山县',3,'340000','340800'),
('340825','太湖县',3,'340000','340800'),
('340826','宿松县',3,'340000','340800'),
('340827','望江县',3,'340000','340800'),
('340828','岳西县',3,'340000','340800'),
('340881','桐城市',3,'340000','340800'),
('341000','黄山市',2,'340000',null),
('341002','屯溪区',3,'340000','341000'),
('341003','黄山区',3,'340000','341000'),
('341004','徽州区',3,'340000','341000'),
('341021','歙县',3,'340000','341000'),
('341022','休宁县',3,'340000','341000'),
('341023','黟县',3,'340000','341000'),
('341024','祁门县',3,'340000','341000'),
('341100','滁州市',2,'340000',null),
('341102','琅琊区',3,'340000','341100'),
('341103','南谯区',3,'340000','341100'),
('341122','来安县',3,'340000','341100'),
('341124','全椒县',3,'340000','341100'),
('341125','定远县',3,'340000','341100'),
('341126','凤阳县',3,'340000','341100'),
('341181','天长市',3,'340000','341100'),
('341182','明光市',3,'340000','341100'),
('341200','阜阳市',2,'340000',null),
('341202','颍州区',3,'340000','341200'),
('341203','颍东区',3,'340000','341200'),
('341204','颍泉区',3,'340000','341200'),
('341221','临泉县',3,'340000','341200'),
('341222','太和县',3,'340000','341200'),
('341225','阜南县',3,'340000','341200'),
('341226','颍上县',3,'340000','341200'),
('341282','界首市',3,'340000','341200'),
('341300','宿州市',2,'340000',null),
('341302','埇桥区',3,'340000','341300'),
('341321','砀山县',3,'340000','341300'),
('341322','萧县',3,'340000','341300'),
('341323','灵璧县',3,'340000','341300'),
('341324','泗县',3,'340000','341300'),
('341500','六安市',2,'340000',null),
('341502','金安区',3,'340000','341500'),
('341503','裕安区',3,'340000','341500'),
('341504','叶集区',3,'340000','341500'),
('341522','霍邱县',3,'340000','341500'),
('341523','舒城县',3,'340000','341500'),
('341524','金寨县',3,'340000','341500'),
('341525','霍山县',3,'340000','341500'),
('341600','亳州市',2,'340000',null),
('341602','谯城区',3,'340000','341600'),
('341621','涡阳县',3,'340000','341600'),
('341622','蒙城县',3,'340000','341600'),
('341623','利辛县',3,'340000','341600'),
('341700','池州市',2,'340000',null),
('341702','贵池区',3,'340000','341700'),
('341721','东至县',3,'340000','341700'),
('341722','石台县',3,'340000','341700'),
('341723','青阳县',3,'340000','341700'),
('341800','宣城市',2,'340000',null),
('341802','宣州区',3,'340000','341800'),
('341821','郎溪县',3,'340000','341800'),
('341822','广德县',3,'340000','341800'),
('341823','泾县',3,'340000','341800'),
('341824','绩溪县',3,'340000','341800'),
('341825','旌德县',3,'340000','341800'),
('341881','宁国市',3,'340000','341800');
insert into dims_tm_areaCodeConfig (CODE, NAME, REGIONTYPE, PROVINCECODE, PREFECTURECODE) values
('130000', '河北省', 1, null, null),
('130800', '承德市', 2, '130000', null),
('130600', '保定市', 2, '130000', null),
('130200', '唐山市', 2, '130000', null),
('130300', '秦皇岛市', 2, '130000', null),
('130900', '沧州市', 2, '130000', null),
('130100', '石家庄市', 2, '130000', null),
('130700', '张家口市', 2, '130000', null),
('130400', '邯郸市', 2, '130000', null),
('130500', '邢台市', 2, '130000', null),
('131100', '衡水市', 2, '130000', null),
('131000', '廊坊市', 2, '130000', null),
('130828', '围场满族蒙古族自治县', 3, '130000', '130800'),
('130633', '易县', 3, '130000', '130600'),
('130281', '遵化市', 3, '130000', '130200'),
('130825', '隆化县', 3, '130000', '130800'),
('130208', '丰润区', 3, '130000', '130200'),
('130826', '丰宁满族自治县', 3, '130000', '130800'),
('130682', '定州市', 3, '130000', '130600'),
('130321', '青龙满族自治县', 3, '130000', '130300'),
('130821', '承德县', 3, '130000', '130800'),
('130982', '任丘市', 3, '130000', '130900'),
('130131', '平山县', 3, '130000', '130100'),
('130726', '蔚县', 3, '130000', '130700'),
('130824', '滦平县', 3, '130000', '130800'),
('130434', '魏县', 3, '130000', '130400'),
('130229', '玉田县', 3, '130000', '130200'),
('130722', '张北县', 3, '130000', '130700'),
('130627', '唐县', 3, '130000', '130600'),
('130984', '河间市', 3, '130000', '130900'),
('130822', '兴隆县', 3, '130000', '130800'),
('130425', '大名县', 3, '130000', '130400'),
('130521', '邢台县', 3, '130000', '130500'),
('130921', '沧县', 3, '130000', '130900'),
('130929', '献县', 3, '130000', '130900'),
('130881', '平泉市', 3, '130000', '130800'),
('130283', '迁安市', 3, '130000', '130200'),
('130634', '曲阳县', 3, '130000', '130600'),
('130608', '清苑区', 3, '130000', '130600'),
('130827', '宽城满族自治县', 3, '130000', '130800'),
('130426', '涉县', 3, '130000', '130400'),
('130227', '迁西县', 3, '130000', '130200'),
('130732', '赤城县', 3, '130000', '130700'),
('130630', '涞源县', 3, '130000', '130600'),
('130606', '莲池区', 3, '130000', '130600'),
('131182', '深州市', 3, '130000', '131100'),
('130121', '井陉县', 3, '130000', '130100'),
('130104', '桥西区', 3, '130000', '130100'),
('130207', '丰南区', 3, '130000', '130200'),
('130731', '涿鹿县', 3, '130000', '130700'),
('130724', '沽源县', 3, '130000', '130700'),
('130626', '定兴县', 3, '130000', '130600'),
('130623', '涞水县', 3, '130000', '130600'),
('130981', '泊头市', 3, '130000', '130900'),
('131127', '景县', 3, '130000', '131100'),
('130132', '元氏县', 3, '130000', '130100'),
('130102', '长安区', 3, '130000', '130100'),
('130528', '宁晋县', 3, '130000', '130500'),
('130533', '威县', 3, '130000', '130500'),
('130723', '康保县', 3, '130000', '130700'),
('130684', '高碑店市', 3, '130000', '130600'),
('130681', '涿州市', 3, '130000', '130600'),
('130181', '辛集市', 3, '130000', '130100'),
('130109', '藁城区', 3, '130000', '130100'),
('130126', '灵寿县', 3, '130000', '130100'),
('130125', '行唐县', 3, '130000', '130100'),
('130105', '新华区', 3, '130000', '130100'),
('130581', '南宫市', 3, '130000', '130500'),
('130582', '沙河市', 3, '130000', '130500'),
('130609', '徐水区', 3, '130000', '130600'),
('130423', '临漳县', 3, '130000', '130400'),
('130223', '滦县', 3, '130000', '130200'),
('130727', '阳原县', 3, '130000', '130700'),
('130725', '尚义县', 3, '130000', '130700'),
('130635', '蠡县', 3, '130000', '130600'),
('130624', '阜平县', 3, '130000', '130600'),
('130607', '满城区', 3, '130000', '130600'),
('130802', '双桥区', 3, '130000', '130800'),
('131126', '故城县', 3, '130000', '131100'),
('131026', '文安县', 3, '130000', '131000'),
('131081', '霸州市', 3, '130000', '131000'),
('130110', '鹿泉区', 3, '130000', '130100'),
('130108', '裕华区', 3, '130000', '130100'),
('130203', '路北区', 3, '130000', '130200'),
('130602', '竞秀区', 3, '130000', '130600'),
('130925', '盐山县', 3, '130000', '130900'),
('130427', '磁县', 3, '130000', '130400'),
('131102', '桃城区', 3, '130000', '131100'),
('130324', '卢龙县', 3, '130000', '130300'),
('130184', '新乐市', 3, '130000', '130100'),
('130202', '路南区', 3, '130000', '130200'),
('130525', '隆尧县', 3, '130000', '130500'),
('130683', '安国市', 3, '130000', '130600'),
('130922', '青县', 3, '130000', '130900'),
('131103', '冀州区', 3, '130000', '131100'),
('131121', '枣强县', 3, '130000', '131100'),
('131023', '永清县', 3, '130000', '131000'),
('131003', '广阳区', 3, '130000', '131000'),
('131025', '大城县', 3, '130000', '131000'),
('131002', '安次区', 3, '130000', '131000'),
('130133', '赵县', 3, '130000', '130100'),
('130129', '赞皇县', 3, '130000', '130100'),
('130130', '无极县', 3, '130000', '130100'),
('130205', '开平区', 3, '130000', '130200'),
('130728', '怀安县', 3, '130000', '130700'),
('130708', '万全区', 3, '130000', '130700'),
('130709', '崇礼区', 3, '130000', '130700'),
('130636', '顺平县', 3, '130000', '130600'),
('130928', '吴桥县', 3, '130000', '130900'),
('130924', '海兴县', 3, '130000', '130900'),
('131128', '阜城县', 3, '130000', '131100'),
('130183', '晋州市', 3, '130000', '130100'),
('130123', '正定县', 3, '130000', '130100'),
('130204', '古冶区', 3, '130000', '130200'),
('130529', '巨鹿县', 3, '130000', '130500'),
('130503', '桥西区', 3, '130000', '130500'),
('130638', '雄县', 3, '130000', '130600'),
('130923', '东光县', 3, '130000', '130900'),
('130927', '南皮县', 3, '130000', '130900'),
('130926', '肃宁县', 3, '130000', '130900'),
('130406', '峰峰矿区', 3, '130000', '130400'),
('131122', '武邑县', 3, '130000', '131100'),
('131022', '固安县', 3, '130000', '131000'),
('130523', '内丘县', 3, '130000', '130500'),
('130535', '临西县', 3, '130000', '130500'),
('130631', '望都县', 3, '130000', '130600'),
('130629', '容城县', 3, '130000', '130600'),
('130903', '运河区', 3, '130000', '130900'),
('130803', '双滦区', 3, '130000', '130800'),
('130433', '馆陶县', 3, '130000', '130400'),
('131125', '安平县', 3, '130000', '131100'),
('130111', '栾城区', 3, '130000', '130100'),
('130531', '广宗县', 3, '130000', '130500'),
('130526', '任县', 3, '130000', '130500'),
('130522', '临城县', 3, '130000', '130500'),
('130532', '平乡县', 3, '130000', '130500'),
('130527', '南和县', 3, '130000', '130500'),
('130637', '博野县', 3, '130000', '130600'),
('130902', '新华区', 3, '130000', '130900'),
('130430', '邱县', 3, '130000', '130400'),
('130431', '鸡泽县', 3, '130000', '130400'),
('131124', '饶阳县', 3, '130000', '131100'),
('130502', '桥东区', 3, '130000', '130500'),
('130930', '孟村回族自治县', 3, '130000', '130900'),
('131123', '武强县', 3, '130000', '131100'),
('130128', '深泽县', 3, '130000', '130100'),
('130530', '新河县', 3, '130000', '130500'),
('130534', '清河县', 3, '130000', '130500'),
('130524', '柏乡县', 3, '130000', '130500'),
('130706', '下花园区', 3, '130000', '130700'),
('130304', '北戴河区', 3, '130000', '130300'),
('130127', '高邑县', 3, '130000', '130100'),
('130107', '井陉矿区', 3, '130000', '130100'),
('130804', '鹰手营子矿区', 3, '130000', '130800'),
('130224', '滦南县', 3, '130000', '130200'),
('130209', '曹妃甸区', 3, '130000', '130200'),
('130225', '乐亭县', 3, '130000', '130200'),
('130322', '昌黎县', 3, '130000', '130300'),
('130302', '海港区', 3, '130000', '130300'),
('130303', '山海关区', 3, '130000', '130300'),
('130983', '黄骅市', 3, '130000', '130900'),
('130306', '抚宁区', 3, '130000', '130300'),
('130705', '宣化区', 3, '130000', '130700'),
('130702', '桥东区', 3, '130000', '130700'),
('130703', '桥西区', 3, '130000', '130700'),
('130424', '成安县', 3, '130000', '130400'),
('130407', '肥乡区', 3, '130000', '130400'),
('130432', '广平县', 3, '130000', '130400'),
('130435', '曲周县', 3, '130000', '130400'),
('130403', '丛台区', 3, '130000', '130400'),
('130408', '永年区', 3, '130000', '130400'),
('130481', '武安市', 3, '130000', '130400'),
('130404', '复兴区', 3, '130000', '130400'),
('130402', '邯山区', 3, '130000', '130400'),
('130730', '怀来县', 3, '130000', '130700'),
('131082', '三河市', 3, '130000', '131000'),
('131028', '大厂回族自治县', 3, '130000', '131000'),
('131024', '香河县', 3, '130000', '131000'),
('130632', '安新县', 3, '130000', '130600'),
('130628', '高阳县', 3, '130000', '130600');
insert into dims_tm_areaCodeConfig (CODE, NAME, REGIONTYPE, PROVINCECODE, PREFECTURECODE) values
('410000', '河南省', 1, null, null),
('411500', '信阳市', 2, '410000', null),
('411400', '商丘市', 2, '410000', null),
('411700', '驻马店市', 2, '410000', null),
('411000', '许昌市', 2, '410000', null),
('411600', '周口市', 2, '410000', null),
('410400', '平顶山市', 2, '410000', null),
('410500', '安阳市', 2, '410000', null),
('410700', '新乡市', 2, '410000', null),
('410900', '濮阳市', 2, '410000', null),
('410100', '郑州市', 2, '410000', null),
('411300', '南阳市', 2, '410000', null),
('411200', '三门峡市', 2, '410000', null),
('410300', '洛阳市', 2, '410000', null),
('411100', '漯河市', 2, '410000', null),
('410800', '焦作市', 2, '410000', null),
('410600', '鹤壁市', 2, '410000', null),
('410200', '开封市', 2, '410000', null),
('419001', '济源市', 2, '410000', null),
('411525', '固始县', 3, '410000', '411500'),
('411503', '平桥区', 3, '410000', '411500'),
('411481', '永城市', 3, '410000', '411400'),
('411722', '上蔡县', 3, '410000', '411700'),
('411425', '虞城县', 3, '410000', '411400'),
('411081', '禹州市', 3, '410000', '411000'),
('411702', '驿城区', 3, '410000', '411700'),
('411623', '商水县', 3, '410000', '411600'),
('410423', '鲁山县', 3, '410000', '410400'),
('411426', '夏邑县', 3, '410000', '411400'),
('411627', '太康县', 3, '410000', '411600'),
('411526', '潢川县', 3, '410000', '411500'),
('410526', '滑县', 3, '410000', '410500'),
('411622', '西华县', 3, '410000', '411600'),
('411729', '新蔡县', 3, '410000', '411700'),
('410782', '辉县市', 3, '410000', '410700'),
('411681', '项城市', 3, '410000', '411600'),
('411721', '西平县', 3, '410000', '411700'),
('410928', '濮阳县', 3, '410000', '410900'),
('411424', '柘城县', 3, '410000', '411400'),
('411528', '息县', 3, '410000', '411500'),
('410482', '汝州市', 3, '410000', '410400'),
('411422', '睢县', 3, '410000', '411400'),
('411402', '梁园区', 3, '410000', '411400'),
('411524', '商城县', 3, '410000', '411500'),
('410181', '巩义市', 3, '410000', '410100'),
('410581', '林州市', 3, '410000', '410500'),
('411724', '正阳县', 3, '410000', '411700'),
('411723', '平舆县', 3, '410000', '411700'),
('411323', '西峡县', 3, '410000', '411300'),
('411224', '卢氏县', 3, '410000', '411200'),
('411522', '光山县', 3, '410000', '411500'),
('411521', '罗山县', 3, '410000', '411500'),
('410328', '洛宁县', 3, '410000', '410300'),
('410422', '叶县', 3, '410000', '410400'),
('411421', '民权县', 3, '410000', '411400'),
('411403', '睢阳区', 3, '410000', '411400'),
('410728', '长垣县', 3, '410000', '410700'),
('411502', '浉河区', 3, '410000', '411500'),
('410183', '新密市', 3, '410000', '410100'),
('411728', '遂平县', 3, '410000', '411700'),
('411727', '汝南县', 3, '410000', '411700'),
('411326', '淅川县', 3, '410000', '411300'),
('410922', '清丰县', 3, '410000', '410900'),
('411282', '灵宝市', 3, '410000', '411200'),
('411527', '淮滨县', 3, '410000', '411500'),
('410105', '金水区', 3, '410000', '410100'),
('410184', '新郑市', 3, '410000', '410100'),
('410527', '内黄县', 3, '410000', '410500'),
('410327', '宜阳县', 3, '410000', '410300'),
('411621', '扶沟县', 3, '410000', '411600'),
('410902', '华龙区', 3, '410000', '410900'),
('411025', '襄城县', 3, '410000', '411000'),
('411082', '长葛市', 3, '410000', '411000'),
('411003', '建安区', 3, '410000', '411000'),
('410185', '登封市', 3, '410000', '410100'),
('410325', '嵩县', 3, '410000', '410300'),
('411122', '临颍县', 3, '410000', '411100'),
('410425', '郏县', 3, '410000', '410400'),
('410402', '新华区', 3, '410000', '410400'),
('411523', '新县', 3, '410000', '411500'),
('410103', '二七区', 3, '410000', '410100'),
('410104', '管城回族区', 3, '410000', '410100'),
('411602', '川汇区', 3, '410000', '411600'),
('410811', '山阳区', 3, '410000', '410800'),
('411121', '舞阳县', 3, '410000', '411100'),
('411423', '宁陵县', 3, '410000', '411400'),
('410182', '荥阳市', 3, '410000', '410100'),
('410102', '中原区', 3, '410000', '410100'),
('410381', '偃师市', 3, '410000', '410300'),
('410311', '洛龙区', 3, '410000', '410300'),
('410326', '汝阳县', 3, '410000', '410300'),
('410329', '伊川县', 3, '410000', '410300'),
('410324', '栾川县', 3, '410000', '410300'),
('410823', '武陟县', 3, '410000', '410800'),
('410882', '沁阳市', 3, '410000', '410800'),
('410421', '宝丰县', 3, '410000', '410400'),
('410481', '舞钢市', 3, '410000', '410400'),
('411203', '陕州区', 3, '410000', '411200'),
('410724', '获嘉县', 3, '410000', '410700'),
('410781', '卫辉市', 3, '410000', '410700'),
('411002', '魏都区', 3, '410000', '411000'),
('411725', '确山县', 3, '410000', '411700'),
('410923', '南乐县', 3, '410000', '410900'),
('410926', '范县', 3, '410000', '410900'),
('411221', '渑池县', 3, '410000', '411200'),
('410726', '延津县', 3, '410000', '410700'),
('411024', '鄢陵县', 3, '410000', '411000'),
('410611', '淇滨区', 3, '410000', '410600'),
('410403', '卫东区', 3, '410000', '410400'),
('410323', '新安县', 3, '410000', '410300'),
('410825', '温县', 3, '410000', '410800'),
('410803', '中站区', 3, '410000', '410800'),
('410702', '红旗区', 3, '410000', '410700'),
('410711', '牧野区', 3, '410000', '410700'),
('410505', '殷都区', 3, '410000', '410500'),
('410303', '西工区', 3, '410000', '410300'),
('410621', '浚县', 3, '410000', '410600'),
('410821', '修武县', 3, '410000', '410800'),
('410802', '解放区', 3, '410000', '410800'),
('411103', '郾城区', 3, '410000', '411100'),
('411104', '召陵区', 3, '410000', '411100'),
('411202', '湖滨区', 3, '410000', '411200'),
('410822', '博爱县', 3, '410000', '410800'),
('411102', '源汇区', 3, '410000', '411100'),
('410411', '湛河区', 3, '410000', '410400'),
('410721', '新乡县', 3, '410000', '410700'),
('410703', '卫滨区', 3, '410000', '410700'),
('410108', '惠济区', 3, '410000', '410100'),
('410302', '老城区', 3, '410000', '410300'),
('410305', '涧西区', 3, '410000', '410300'),
('410304', '瀍河回族区', 3, '410000', '410300'),
('410622', '淇县', 3, '410000', '410600'),
('410602', '鹤山区', 3, '410000', '410600'),
('410603', '山城区', 3, '410000', '410600'),
('410804', '马村区', 3, '410000', '410800'),
('411281', '义马市', 3, '410000', '411200'),
('410106', '上街区', 3, '410000', '410100'),
('410704', '凤泉区', 3, '410000', '410700'),
('410404', '石龙区', 3, '410000', '410400'),
('410212', '祥符区', 3, '410000', '410200'),
('410203', '顺河回族区', 3, '410000', '410200'),
('410205', '禹王台区', 3, '410000', '410200'),
('410204', '鼓楼区', 3, '410000', '410200'),
('410202', '龙亭区', 3, '410000', '410200'),
('410725', '原阳县', 3, '410000', '410700'),
('410122', '中牟县', 3, '410000', '410100'),
('410223', '尉氏县', 3, '410000', '410200'),
('410222', '通许县', 3, '410000', '410200'),
('410221', '杞县', 3, '410000', '410200'),
('410225', '兰考县', 3, '410000', '410200'),
('410727', '封丘县', 3, '410000', '410700'),
('410306', '吉利区', 3, '410000', '410300'),
('410883', '孟州市', 3, '410000', '410800'),
('410322', '孟津县', 3, '410000', '410300'),
('419001', '济源市', 3, '410000', '419001'),
('411322', '方城县', 3, '410000', '411300'),
('411329', '新野县', 3, '410000', '411300'),
('411330', '桐柏县', 3, '410000', '411300'),
('411302', '宛城区', 3, '410000', '411300'),
('411726', '泌阳县', 3, '410000', '411700'),
('411324', '镇平县', 3, '410000', '411300'),
('411325', '内乡县', 3, '410000', '411300'),
('411381', '邓州市', 3, '410000', '411300'),
('411321', '南召县', 3, '410000', '411300'),
('411303', '卧龙区', 3, '410000', '411300'),
('411327', '社旗县', 3, '410000', '411300'),
('411328', '唐河县', 3, '410000', '411300'),
('410506', '龙安区', 3, '410000', '410500'),
('410503', '北关区', 3, '410000', '410500'),
('410502', '文峰区', 3, '410000', '410500'),
('410523', '汤阴县', 3, '410000', '410500'),
('410522', '安阳县', 3, '410000', '410500'),
('411625', '郸城县', 3, '410000', '411600'),
('411626', '淮阳县', 3, '410000', '411600'),
('411624', '沈丘县', 3, '410000', '411600'),
('411628', '鹿邑县', 3, '410000', '411600'),
('410927', '台前县', 3, '410000', '410900');
insert into dims_tm_areaCodeConfig (CODE, NAME, REGIONTYPE, PROVINCECODE, PREFECTURECODE) values
('230000', '黑龙江省', 1, null, null),
('230100', '哈尔滨市', 2, '230000', null),
('231200', '绥化市', 2, '230000', null),
('230200', '齐齐哈尔市', 2, '230000', null),
('230700', '伊春市', 2, '230000', null),
('230600', '大庆市', 2, '230000', null),
('231000', '牡丹江市', 2, '230000', null),
('230800', '佳木斯市', 2, '230000', null),
('230300', '鸡西市', 2, '230000', null),
('231100', '黑河市', 2, '230000', null),
('230400', '鹤岗市', 2, '230000', null),
('230500', '双鸭山市', 2, '230000', null),
('230900', '七台河市', 2, '230000', null),
('232700', '大兴安岭地区', 2, '230000', null),
('230104', '道外区', 3, '230000', '230100'),
('231283', '海伦市', 3, '230000', '231200'),
('231202', '北林区', 3, '230000', '231200'),
('231282', '肇东市', 3, '230000', '231200'),
('230184', '五常市', 3, '230000', '230100'),
('230110', '香坊区', 3, '230000', '230100'),
('230102', '道里区', 3, '230000', '230100'),
('230281', '讷河市', 3, '230000', '230200'),
('230703', '南岔区', 3, '230000', '230700'),
('230111', '呼兰区', 3, '230000', '230100'),
('230103', '南岗区', 3, '230000', '230100'),
('230112', '阿城区', 3, '230000', '230100'),
('231226', '绥棱县', 3, '230000', '231200'),
('230126', '巴彦县', 3, '230000', '230100'),
('230125', '宾县', 3, '230000', '230100'),
('231281', '安达市', 3, '230000', '231200'),
('230183', '尚志市', 3, '230000', '230100'),
('230223', '依安县', 3, '230000', '230200'),
('230229', '克山县', 3, '230000', '230200'),
('230231', '拜泉县', 3, '230000', '230200'),
('231224', '庆安县', 3, '230000', '231200'),
('230708', '美溪区', 3, '230000', '230700'),
('230704', '友好区', 3, '230000', '230700'),
('231222', '兰西县', 3, '230000', '231200'),
('231223', '青冈县', 3, '230000', '231200'),
('231221', '望奎县', 3, '230000', '231200'),
('230606', '大同区', 3, '230000', '230600'),
('230221', '龙江县', 3, '230000', '230200'),
('230713', '带岭区', 3, '230000', '230700'),
('230621', '肇州县', 3, '230000', '230600'),
('231084', '宁安市', 3, '230000', '231000'),
('230225', '甘南县', 3, '230000', '230200'),
('230227', '富裕县', 3, '230000', '230200'),
('230711', '乌马河区', 3, '230000', '230700'),
('230716', '上甘岭区', 3, '230000', '230700'),
('231225', '明水县', 3, '230000', '231200'),
('230828', '汤原县', 3, '230000', '230800'),
('231025', '林口县', 3, '230000', '231000'),
('230128', '通河县', 3, '230000', '230100'),
('230123', '依兰县', 3, '230000', '230100'),
('230129', '延寿县', 3, '230000', '230100'),
('230206', '富拉尔基区', 3, '230000', '230200'),
('230712', '汤旺河区', 3, '230000', '230700'),
('230706', '翠峦区', 3, '230000', '230700'),
('230623', '林甸县', 3, '230000', '230600'),
('230604', '让胡路区', 3, '230000', '230600'),
('230204', '铁锋区', 3, '230000', '230200'),
('230302', '鸡冠区', 3, '230000', '230300'),
('230303', '恒山区', 3, '230000', '230300'),
('230715', '红星区', 3, '230000', '230700'),
('230127', '木兰县', 3, '230000', '230100'),
('230602', '萨尔图区', 3, '230000', '230600'),
('230230', '克东县', 3, '230000', '230200'),
('230202', '龙沙区', 3, '230000', '230200'),
('230714', '乌伊岭区', 3, '230000', '230700'),
('230707', '新青区', 3, '230000', '230700'),
('230710', '五营区', 3, '230000', '230700'),
('231004', '爱民区', 3, '230000', '231000'),
('230124', '方正县', 3, '230000', '230100'),
('230108', '平房区', 3, '230000', '230100'),
('230603', '龙凤区', 3, '230000', '230600'),
('230605', '红岗区', 3, '230000', '230600'),
('230208', '梅里斯达斡尔族区', 3, '230000', '230200'),
('230306', '城子河区', 3, '230000', '230300'),
('230781', '铁力市', 3, '230000', '230700'),
('230205', '昂昂溪区', 3, '230000', '230200'),
('230203', '建华区', 3, '230000', '230200'),
('230304', '滴道区', 3, '230000', '230300'),
('230305', '梨树区', 3, '230000', '230300'),
('230109', '松北区', 3, '230000', '230100'),
('230207', '碾子山区', 3, '230000', '230200'),
('230702', '伊春区', 3, '230000', '230700'),
('230705', '西林区', 3, '230000', '230700'),
('230709', '金山屯区', 3, '230000', '230700'),
('230307', '麻山区', 3, '230000', '230300'),
('231102', '爱辉区', 3, '230000', '231100'),
('231124', '孙吴县', 3, '230000', '231100'),
('231123', '逊克县', 3, '230000', '231100'),
('230722', '嘉荫县', 3, '230000', '230700'),
('230421', '萝北县', 3, '230000', '230400'),
('230422', '绥滨县', 3, '230000', '230400'),
('230883', '抚远市', 3, '230000', '230800'),
('230524', '饶河县', 3, '230000', '230500'),
('231081', '绥芬河市', 3, '230000', '231000'),
('231005', '西安区', 3, '230000', '231000'),
('231083', '海林市', 3, '230000', '231000'),
('230381', '虎林市', 3, '230000', '230300'),
('230382', '密山市', 3, '230000', '230300'),
('230903', '桃山区', 3, '230000', '230900'),
('230904', '茄子河区', 3, '230000', '230900'),
('230523', '宝清县', 3, '230000', '230500'),
('230881', '同江市', 3, '230000', '230800'),
('230803', '向阳区', 3, '230000', '230800'),
('230804', '前进区', 3, '230000', '230800'),
('230805', '东风区', 3, '230000', '230800'),
('230405', '兴安区', 3, '230000', '230400'),
('230403', '工农区', 3, '230000', '230400'),
('230404', '南山区', 3, '230000', '230400'),
('230402', '向阳区', 3, '230000', '230400'),
('230407', '兴山区', 3, '230000', '230400'),
('230406', '东山区', 3, '230000', '230400'),
('231182', '五大连池市', 3, '230000', '231100'),
('231181', '北安市', 3, '230000', '231100'),
('231085', '穆棱市', 3, '230000', '231000'),
('230811', '郊区', 3, '230000', '230800'),
('230921', '勃利县', 3, '230000', '230900'),
('230902', '新兴区', 3, '230000', '230900'),
('232723', '漠河县', 3, '230000', '232700'),
('232701', '加格达奇区', 3, '230000', '232700'),
('231121', '嫩江县', 3, '230000', '231100'),
('232722', '塔河县', 3, '230000', '232700'),
('232721', '呼玛县', 3, '230000', '232700'),
('230113', '双城区', 3, '230000', '230100'),
('230224', '泰来县', 3, '230000', '230200'),
('230624', '杜尔伯特蒙古族自治县', 3, '230000', '230600'),
('230622', '肇源县', 3, '230000', '230600'),
('230882', '富锦市', 3, '230000', '230800'),
('230826', '桦川县', 3, '230000', '230800'),
('230502', '尖山区', 3, '230000', '230500'),
('230822', '桦南县', 3, '230000', '230800'),
('230503', '岭东区', 3, '230000', '230500'),
('230505', '四方台区', 3, '230000', '230500'),
('230521', '集贤县', 3, '230000', '230500'),
('230522', '友谊县', 3, '230000', '230500'),
('230506', '宝山区', 3, '230000', '230500'),
('231086', '东宁市', 3, '230000', '231000'),
('230321', '鸡东县', 3, '230000', '230300'),
('231003', '阳明区', 3, '230000', '231000'),
('231002', '东安区', 3, '230000', '231000');
insert into dims_tm_areaCodeConfig (CODE, NAME, REGIONTYPE, PROVINCECODE, PREFECTURECODE) values
('420000', '湖北省', 1, null, null),
('421100', '黄冈市', 2, '420000', null),
('420300', '十堰市', 2, '420000', null),
('421000', '荆州市', 2, '420000', null),
('420800', '荆门市', 2, '420000', null),
('421300', '随州市', 2, '420000', null),
('429004', '仙桃市', 2, '420000', null),
('429005', '潜江市', 2, '420000', null),
('420200', '黄石市', 2, '420000', null),
('422800', '恩施土家族苗族自治州', 2, '420000', null),
('420900', '孝感市', 2, '420000', null),
('420700', '鄂州市', 2, '420000', null),
('420500', '宜昌市', 2, '420000', null),
('420100', '武汉市', 2, '420000', null),
('421200', '咸宁市', 2, '420000', null),
('420600', '襄阳市', 2, '420000', null),
('429021', '神农架林区', 2, '420000', null),
('429006', '天门市', 2, '420000', null),
('421181', '麻城市', 3, '420000', '421100'),
('420325', '房县', 3, '420000', '420300'),
('421023', '监利县', 3, '420000', '421000'),
('420381', '丹江口市', 3, '420000', '420300'),
('420304', '郧阳区', 3, '420000', '420300'),
('420821', '京山市', 3, '420000', '420800'),
('421321', '随县', 3, '420000', '421300'),
('429004', '仙桃市', 3, '420000', '429004'),
('429005', '潜江市', 3, '420000', '429005'),
('421381', '广水市', 3, '420000', '421300'),
('420222', '阳新县', 3, '420000', '420200'),
('420881', '钟祥市', 3, '420000', '420800'),
('422801', '恩施市', 3, '420000', '422800'),
('420323', '竹山县', 3, '420000', '420300'),
('420922', '大悟县', 3, '420000', '420900'),
('420281', '大冶市', 3, '420000', '420200'),
('421126', '蕲春县', 3, '420000', '421100'),
('421125', '浠水县', 3, '420000', '421100'),
('420982', '安陆市', 3, '420000', '420900'),
('420981', '应城市', 3, '420000', '420900'),
('421022', '公安县', 3, '420000', '421000'),
('420322', '郧西县', 3, '420000', '420300'),
('421081', '石首市', 3, '420000', '421000'),
('422802', '利川市', 3, '420000', '422800'),
('420324', '竹溪县', 3, '420000', '420300'),
('420704', '鄂城区', 3, '420000', '420700'),
('420506', '夷陵区', 3, '420000', '420500'),
('420103', '江汉区', 3, '420000', '420100'),
('421122', '红安县', 3, '420000', '421100'),
('421124', '英山县', 3, '420000', '421100'),
('421123', '罗田县', 3, '420000', '421100'),
('420822', '沙洋县', 3, '420000', '420800'),
('421224', '通山县', 3, '420000', '421200'),
('421222', '通城县', 3, '420000', '421200'),
('421002', '沙市区', 3, '420000', '421000'),
('421303', '曾都区', 3, '420000', '421300'),
('422823', '巴东县', 3, '420000', '422800'),
('420527', '秭归县', 3, '420000', '420500'),
('421003', '荆州区', 3, '420000', '421000'),
('420112', '东西湖区', 3, '420000', '420100'),
('422826', '咸丰县', 3, '420000', '422800'),
('420528', '长阳土家族自治县', 3, '420000', '420500'),
('420626', '保康县', 3, '420000', '420600'),
('420682', '老河口市', 3, '420000', '420600'),
('421121', '团风县', 3, '420000', '421100'),
('420582', '当阳市', 3, '420000', '420500'),
('420581', '宜都市', 3, '420000', '420500'),
('420104', '硚口区', 3, '420000', '420100'),
('422822', '建始县', 3, '420000', '422800'),
('421102', '黄州区', 3, '420000', '421100'),
('420802', '东宝区', 3, '420000', '420800'),
('420303', '张湾区', 3, '420000', '420300'),
('420502', '西陵区', 3, '420000', '420500'),
('421024', '江陵县', 3, '420000', '421000'),
('420583', '枝江市', 3, '420000', '420500'),
('422825', '宣恩县', 3, '420000', '422800'),
('420302', '茅箭区', 3, '420000', '420300'),
('429021', '神农架林区', 3, '420000', '429021'),
('420526', '兴山县', 3, '420000', '420500'),
('422827', '来凤县', 3, '420000', '422800'),
('420525', '远安县', 3, '420000', '420500'),
('420702', '梁子湖区', 3, '420000', '420700'),
('420504', '点军区', 3, '420000', '420500'),
('420503', '伍家岗区', 3, '420000', '420500'),
('420804', '掇刀区', 3, '420000', '420800'),
('420113', '汉南区', 3, '420000', '420100'),
('420204', '下陆区', 3, '420000', '420200'),
('420505', '猇亭区', 3, '420000', '420500'),
('420202', '黄石港区', 3, '420000', '420200'),
('420203', '西塞山区', 3, '420000', '420200'),
('420205', '铁山区', 3, '420000', '420200'),
('421182', '武穴市', 3, '420000', '421100'),
('421127', '黄梅县', 3, '420000', '421100'),
('420111', '洪山区', 3, '420000', '420100'),
('420703', '华容区', 3, '420000', '420700'),
('420117', '新洲区', 3, '420000', '420100'),
('420102', '江岸区', 3, '420000', '420100'),
('420114', '蔡甸区', 3, '420000', '420100'),
('420105', '汉阳区', 3, '420000', '420100'),
('420106', '武昌区', 3, '420000', '420100'),
('420107', '青山区', 3, '420000', '420100'),
('420115', '江夏区', 3, '420000', '420100'),
('422828', '鹤峰县', 3, '420000', '422800'),
('420529', '五峰土家族自治县', 3, '420000', '420500'),
('421087', '松滋市', 3, '420000', '421000'),
('420602', '襄城区', 3, '420000', '420600'),
('420606', '樊城区', 3, '420000', '420600'),
('420625', '谷城县', 3, '420000', '420600'),
('420624', '南漳县', 3, '420000', '420600'),
('420684', '宜城市', 3, '420000', '420600'),
('420607', '襄州区', 3, '420000', '420600'),
('420683', '枣阳市', 3, '420000', '420600'),
('421221', '嘉鱼县', 3, '420000', '421200'),
('421083', '洪湖市', 3, '420000', '421000'),
('421202', '咸安区', 3, '420000', '421200'),
('420923', '云梦县', 3, '420000', '420900'),
('420984', '汉川市', 3, '420000', '420900'),
('429006', '天门市', 3, '420000', '429006'),
('420116', '黄陂区', 3, '420000', '420100'),
('420902', '孝南区', 3, '420000', '420900'),
('420921', '孝昌县', 3, '420000', '420900'),
('421281', '赤壁市', 3, '420000', '421200'),
('421223', '崇阳县', 3, '420000', '421200');
insert into dims_tm_areaCodeConfig (CODE, NAME, REGIONTYPE, PROVINCECODE, PREFECTURECODE) values
('430000', '湖南省', 1, null, null),
('430100', '长沙市', 2, '430000', null),
('431200', '怀化市', 2, '430000', null),
('430600', '岳阳市', 2, '430000', null),
('430200', '株洲市', 2, '430000', null),
('430300', '湘潭市', 2, '430000', null),
('433100', '湘西土家族苗族自治州', 2, '430000', null),
('431300', '娄底市', 2, '430000', null),
('430400', '衡阳市', 2, '430000', null),
('430800', '张家界市', 2, '430000', null),
('430500', '邵阳市', 2, '430000', null),
('430900', '益阳市', 2, '430000', null),
('431000', '郴州市', 2, '430000', null),
('430700', '常德市', 2, '430000', null),
('431100', '永州市', 2, '430000', null),
('430181', '浏阳市', 3, '430000', '430100'),
('431281', '洪江市', 3, '430000', '431200'),
('430626', '平江县', 3, '430000', '430600'),
('430281', '醴陵市', 3, '430000', '430200'),
('430381', '湘乡市', 3, '430000', '430300'),
('430602', '岳阳楼区', 3, '430000', '430600'),
('433130', '龙山县', 3, '430000', '433100'),
('431225', '会同县', 3, '430000', '431200'),
('431228', '芷江侗族自治县', 3, '430000', '431200'),
('430321', '湘潭县', 3, '430000', '430300'),
('433125', '保靖县', 3, '430000', '433100'),
('431221', '中方县', 3, '430000', '431200'),
('430623', '华容县', 3, '430000', '430600'),
('431381', '冷水江市', 3, '430000', '431300'),
('433124', '花垣县', 3, '430000', '433100'),
('430423', '衡山县', 3, '430000', '430400'),
('430405', '珠晖区', 3, '430000', '430400'),
('431229', '靖州苗族侗族自治县', 3, '430000', '431200'),
('431227', '新晃侗族自治县', 3, '430000', '431200'),
('430221', '株洲县', 3, '430000', '430200'),
('431202', '鹤城区', 3, '430000', '431200'),
('430407', '石鼓区', 3, '430000', '430400'),
('430203', '芦淞区', 3, '430000', '430200'),
('430204', '石峰区', 3, '430000', '430200'),
('430406', '雁峰区', 3, '430000', '430400'),
('430202', '荷塘区', 3, '430000', '430200'),
('430211', '天元区', 3, '430000', '430200'),
('430408', '蒸湘区', 3, '430000', '430400'),
('430611', '君山区', 3, '430000', '430600'),
('430603', '云溪区', 3, '430000', '430600'),
('430412', '南岳区', 3, '430000', '430400'),
('430382', '韶山市', 3, '430000', '430300'),
('430811', '武陵源区', 3, '430000', '430800'),
('430511', '北塔区', 3, '430000', '430500'),
('431230', '通道侗族自治县', 3, '430000', '431200'),
('430521', '邵东县', 3, '430000', '430500'),
('430421', '衡阳县', 3, '430000', '430400'),
('431321', '双峰县', 3, '430000', '431300'),
('430522', '新邵县', 3, '430000', '430500'),
('430502', '双清区', 3, '430000', '430500'),
('430503', '大祥区', 3, '430000', '430500'),
('430581', '武冈市', 3, '430000', '430500'),
('430524', '隆回县', 3, '430000', '430500'),
('430525', '洞口县', 3, '430000', '430500'),
('430527', '绥宁县', 3, '430000', '430500'),
('430529', '城步苗族自治县', 3, '430000', '430500'),
('430681', '汨罗市', 3, '430000', '430600'),
('430302', '雨湖区', 3, '430000', '430300'),
('430304', '岳塘区', 3, '430000', '430300'),
('430111', '雨花区', 3, '430000', '430100'),
('431226', '麻阳苗族自治县', 3, '430000', '431200'),
('433101', '吉首市', 3, '430000', '433100'),
('433123', '凤凰县', 3, '430000', '433100'),
('430923', '安化县', 3, '430000', '430900'),
('431322', '新化县', 3, '430000', '431300'),
('431028', '安仁县', 3, '430000', '431000'),
('430424', '衡东县', 3, '430000', '430400'),
('430223', '攸县', 3, '430000', '430200'),
('430224', '茶陵县', 3, '430000', '430200'),
('431002', '北湖区', 3, '430000', '431000'),
('431003', '苏仙区', 3, '430000', '431000'),
('431025', '临武县', 3, '430000', '431000'),
('430703', '鼎城区', 3, '430000', '430700'),
('430781', '津市市', 3, '430000', '430700'),
('430721', '安乡县', 3, '430000', '430700'),
('430702', '武陵区', 3, '430000', '430700'),
('430903', '赫山区', 3, '430000', '430900'),
('430182', '宁乡市', 3, '430000', '430100'),
('430922', '桃江县', 3, '430000', '430900'),
('431026', '汝城县', 3, '430000', '431000'),
('430726', '石门县', 3, '430000', '430700'),
('430821', '慈利县', 3, '430000', '430800'),
('430822', '桑植县', 3, '430000', '430800'),
('430723', '澧县', 3, '430000', '430700'),
('430724', '临澧县', 3, '430000', '430700'),
('430981', '沅江市', 3, '430000', '430900'),
('430902', '资阳区', 3, '430000', '430900'),
('430722', '汉寿县', 3, '430000', '430700'),
('430921', '南县', 3, '430000', '430900'),
('430621', '岳阳县', 3, '430000', '430600'),
('430624', '湘阴县', 3, '430000', '430600'),
('431222', '沅陵县', 3, '430000', '431200'),
('431223', '辰溪县', 3, '430000', '431200'),
('433126', '古丈县', 3, '430000', '433100'),
('433127', '永顺县', 3, '430000', '433100'),
('431224', '溆浦县', 3, '430000', '431200'),
('430725', '桃源县', 3, '430000', '430700'),
('430802', '永定区', 3, '430000', '430800'),
('433122', '泸溪县', 3, '430000', '433100'),
('431081', '资兴市', 3, '430000', '431000'),
('431022', '宜章县', 3, '430000', '431000'),
('431027', '桂东县', 3, '430000', '431000'),
('430225', '炎陵县', 3, '430000', '430200'),
('431121', '祁阳县', 3, '430000', '431100'),
('431103', '冷水滩区', 3, '430000', '431100'),
('431122', '东安县', 3, '430000', '431100'),
('431102', '零陵区', 3, '430000', '431100'),
('431123', '双牌县', 3, '430000', '431100'),
('431126', '宁远县', 3, '430000', '431100'),
('431128', '新田县', 3, '430000', '431100'),
('431127', '蓝山县', 3, '430000', '431100'),
('431124', '道县', 3, '430000', '431100'),
('431125', '江永县', 3, '430000', '431100'),
('430528', '新宁县', 3, '430000', '430500'),
('430523', '邵阳县', 3, '430000', '430500'),
('430426', '祁东县', 3, '430000', '430400'),
('431024', '嘉禾县', 3, '430000', '431000'),
('431129', '江华瑶族自治县', 3, '430000', '431100'),
('430481', '耒阳市', 3, '430000', '430400'),
('431023', '永兴县', 3, '430000', '431000'),
('431021', '桂阳县', 3, '430000', '431000'),
('430482', '常宁市', 3, '430000', '430400'),
('430422', '衡南县', 3, '430000', '430400'),
('430682', '临湘市', 3, '430000', '430600'),
('431302', '娄星区', 3, '430000', '431300'),
('431382', '涟源市', 3, '430000', '431300'),
('430105', '开福区', 3, '430000', '430100'),
('430103', '天心区', 3, '430000', '430100'),
('430104', '岳麓区', 3, '430000', '430100'),
('430112', '望城区', 3, '430000', '430100'),
('430121', '长沙县', 3, '430000', '430100'),
('430102', '芙蓉区', 3, '430000', '430100');
insert into dims_tm_areaCodeConfig (CODE, NAME, REGIONTYPE, PROVINCECODE, PREFECTURECODE) values
('220000', '吉林省', 1, null, null),
('220300', '四平市', 2, '220000', null),
('220100', '长春市', 2, '220000', null),
('220500', '通化市', 2, '220000', null),
('220200', '吉林市', 2, '220000', null),
('222400', '延边朝鲜族自治州', 2, '220000', null),
('220400', '辽源市', 2, '220000', null),
('220600', '白山市', 2, '220000', null),
('220800', '白城市', 2, '220000', null),
('220700', '松原市', 2, '220000', null),
('220381', '公主岭市', 3, '220000', '220300'),
('220182', '榆树市', 3, '220000', '220100'),
('220581', '梅河口市', 3, '220000', '220500'),
('220322', '梨树县', 3, '220000', '220300'),
('220122', '农安县', 3, '220000', '220100'),
('220202', '昌邑区', 3, '220000', '220200'),
('220382', '双辽市', 3, '220000', '220300'),
('220203', '龙潭区', 3, '220000', '220200'),
('222403', '敦化市', 3, '220000', '222400'),
('220102', '南关区', 3, '220000', '220100'),
('220283', '舒兰市', 3, '220000', '220200'),
('220284', '磐石市', 3, '220000', '220200'),
('220183', '德惠市', 3, '220000', '220100'),
('220521', '通化县', 3, '220000', '220500'),
('220281', '蛟河市', 3, '220000', '220200'),
('220204', '船营区', 3, '220000', '220200'),
('220113', '九台区', 3, '220000', '220100'),
('220103', '宽城区', 3, '220000', '220100'),
('220323', '伊通满族自治县', 3, '220000', '220300'),
('220282', '桦甸市', 3, '220000', '220200'),
('220524', '柳河县', 3, '220000', '220500'),
('222424', '汪清县', 3, '220000', '222400'),
('220105', '二道区', 3, '220000', '220100'),
('220421', '东丰县', 3, '220000', '220400'),
('220303', '铁东区', 3, '220000', '220300'),
('220422', '东辽县', 3, '220000', '220400'),
('220104', '朝阳区', 3, '220000', '220100'),
('220402', '龙山区', 3, '220000', '220400'),
('220211', '丰满区', 3, '220000', '220200'),
('220523', '辉南县', 3, '220000', '220500'),
('220221', '永吉县', 3, '220000', '220200'),
('220106', '绿园区', 3, '220000', '220100'),
('222401', '延吉市', 3, '220000', '222400'),
('220502', '东昌区', 3, '220000', '220500'),
('220605', '江源区', 3, '220000', '220600'),
('220622', '靖宇县', 3, '220000', '220600'),
('220112', '双阳区', 3, '220000', '220100'),
('220302', '铁西区', 3, '220000', '220300'),
('220403', '西安区', 3, '220000', '220400'),
('220503', '二道江区', 3, '220000', '220500'),
('222404', '珲春市', 3, '220000', '222400'),
('222402', '图们市', 3, '220000', '222400'),
('222406', '和龙市', 3, '220000', '222400'),
('222426', '安图县', 3, '220000', '222400'),
('220621', '抚松县', 3, '220000', '220600'),
('220623', '长白朝鲜族自治县', 3, '220000', '220600'),
('220681', '临江市', 3, '220000', '220600'),
('220602', '浑江区', 3, '220000', '220600'),
('220881', '洮南市', 3, '220000', '220800'),
('220582', '集安市', 3, '220000', '220500'),
('220702', '宁江区', 3, '220000', '220700'),
('220781', '扶余市', 3, '220000', '220700'),
('220723', '乾安县', 3, '220000', '220700'),
('220822', '通榆县', 3, '220000', '220800'),
('220722', '长岭县', 3, '220000', '220700'),
('220721', '前郭尔罗斯蒙古族自治县', 3, '220000', '220700'),
('220821', '镇赉县', 3, '220000', '220800'),
('220802', '洮北区', 3, '220000', '220800'),
('220882', '大安市', 3, '220000', '220800'),
('222405', '龙井市', 3, '220000', '222400');
insert into dims_tm_areaCodeConfig (CODE, NAME, REGIONTYPE, PROVINCECODE, PREFECTURECODE) values
('320000', '江苏省', 1, null, null),
('320400', '常州市', 2, '320000', null),
('320800', '淮安市', 2, '320000', null),
('320700', '连云港市', 2, '320000', null),
('320100', '南京市', 2, '320000', null),
('320600', '南通市', 2, '320000', null),
('320500', '苏州市', 2, '320000', null),
('321200', '泰州市', 2, '320000', null),
('320200', '无锡市', 2, '320000', null),
('321300', '宿迁市', 2, '320000', null),
('320300', '徐州市', 2, '320000', null),
('320900', '盐城市', 2, '320000', null),
('321000', '扬州市', 2, '320000', null),
('321100', '镇江市', 2, '320000', null),
('320401', '常州市区', 3, '320000', '320400'),
('320481', '溧阳市', 3, '320000', '320400'),
('320411', '新北区', 3, '320000', '320400'),
('320413', '金坛区', 3, '320000', '320400'),
('320402', '天宁区', 3, '320000', '320400'),
('320404', '钟楼区', 3, '320000', '320400'),
('320412', '武进区', 3, '320000', '320400'),
('320801', '淮安市区', 3, '320000', '320800'),
('320803', '淮安区', 3, '320000', '320800'),
('320812', '清江浦区', 3, '320000', '320800'),
('320830', '盱眙县', 3, '320000', '320800'),
('320804', '淮阴区', 3, '320000', '320800'),
('320826', '涟水县', 3, '320000', '320800'),
('320831', '金湖县', 3, '320000', '320800'),
('320813', '洪泽区', 3, '320000', '320800'),
('320701', '连云港市区', 3, '320000', '320700'),
('320706', '海州区', 3, '320000', '320700'),
('320724', '灌南县', 3, '320000', '320700'),
('320723', '灌云县', 3, '320000', '320700'),
('320703', '连云区', 3, '320000', '320700'),
('320707', '赣榆区', 3, '320000', '320700'),
('320722', '东海县', 3, '320000', '320700'),
('320101', '南京市区', 3, '320000', '320100'),
('320102', '玄武区', 3, '320000', '320100'),
('320104', '秦淮区', 3, '320000', '320100'),
('320105', '建邺区', 3, '320000', '320100'),
('320106', '鼓楼区', 3, '320000', '320100'),
('320111', '浦口区', 3, '320000', '320100'),
('320113', '栖霞区', 3, '320000', '320100'),
('320114', '雨花台区', 3, '320000', '320100'),
('320115', '江宁区', 3, '320000', '320100'),
('320116', '六合区', 3, '320000', '320100'),
('320117', '溧水区', 3, '320000', '320100'),
('320118', '高淳区', 3, '320000', '320100'),
('320601', '南通市区', 3, '320000', '320600'),
('320602', '崇川区', 3, '320000', '320600'),
('320682', '如皋市', 3, '320000', '320600'),
('320611', '港闸区', 3, '320000', '320600'),
('320612', '通州区', 3, '320000', '320600'),
('320681', '启东市', 3, '320000', '320600'),
('320684', '海门市', 3, '320000', '320600'),
('320623', '如东县', 3, '320000', '320600'),
('320621', '海安市', 3, '320000', '320600'),
('320501', '苏州市区', 3, '320000', '320500'),
('320582', '张家港市', 3, '320000', '320500'),
('320508', '姑苏区', 3, '320000', '320500'),
('320585', '太仓市', 3, '320000', '320500'),
('320581', '常熟市', 3, '320000', '320500'),
('320507', '相城区', 3, '320000', '320500'),
('320509', '吴江区', 3, '320000', '320500'),
('320505', '虎丘区', 3, '320000', '320500'),
('320506', '吴中区', 3, '320000', '320500'),
('320583', '昆山市', 3, '320000', '320500'),
('321201', '泰州市区', 3, '320000', '321200'),
('321281', '兴化市', 3, '320000', '321200'),
('321283', '泰兴市', 3, '320000', '321200'),
('321282', '靖江市', 3, '320000', '321200'),
('321202', '海陵区', 3, '320000', '321200'),
('321203', '高港区', 3, '320000', '321200'),
('321204', '姜堰区', 3, '320000', '321200'),
('320201', '无锡市区', 3, '320000', '320100'),
('320205', '江阴市', 3, '320000', '320200'),
('320206', '梁溪区', 3, '320000', '320200'),
('320211', '滨湖区', 3, '320000', '320200'),
('320213', '惠山区', 3, '320000', '320200'),
('320214', '锡山区', 3, '320000', '320200'),
('320281', '新吴区', 3, '320000', '320200'),
('320282', '宜兴市', 3, '320000', '320200'),
('321301', '宿迁市区', 3, '320000', '321300'),
('321322', '沭阳县', 3, '320000', '321300'),
('321324', '泗洪县', 3, '320000', '321300'),
('321302', '宿城区', 3, '320000', '321300'),
('321323', '泗阳县', 3, '320000', '321300'),
('321311', '宿豫区', 3, '320000', '321300'),
('320301', '徐州市区', 3, '320000', '320300'),
('320382', '邳州市', 3, '320000', '320300'),
('320322', '沛县', 3, '320000', '320300'),
('320381', '新沂市', 3, '320000', '320300'),
('320324', '睢宁县', 3, '320000', '320300'),
('320321', '丰县', 3, '320000', '320300'),
('320311', '泉山区', 3, '320000', '320300'),
('320305', '贾汪区', 3, '320000', '320300'),
('320303', '云龙区', 3, '320000', '320300'),
('320302', '鼓楼区', 3, '320000', '320300'),
('320312', '铜山区', 3, '320000', '320300'),
('320901', '盐城市区', 3, '320000', '320900'),
('320923', '阜宁县', 3, '320000', '320900'),
('320925', '建湖县', 3, '320000', '320900'),
('320921', '响水县', 3, '320000', '320900'),
('320922', '滨海县', 3, '320000', '320900'),
('320904', '大丰区', 3, '320000', '320900'),
('320924', '射阳县', 3, '320000', '320900'),
('320903', '盐都区', 3, '320000', '320900'),
('320902', '亭湖区', 3, '320000', '320900'),
('320981', '东台市', 3, '320000', '320900'),
('321001', '扬州市区', 3, '320000', '321000'),
('321003', '邗江区', 3, '320000', '321000'),
('321084', '高邮市', 3, '320000', '321000'),
('321023', '宝应县', 3, '320000', '321000'),
('321002', '广陵区', 3, '320000', '321000'),
('321081', '仪征市', 3, '320000', '321000'),
('321012', '江都区', 3, '320000', '321000'),
('321101', '镇江市区', 3, '320000', '321100'),
('321183', '句容市', 3, '320000', '321100'),
('321102', '京口区', 3, '320000', '321100'),
('321181', '丹阳市', 3, '320000', '321100'),
('321112', '丹徒区', 3, '320000', '321100'),
('321111', '润州区', 3, '320000', '321100'),
('321182', '扬中市', 3, '320000', '321100');
insert into dims_tm_areaCodeConfig (CODE, NAME, REGIONTYPE, PROVINCECODE, PREFECTURECODE) values
('360000', '江西省', 1, null, null),
('360400', '九江市', 2, '360000', null),
('361000', '抚州市', 2, '360000', null),
('360900', '宜春市', 2, '360000', null),
('361100', '上饶市', 2, '360000', null),
('360600', '鹰潭市', 2, '360000', null),
('360700', '赣州市', 2, '360000', null),
('360800', '吉安市', 2, '360000', null),
('360100', '南昌市', 2, '360000', null),
('360500', '新余市', 2, '360000', null),
('360200', '景德镇市', 2, '360000', null),
('360300', '萍乡市', 2, '360000', null),
('360424', '修水县', 3, '360000', '360400'),
('361002', '临川区', 3, '360000', '361000'),
('360981', '丰城市', 3, '360000', '360900'),
('360902', '袁州区', 3, '360000', '360900'),
('361128', '鄱阳县', 3, '360000', '361100'),
('360681', '贵溪市', 3, '360000', '360600'),
('360732', '兴国县', 3, '360000', '360700'),
('360730', '宁都县', 3, '360000', '360700'),
('360731', '于都县', 3, '360000', '360700'),
('360830', '永新县', 3, '360000', '360800'),
('360827', '遂川县', 3, '360000', '360800'),
('360428', '都昌县', 3, '360000', '360400'),
('360983', '高安市', 3, '360000', '360900'),
('361121', '广信区', 3, '360000', '361100'),
('360826', '泰和县', 3, '360000', '360800'),
('361127', '余干县', 3, '360000', '361100'),
('361103', '广丰区', 3, '360000', '361100'),
('360825', '永丰县', 3, '360000', '360800'),
('360821', '吉安县', 3, '360000', '360800'),
('360703', '南康区', 3, '360000', '360700'),
('360121', '南昌县', 3, '360000', '360100'),
('360502', '渝水区', 3, '360000', '360500'),
('360982', '樟树市', 3, '360000', '360900'),
('360124', '进贤县', 3, '360000', '360100'),
('360733', '会昌县', 3, '360000', '360700'),
('360704', '赣县区', 3, '360000', '360700'),
('360829', '安福县', 3, '360000', '360800'),
('360281', '乐平市', 3, '360000', '360200'),
('360425', '永修县', 3, '360000', '360400'),
('360423', '武宁县', 3, '360000', '360400'),
('360881', '井冈山市', 3, '360000', '360800'),
('360726', '安远县', 3, '360000', '360700'),
('360781', '瑞金市', 3, '360000', '360700'),
('361123', '玉山县', 3, '360000', '361100'),
('360922', '万载县', 3, '360000', '360900'),
('360822', '吉水县', 3, '360000', '360800'),
('361003', '东乡区', 3, '360000', '361000'),
('360828', '万安县', 3, '360000', '360800'),
('361124', '铅山县', 3, '360000', '361100'),
('360924', '宜丰县', 3, '360000', '360900'),
('361130', '婺源县', 3, '360000', '361100'),
('360727', '龙南县', 3, '360000', '360700'),
('361126', '弋阳县', 3, '360000', '361100'),
('360921', '奉新县', 3, '360000', '360900'),
('360722', '信丰县', 3, '360000', '360700'),
('361024', '崇仁县', 3, '360000', '361000'),
('360702', '章贡区', 3, '360000', '360700'),
('360430', '彭泽县', 3, '360000', '360400'),
('360622', '余江区', 3, '360000', '360600'),
('361022', '黎川县', 3, '360000', '361000'),
('360724', '上犹县', 3, '360000', '360700'),
('361025', '乐安县', 3, '360000', '361000'),
('360734', '寻乌县', 3, '360000', '360700'),
('360824', '新干县', 3, '360000', '360800'),
('360111', '青山湖区', 3, '360000', '360100'),
('360923', '上高县', 3, '360000', '360900'),
('361026', '宜黄县', 3, '360000', '361000'),
('361023', '南丰县', 3, '360000', '361000'),
('361027', '金溪县', 3, '360000', '361000'),
('360321', '莲花县', 3, '360000', '360300'),
('361030', '广昌县', 3, '360000', '361000'),
('360723', '大余县', 3, '360000', '360700'),
('360823', '峡江县', 3, '360000', '360800'),
('360802', '吉州区', 3, '360000', '360800'),
('361181', '德兴市', 3, '360000', '361100'),
('360925', '靖安县', 3, '360000', '360900'),
('361021', '南城县', 3, '360000', '361000'),
('361129', '万年县', 3, '360000', '361100'),
('360102', '东湖区', 3, '360000', '360100'),
('360313', '湘东区', 3, '360000', '360300'),
('360103', '西湖区', 3, '360000', '360100'),
('360729', '全南县', 3, '360000', '360700'),
('360302', '安源区', 3, '360000', '360300'),
('361125', '横峰县', 3, '360000', '361100'),
('360926', '铜鼓县', 3, '360000', '360900'),
('360735', '石城县', 3, '360000', '360700'),
('360323', '芦溪县', 3, '360000', '360300'),
('360521', '分宜县', 3, '360000', '360500'),
('360123', '安义县', 3, '360000', '360100'),
('360803', '青原区', 3, '360000', '360800'),
('360322', '上栗县', 3, '360000', '360300'),
('361102', '信州区', 3, '360000', '361100'),
('360728', '定南县', 3, '360000', '360700'),
('360602', '月湖区', 3, '360000', '360600'),
('360104', '青云谱区', 3, '360000', '360100'),
('361028', '资溪县', 3, '360000', '361000'),
('360105', '湾里区', 3, '360000', '360100'),
('360482', '共青城市', 3, '360000', '360400'),
('360203', '珠山区', 3, '360000', '360200'),
('360222', '浮梁县', 3, '360000', '360200'),
('360202', '昌江区', 3, '360000', '360200'),
('360403', '浔阳区', 3, '360000', '360400'),
('360404', '柴桑区', 3, '360000', '360400'),
('360481', '瑞昌市', 3, '360000', '360400'),
('360429', '湖口县', 3, '360000', '360400'),
('360426', '德安县', 3, '360000', '360400'),
('360112', '新建区', 3, '360000', '360100'),
('360402', '濂溪区', 3, '360000', '360400'),
('360483', '庐山市', 3, '360000', '360400'),
('360725', '崇义县', 3, '360000', '360700');
insert into dims_tm_areaCodeConfig (CODE, NAME, REGIONTYPE, PROVINCECODE, PREFECTURECODE) values
('210000', '辽宁省', 1, null, null),
('210900', '阜新市', 2, '210000', null),
('211300', '朝阳市', 2, '210000', null),
('211400', '葫芦岛市', 2, '210000', null),
('210300', '鞍山市', 2, '210000', null),
('210700', '锦州市', 2, '210000', null),
('211200', '铁岭市', 2, '210000', null),
('210600', '丹东市', 2, '210000', null),
('210800', '营口市', 2, '210000', null),
('210400', '抚顺市', 2, '210000', null),
('210500', '本溪市', 2, '210000', null),
('211000', '辽阳市', 2, '210000', null),
('210200', '大连市', 2, '210000', null),
('210100', '沈阳市', 2, '210000', null),
('211100', '盘锦市', 2, '210000', null),
('210921', '阜新蒙古族自治县', 3, '210000', '210900'),
('211381', '北票市', 3, '210000', '211300'),
('211322', '建平县', 3, '210000', '211300'),
('211382', '凌源市', 3, '210000', '211300'),
('211422', '建昌县', 3, '210000', '211400'),
('211321', '朝阳县', 3, '210000', '211300'),
('210323', '岫岩满族自治县', 3, '210000', '210300'),
('211324', '喀喇沁左翼蒙古族自治县', 3, '210000', '211300'),
('210726', '黑山县', 3, '210000', '210700'),
('211282', '开原市', 3, '210000', '211200'),
('210682', '凤城市', 3, '210000', '210600'),
('211402', '连山区', 3, '210000', '211400'),
('210782', '北镇市', 3, '210000', '210700'),
('210727', '义县', 3, '210000', '210700'),
('211223', '西丰县', 3, '210000', '211200'),
('210882', '大石桥市', 3, '210000', '210800'),
('211404', '南票区', 3, '210000', '211400'),
('210422', '新宾满族自治县', 3, '210000', '210400'),
('210321', '台安县', 3, '210000', '210300'),
('211302', '双塔区', 3, '210000', '211300'),
('210423', '清原满族自治县', 3, '210000', '210400'),
('211221', '铁岭县', 3, '210000', '211200'),
('210522', '桓仁满族自治县', 3, '210000', '210500'),
('210521', '本溪满族自治县', 3, '210000', '210500'),
('211303', '龙城区', 3, '210000', '211300'),
('210402', '新抚区', 3, '210000', '210400'),
('210703', '凌河区', 3, '210000', '210700'),
('210403', '东洲区', 3, '210000', '210400'),
('210902', '海州区', 3, '210000', '210900'),
('210503', '溪湖区', 3, '210000', '210500'),
('210702', '古塔区', 3, '210000', '210700'),
('211202', '银州区', 3, '210000', '211200'),
('210502', '平山区', 3, '210000', '210500'),
('210504', '明山区', 3, '210000', '210500'),
('210411', '顺城区', 3, '210000', '210400'),
('210911', '细河区', 3, '210000', '210900'),
('210802', '站前区', 3, '210000', '210800'),
('210904', '太平区', 3, '210000', '210900'),
('210905', '清河门区', 3, '210000', '210900'),
('210903', '新邱区', 3, '210000', '210900'),
('211281', '调兵山市', 3, '210000', '211200'),
('210505', '南芬区', 3, '210000', '210500'),
('211005', '弓长岭区', 3, '210000', '211000'),
('211204', '清河区', 3, '210000', '211200'),
('210811', '老边区', 3, '210000', '210800'),
('210602', '元宝区', 3, '210000', '210600'),
('210283', '庄河市', 3, '210000', '210200'),
('210224', '长海县', 3, '210000', '210200'),
('210213', '金州区', 3, '210000', '210200'),
('210281', '瓦房店市', 3, '210000', '210200'),
('210214', '普兰店区', 3, '210000', '210200'),
('210804', '鲅鱼圈区', 3, '210000', '210800'),
('210881', '盖州市', 3, '210000', '210800'),
('211481', '兴城市', 3, '210000', '211400'),
('210803', '西市区', 3, '210000', '210800'),
('210711', '太和区', 3, '210000', '210700'),
('211403', '龙港区', 3, '210000', '211400'),
('211421', '绥中县', 3, '210000', '211400'),
('210304', '立山区', 3, '210000', '210300'),
('210302', '铁东区', 3, '210000', '210300'),
('210381', '海城市', 3, '210000', '210300'),
('211004', '宏伟区', 3, '210000', '211000'),
('211002', '白塔区', 3, '210000', '211000'),
('211003', '文圣区', 3, '210000', '211000'),
('211081', '灯塔市', 3, '210000', '211000'),
('210781', '凌海市', 3, '210000', '210700'),
('210311', '千山区', 3, '210000', '210300'),
('210303', '铁西区', 3, '210000', '210300'),
('211011', '太子河区', 3, '210000', '211000'),
('211021', '辽阳县', 3, '210000', '211000'),
('210204', '沙河口区', 3, '210000', '210200'),
('210203', '西岗区', 3, '210000', '210200'),
('210202', '中山区', 3, '210000', '210200'),
('210421', '抚顺县', 3, '210000', '210400'),
('210404', '望花区', 3, '210000', '210400'),
('210115', '辽中区', 3, '210000', '210100'),
('210181', '新民市', 3, '210000', '210100'),
('210102', '和平区', 3, '210000', '210100'),
('210111', '苏家屯区', 3, '210000', '210100'),
('210106', '铁西区', 3, '210000', '210100'),
('210114', '于洪区', 3, '210000', '210100'),
('210212', '旅顺口区', 3, '210000', '210200'),
('210211', '甘井子区', 3, '210000', '210200'),
('211104', '大洼区', 3, '210000', '211100'),
('211102', '双台子区', 3, '210000', '211100'),
('211122', '盘山县', 3, '210000', '211100'),
('211103', '兴隆台区', 3, '210000', '211100'),
('210604', '振安区', 3, '210000', '210600'),
('210603', '振兴区', 3, '210000', '210600'),
('210681', '东港市', 3, '210000', '210600'),
('210624', '宽甸满族自治县', 3, '210000', '210600'),
('210104', '大东区', 3, '210000', '210100'),
('210113', '沈北新区', 3, '210000', '210100'),
('210112', '浑南区', 3, '210000', '210100'),
('210103', '沈河区', 3, '210000', '210100'),
('210105', '皇姑区', 3, '210000', '210100'),
('210123', '康平县', 3, '210000', '210100'),
('210124', '法库县', 3, '210000', '210100'),
('211224', '昌图县', 3, '210000', '211200'),
('210922', '彰武县', 3, '210000', '210900');
insert into dims_tm_areaCodeConfig (CODE, NAME, REGIONTYPE, PROVINCECODE, PREFECTURECODE) values
('150000', '内蒙古自治区', 1, null, null),
('150500', '通辽市', 2, '150000', null),
('150800', '巴彦淖尔市', 2, '150000', null),
('150400', '赤峰市', 2, '150000', null),
('150700', '呼伦贝尔市', 2, '150000', null),
('150100', '呼和浩特市', 2, '150000', null),
('150900', '乌兰察布市', 2, '150000', null),
('152500', '锡林郭勒盟', 2, '150000', null),
('150600', '鄂尔多斯市', 2, '150000', null),
('152200', '兴安盟', 2, '150000', null),
('150300', '乌海市', 2, '150000', null),
('150200', '包头市', 2, '150000', null),
('152900', '阿拉善盟', 2, '150000', null),
('150502', '科尔沁区', 3, '150000', '150500'),
('150802', '临河区', 3, '150000', '150800'),
('150404', '松山区', 3, '150000', '150400'),
('150521', '科尔沁左翼中旗', 3, '150000', '150500'),
('150430', '敖汉旗', 3, '150000', '150400'),
('150783', '扎兰屯市', 3, '150000', '150700'),
('150402', '红山区', 3, '150000', '150400'),
('150422', '巴林左旗', 3, '150000', '150400'),
('150426', '翁牛特旗', 3, '150000', '150400'),
('150525', '奈曼旗', 3, '150000', '150500'),
('150523', '开鲁县', 3, '150000', '150500'),
('150425', '克什克腾旗', 3, '150000', '150400'),
('150105', '赛罕区', 3, '150000', '150100'),
('150429', '宁城县', 3, '150000', '150400'),
('150782', '牙克石市', 3, '150000', '150700'),
('150421', '阿鲁科尔沁旗', 3, '150000', '150400'),
('150121', '土默特左旗', 3, '150000', '150100'),
('150981', '丰镇市', 3, '150000', '150900'),
('150927', '察哈尔右翼中旗', 3, '150000', '150900'),
('152502', '锡林浩特市', 3, '150000', '152500'),
('150403', '元宝山区', 3, '150000', '150400'),
('150902', '集宁区', 3, '150000', '150900'),
('150102', '新城区', 3, '150000', '150100'),
('150721', '阿荣旗', 3, '150000', '150700'),
('150722', '莫力达瓦达斡尔族自治旗', 3, '150000', '150700'),
('150826', '杭锦后旗', 3, '150000', '150800'),
('150622', '准格尔旗', 3, '150000', '150600'),
('150104', '玉泉区', 3, '150000', '150100'),
('150125', '武川县', 3, '150000', '150100'),
('150923', '商都县', 3, '150000', '150900'),
('150821', '五原县', 3, '150000', '150800'),
('150702', '海拉尔区', 3, '150000', '150700'),
('150926', '察哈尔右翼前旗', 3, '150000', '150900'),
('150925', '凉城县', 3, '150000', '150900'),
('152530', '正蓝旗', 3, '150000', '152500'),
('150822', '磴口县', 3, '150000', '150800'),
('150103', '回民区', 3, '150000', '150100'),
('150123', '和林格尔县', 3, '150000', '150100'),
('150424', '林西县', 3, '150000', '150400'),
('150423', '巴林右旗', 3, '150000', '150400'),
('150428', '喀喇沁旗', 3, '150000', '150400'),
('150724', '鄂温克族自治旗', 3, '150000', '150700'),
('150524', '库伦旗', 3, '150000', '150500'),
('152224', '突泉县', 3, '150000', '152200'),
('150302', '海勃湾区', 3, '150000', '150300'),
('150304', '乌达区', 3, '150000', '150300'),
('150921', '卓资县', 3, '150000', '150900'),
('150924', '兴和县', 3, '150000', '150900'),
('150928', '察哈尔右翼后旗', 3, '150000', '150900'),
('150624', '鄂托克旗', 3, '150000', '150600'),
('150625', '杭锦旗', 3, '150000', '150600'),
('150626', '乌审旗', 3, '150000', '150600'),
('152524', '苏尼特右旗', 3, '150000', '152500'),
('150124', '清水河县', 3, '150000', '150100'),
('152527', '太仆寺旗', 3, '150000', '152500'),
('150303', '海南区', 3, '150000', '150300'),
('150922', '化德县', 3, '150000', '150900'),
('150122', '托克托县', 3, '150000', '150100'),
('152531', '多伦县', 3, '150000', '152500'),
('152529', '正镶白旗', 3, '150000', '152500'),
('150623', '鄂托克前旗', 3, '150000', '150600'),
('152528', '镶黄旗', 3, '150000', '152500'),
('150206', '白云鄂博矿区', 3, '150000', '150200'),
('152923', '额济纳旗', 3, '150000', '152900'),
('152921', '阿拉善左旗', 3, '150000', '152900'),
('152922', '阿拉善右旗', 3, '150000', '152900'),
('150825', '乌拉特后旗', 3, '150000', '150800'),
('150824', '乌拉特中旗', 3, '150000', '150800'),
('150223', '达尔罕茂明安联合旗', 3, '150000', '150200'),
('150929', '四子王旗', 3, '150000', '150900'),
('152501', '二连浩特市', 3, '150000', '152500'),
('152523', '苏尼特左旗', 3, '150000', '152500'),
('152522', '阿巴嘎旗', 3, '150000', '152500'),
('152525', '东乌珠穆沁旗', 3, '150000', '152500'),
('152202', '阿尔山市', 3, '150000', '152200'),
('150703', '扎赉诺尔区', 3, '150000', '150700'),
('150781', '满洲里市', 3, '150000', '150700'),
('150725', '陈巴尔虎旗', 3, '150000', '150700'),
('152201', '乌兰浩特市', 3, '150000', '152200'),
('150202', '东河区', 3, '150000', '150200'),
('150205', '石拐区', 3, '150000', '150200'),
('150204', '青山区', 3, '150000', '150200'),
('150621', '达拉特旗', 3, '150000', '150600'),
('150823', '乌拉特前旗', 3, '150000', '150800'),
('150221', '土默特右旗', 3, '150000', '150200'),
('150222', '固阳县', 3, '150000', '150200'),
('150603', '康巴什区', 3, '150000', '150600'),
('150627', '伊金霍洛旗', 3, '150000', '150600'),
('150602', '东胜区', 3, '150000', '150600'),
('150727', '新巴尔虎右旗', 3, '150000', '150700'),
('150203', '昆都仑区', 3, '150000', '150200'),
('150207', '九原区', 3, '150000', '150200'),
('150726', '新巴尔虎左旗', 3, '150000', '150700'),
('150723', '鄂伦春自治旗', 3, '150000', '150700'),
('150785', '根河市', 3, '150000', '150700'),
('150522', '科尔沁左翼后旗', 3, '150000', '150500'),
('152223', '扎赉特旗', 3, '150000', '152200'),
('150581', '霍林郭勒市', 3, '150000', '150500'),
('152222', '科尔沁右翼中旗', 3, '150000', '152200'),
('152221', '科尔沁右翼前旗', 3, '150000', '152200'),
('152526', '西乌珠穆沁旗', 3, '150000', '152500'),
('150526', '扎鲁特旗', 3, '150000', '150500'),
('150784', '额尔古纳市', 3, '150000', '150700');
insert into dims_tm_areaCodeConfig (CODE, NAME, REGIONTYPE, PROVINCECODE, PREFECTURECODE) values
('640000', '宁夏回族自治区', 1, null, null),
('640500', '中卫市', 2, '640000', null),
('640400', '固原市', 2, '640000', null),
('640100', '银川市', 2, '640000', null),
('640200', '石嘴山市', 2, '640000', null),
('640300', '吴忠市', 2, '640000', null),
('640522', '海原县', 3, '640000', '640500'),
('640422', '西吉县', 3, '640000', '640400'),
('640104', '兴庆区', 3, '640000', '640100'),
('640423', '隆德县', 3, '640000', '640400'),
('640205', '惠农区', 3, '640000', '640200'),
('640221', '平罗县', 3, '640000', '640200'),
('640502', '沙坡头区', 3, '640000', '640500'),
('640521', '中宁县', 3, '640000', '640500'),
('640402', '原州区', 3, '640000', '640400'),
('640425', '彭阳县', 3, '640000', '640400'),
('640202', '大武口区', 3, '640000', '640200'),
('640181', '灵武市', 3, '640000', '640100'),
('640122', '贺兰县', 3, '640000', '640100'),
('640121', '永宁县', 3, '640000', '640100'),
('640424', '泾源县', 3, '640000', '640400'),
('640106', '金凤区', 3, '640000', '640100'),
('640302', '利通区', 3, '640000', '640300'),
('640303', '红寺堡区', 3, '640000', '640300'),
('640324', '同心县', 3, '640000', '640300'),
('640323', '盐池县', 3, '640000', '640300'),
('640381', '青铜峡市', 3, '640000', '640300'),
('640105', '西夏区', 3, '640000', '640100');
insert into dims_tm_areaCodeConfig (CODE, NAME, REGIONTYPE, PROVINCECODE, PREFECTURECODE) values
('630000', '青海省', 1, null, null),
('630200', '海东市', 2, '630000', null),
('630100', '西宁市', 2, '630000', null),
('632300', '黄南藏族自治州', 2, '630000', null),
('632800', '海西蒙古族藏族自治州', 2, '630000', null),
('632600', '果洛藏族自治州', 2, '630000', null),
('632700', '玉树藏族自治州', 2, '630000', null),
('632200', '海北藏族自治州', 2, '630000', null),
('632500', '海南藏族自治州', 2, '630000', null),
('630102', '城东区', 3, '630000', '630100'),
('632622', '班玛县', 3, '630000', '632600'),
('630203', '平安区', 3, '630000', '630200'),
('632822', '都兰县', 3, '630000', '632800'),
('632621', '玛沁县', 3, '630000', '632600'),
('632222', '祁连县', 3, '630000', '632200'),
('632525', '贵南县', 3, '630000', '632500'),
('632523', '贵德县', 3, '630000', '632500'),
('632524', '兴海县', 3, '630000', '632500'),
('632802', '德令哈市', 3, '630000', '632800'),
('632323', '泽库县', 3, '630000', '632300'),
('630104', '城西区', 3, '630000', '630100'),
('632623', '甘德县', 3, '630000', '632600'),
('632723', '称多县', 3, '630000', '632700'),
('632223', '海晏县', 3, '630000', '632200'),
('632522', '同德县', 3, '630000', '632500'),
('630103', '城中区', 3, '630000', '630100'),
('632625', '久治县', 3, '630000', '632600'),
('632821', '乌兰县', 3, '630000', '632800'),
('632324', '河南蒙古族自治县', 3, '630000', '632300'),
('630105', '城北区', 3, '630000', '630100'),
('632626', '玛多县', 3, '630000', '632600'),
('632857', '大柴旦行政委员会', 3, '630000', '632800'),
('632521', '共和县', 3, '630000', '632500'),
('632224', '刚察县', 3, '630000', '632200'),
('632722', '杂多县', 3, '630000', '632700'),
('632701', '玉树市', 3, '630000', '632700'),
('632726', '曲麻莱县', 3, '630000', '632700'),
('630202', '乐都区', 3, '630000', '630200'),
('630223', '互助土族自治县', 3, '630000', '630200'),
('632221', '门源回族自治县', 3, '630000', '632200'),
('632724', '治多县', 3, '630000', '632700'),
('632801', '格尔木市', 3, '630000', '632800'),
('632859', '茫崖行政委员会', 3, '630000', '632800'),
('632858', '冷湖行政委员会', 3, '630000', '632800'),
('630222', '民和回族土族自治县', 3, '630000', '630200'),
('630121', '大通回族土族自治县', 3, '630000', '630100'),
('630224', '化隆回族自治县', 3, '630000', '630200'),
('630122', '湟中县', 3, '630000', '630100'),
('632321', '同仁县', 3, '630000', '632300'),
('632823', '天峻县', 3, '630000', '632800'),
('632624', '达日县', 3, '630000', '632600'),
('632725', '囊谦县', 3, '630000', '632700'),
('630225', '循化撒拉族自治县', 3, '630000', '630200'),
('632322', '尖扎县', 3, '630000', '632300'),
('630123', '湟源县', 3, '630000', '630100');
insert into dims_tm_areaCodeConfig (CODE, NAME, REGIONTYPE, PROVINCECODE, PREFECTURECODE) values
('370000', '山东省', 1, null, null),
('371700', '菏泽市', 2, '370000', null),
('370400', '枣庄市', 2, '370000', null),
('370100', '济南市', 2, '370000', null),
('371100', '日照市', 2, '370000', null),
('370900', '泰安市', 2, '370000', null),
('370800', '济宁市', 2, '370000', null),
('371500', '聊城市', 2, '370000', null),
('371300', '临沂市', 2, '370000', null),
('371600', '滨州市', 2, '370000', null),
('371400', '德州市', 2, '370000', null),
('371200', '莱芜市', 2, '370000', null),
('370700', '潍坊市', 2, '370000', null),
('370300', '淄博市', 2, '370000', null),
('370200', '青岛市', 2, '370000', null),
('370500', '东营市', 2, '370000', null),
('370600', '烟台市', 2, '370000', null),
('371000', '威海市', 2, '370000', null),
('371721', '曹县', 3, '370000', '371700'),
('371702', '牡丹区', 3, '370000', '371700'),
('371722', '单县', 3, '370000', '371700'),
('371725', '郓城县', 3, '370000', '371700'),
('370481', '滕州市', 3, '370000', '370400'),
('370112', '历城区', 3, '370000', '370100'),
('371122', '莒县', 3, '370000', '371100'),
('370982', '新泰市', 3, '370000', '370900'),
('370811', '任城区', 3, '370000', '370800'),
('370114', '章丘区', 3, '370000', '370100'),
('371525', '冠县', 3, '370000', '371500'),
('370911', '岱岳区', 3, '370000', '370900'),
('371323', '沂水县', 3, '370000', '371300'),
('371726', '鄄城县', 3, '370000', '371700'),
('371724', '巨野县', 3, '370000', '371700'),
('370103', '市中区', 3, '370000', '370100'),
('371626', '邹平县', 3, '370000', '371600'),
('371481', '乐陵市', 3, '370000', '371400'),
('371327', '莒南县', 3, '370000', '371300'),
('370883', '邹城市', 3, '370000', '370800'),
('371621', '惠民县', 3, '370000', '371600'),
('371602', '滨城区', 3, '370000', '371600'),
('371202', '莱城区', 3, '370000', '371200'),
('370105', '天桥区', 3, '370000', '370100'),
('371321', '沂南县', 3, '370000', '371300'),
('370829', '嘉祥县', 3, '370000', '370800'),
('370826', '微山县', 3, '370000', '370800'),
('370830', '汶上县', 3, '370000', '370800'),
('371728', '东明县', 3, '370000', '371700'),
('370983', '肥城市', 3, '370000', '370900'),
('370104', '槐荫区', 3, '370000', '370100'),
('370102', '历下区', 3, '370000', '370100'),
('370782', '诸城市', 3, '370000', '370700'),
('371326', '平邑县', 3, '370000', '371300'),
('370832', '梁山县', 3, '370000', '370800'),
('371403', '陵城区', 3, '370000', '371400'),
('371723', '成武县', 3, '370000', '371700'),
('370921', '宁阳县', 3, '370000', '370900'),
('370303', '张店区', 3, '370000', '370300'),
('370302', '淄川区', 3, '370000', '370300'),
('370828', '金乡县', 3, '370000', '370800'),
('370831', '泗水县', 3, '370000', '370800'),
('371625', '博兴县', 3, '370000', '371600'),
('371422', '宁津县', 3, '370000', '371400'),
('371424', '临邑县', 3, '370000', '371400'),
('371402', '德城区', 3, '370000', '371400'),
('371703', '定陶区', 3, '370000', '371700'),
('371121', '五莲县', 3, '370000', '371100'),
('370126', '商河县', 3, '370000', '370100'),
('370305', '临淄区', 3, '370000', '370300'),
('370323', '沂源县', 3, '370000', '370300'),
('371325', '费县', 3, '370000', '371300'),
('370881', '曲阜市', 3, '370000', '370800'),
('370812', '兖州区', 3, '370000', '370800'),
('370402', '市中区', 3, '370000', '370400'),
('370213', '李沧区', 3, '370000', '370200'),
('370827', '鱼台县', 3, '370000', '370800'),
('370502', '东营区', 3, '370000', '370500'),
('371622', '阳信县', 3, '370000', '371600'),
('370406', '山亭区', 3, '370000', '370400'),
('370113', '长清区', 3, '370000', '370100'),
('370125', '济阳县', 3, '370000', '370100'),
('370306', '周村区', 3, '370000', '370300'),
('370304', '博山区', 3, '370000', '370300'),
('370785', '高密市', 3, '370000', '370700'),
('371328', '蒙阴县', 3, '370000', '371300'),
('371423', '庆云县', 3, '370000', '371400'),
('370403', '薛城区', 3, '370000', '370400'),
('370322', '高青县', 3, '370000', '370300'),
('370321', '桓台县', 3, '370000', '370300'),
('371329', '临沭县', 3, '370000', '371300'),
('370523', '广饶县', 3, '370000', '370500'),
('370902', '泰山区', 3, '370000', '370900'),
('370124', '平阴县', 3, '370000', '370100'),
('370522', '利津县', 3, '370000', '370500'),
('371428', '武城县', 3, '370000', '371400'),
('370404', '峄城区', 3, '370000', '370400'),
('370405', '台儿庄区', 3, '370000', '370400'),
('371203', '钢城区', 3, '370000', '371200'),
('370613', '莱山区', 3, '370000', '370600'),
('370602', '芝罘区', 3, '370000', '370600'),
('370684', '蓬莱市', 3, '370000', '370600'),
('370634', '长岛县', 3, '370000', '370600'),
('371603', '沾化区', 3, '370000', '371600'),
('370503', '河口区', 3, '370000', '370500'),
('370505', '垦利区', 3, '370000', '370500'),
('370786', '昌邑市', 3, '370000', '370700'),
('370683', '莱州市', 3, '370000', '370600'),
('370681', '龙口市', 3, '370000', '370600'),
('371082', '荣成市', 3, '370000', '371000'),
('371003', '文登区', 3, '370000', '371000'),
('371083', '乳山市', 3, '370000', '371000'),
('370211', '黄岛区', 3, '370000', '370200'),
('371102', '东港区', 3, '370000', '371100'),
('371002', '环翠区', 3, '370000', '371000'),
('370612', '牟平区', 3, '370000', '370600'),
('371103', '岚山区', 3, '370000', '371100'),
('370611', '福山区', 3, '370000', '370600'),
('371623', '无棣县', 3, '370000', '371600'),
('370203', '市北区', 3, '370000', '370200'),
('370202', '市南区', 3, '370000', '370200'),
('371311', '罗庄区', 3, '370000', '371300'),
('371324', '兰陵县', 3, '370000', '371300'),
('371302', '兰山区', 3, '370000', '371300'),
('371312', '河东区', 3, '370000', '371300'),
('371322', '郯城县', 3, '370000', '371300'),
('371526', '高唐县', 3, '370000', '371500'),
('371523', '茌平区', 3, '370000', '371500'),
('371581', '临清市', 3, '370000', '371500'),
('371427', '夏津县', 3, '370000', '371400'),
('371426', '平原县', 3, '370000', '371400'),
('371482', '禹城市', 3, '370000', '371400'),
('371425', '齐河县', 3, '370000', '371400'),
('370283', '平度市', 3, '370000', '370200'),
('370281', '胶州市', 3, '370000', '370200'),
('370214', '城阳区', 3, '370000', '370200'),
('370212', '崂山区', 3, '370000', '370200'),
('371521', '阳谷县', 3, '370000', '371500'),
('371524', '东阿县', 3, '370000', '371500'),
('371502', '东昌府区', 3, '370000', '371500'),
('371522', '莘县', 3, '370000', '371500'),
('370923', '东平县', 3, '370000', '370900'),
('370781', '青州市', 3, '370000', '370700'),
('370724', '临朐县', 3, '370000', '370700'),
('370784', '安丘市', 3, '370000', '370700'),
('370702', '潍城区', 3, '370000', '370700'),
('370725', '昌乐县', 3, '370000', '370700'),
('370703', '寒亭区', 3, '370000', '370700'),
('370783', '寿光市', 3, '370000', '370700'),
('370704', '坊子区', 3, '370000', '370700'),
('370705', '奎文区', 3, '370000', '370700'),
('370682', '莱阳市', 3, '370000', '370600'),
('370282', '即墨区', 3, '370000', '370200'),
('370285', '莱西市', 3, '370000', '370200'),
('370685', '招远市', 3, '370000', '370600'),
('370686', '栖霞市', 3, '370000', '370600'),
('370687', '海阳市', 3, '370000', '370600');
insert into dims_tm_areaCodeConfig (CODE, NAME, REGIONTYPE, PROVINCECODE, PREFECTURECODE) values
('140000', '山西省', 1, null, null),
('141000', '临汾市', 2, '140000', null),
('141100', '吕梁市', 2, '140000', null),
('140900', '忻州市', 2, '140000', null),
('140700', '晋中市', 2, '140000', null),
('140500', '晋城市', 2, '140000', null),
('140600', '朔州市', 2, '140000', null),
('140400', '长治市', 2, '140000', null),
('140300', '阳泉市', 2, '140000', null),
('140200', '大同市', 2, '140000', null),
('140100', '太原市', 2, '140000', null),
('140800', '运城市', 2, '140000', null),
('141002', '尧都区', 3, '140000', '141000'),
('141124', '临县', 3, '140000', '141100'),
('140981', '原平市', 3, '140000', '140900'),
('140902', '忻府区', 3, '140000', '140900'),
('140702', '榆次区', 3, '140000', '140700'),
('140922', '五台县', 3, '140000', '140900'),
('140522', '阳城县', 3, '140000', '140500'),
('141123', '兴县', 3, '140000', '141100'),
('140525', '泽州县', 3, '140000', '140500'),
('140621', '山阴县', 3, '140000', '140600'),
('140581', '高平市', 3, '140000', '140500'),
('141024', '洪洞县', 3, '140000', '141000'),
('140925', '宁武县', 3, '140000', '140900'),
('140602', '朔城区', 3, '140000', '140600'),
('140926', '静乐县', 3, '140000', '140900'),
('140424', '屯留县', 3, '140000', '140400'),
('140322', '盂县', 3, '140000', '140300'),
('140429', '武乡县', 3, '140000', '140400'),
('140431', '沁源县', 3, '140000', '140400'),
('140725', '寿阳县', 3, '140000', '140700'),
('140521', '沁水县', 3, '140000', '140500'),
('140427', '壶关县', 3, '140000', '140400'),
('140430', '沁县', 3, '140000', '140400'),
('141023', '襄汾县', 3, '140000', '141000'),
('140603', '平鲁区', 3, '140000', '140600'),
('140924', '繁峙县', 3, '140000', '140900'),
('140931', '保德县', 3, '140000', '140900'),
('140930', '河曲县', 3, '140000', '140900'),
('141082', '霍州市', 3, '140000', '141000'),
('140724', '昔阳县', 3, '140000', '140700'),
('140622', '应县', 3, '140000', '140600'),
('140224', '灵丘县', 3, '140000', '140200'),
('141127', '岚县', 3, '140000', '141100'),
('141121', '文水县', 3, '140000', '141100'),
('140928', '五寨县', 3, '140000', '140900'),
('140929', '岢岚县', 3, '140000', '140900'),
('140425', '平顺县', 3, '140000', '140400'),
('140524', '陵川县', 3, '140000', '140500'),
('140107', '杏花岭区', 3, '140000', '140100'),
('140727', '祁县', 3, '140000', '140700'),
('140423', '襄垣县', 3, '140000', '140400'),
('140923', '代县', 3, '140000', '140900'),
('140827', '垣曲县', 3, '140000', '140800'),
('140826', '绛县', 3, '140000', '140800'),
('140321', '平定县', 3, '140000', '140300'),
('140723', '和顺县', 3, '140000', '140700'),
('140722', '左权县', 3, '140000', '140700'),
('141122', '交城县', 3, '140000', '141100'),
('140623', '右玉县', 3, '140000', '140600'),
('140927', '神池县', 3, '140000', '140900'),
('140932', '偏关县', 3, '140000', '140900'),
('141022', '翼城县', 3, '140000', '141000'),
('140726', '太谷县', 3, '140000', '140700'),
('140311', '郊区', 3, '140000', '140300'),
('140481', '潞城市', 3, '140000', '140400'),
('140502', '城区', 3, '140000', '140500'),
('140223', '广灵县', 3, '140000', '140200'),
('141033', '蒲县', 3, '140000', '141000'),
('140426', '黎城县', 3, '140000', '140400'),
('140721', '榆社县', 3, '140000', '140700'),
('140921', '定襄县', 3, '140000', '140900'),
('141027', '浮山县', 3, '140000', '141000'),
('141028', '吉县', 3, '140000', '141000'),
('141031', '隰县', 3, '140000', '141000'),
('141034', '汾西县', 3, '140000', '141000'),
('141081', '侯马市', 3, '140000', '141000'),
('140123', '娄烦县', 3, '140000', '140100'),
('141026', '安泽县', 3, '140000', '141000'),
('141032', '永和县', 3, '140000', '141000'),
('141025', '古县', 3, '140000', '141000'),
('141128', '方山县', 3, '140000', '141100'),
('141021', '曲沃县', 3, '140000', '141000'),
('140106', '迎泽区', 3, '140000', '140100'),
('141030', '大宁县', 3, '140000', '141000'),
('140303', '矿区', 3, '140000', '140300'),
('140302', '城区', 3, '140000', '140300'),
('140226', '左云县', 3, '140000', '140200'),
('140203', '矿区', 3, '140000', '140200'),
('140202', '城区', 3, '140000', '140200'),
('140824', '稷山县', 3, '140000', '140800'),
('140822', '万荣县', 3, '140000', '140800'),
('140882', '河津市', 3, '140000', '140800'),
('141029', '乡宁县', 3, '140000', '141000'),
('140823', '闻喜县', 3, '140000', '140800'),
('140825', '新绛县', 3, '140000', '140800'),
('140728', '平遥县', 3, '140000', '140700'),
('140222', '天镇县', 3, '140000', '140200'),
('140108', '尖草坪区', 3, '140000', '140100'),
('140122', '阳曲县', 3, '140000', '140100'),
('140121', '清徐县', 3, '140000', '140100'),
('140110', '晋源区', 3, '140000', '140100'),
('140181', '古交市', 3, '140000', '140100'),
('140109', '万柏林区', 3, '140000', '140100'),
('140105', '小店区', 3, '140000', '140100'),
('140227', '云州区', 3, '140000', '140200'),
('140624', '怀仁县', 3, '140000', '140600'),
('140221', '阳高县', 3, '140000', '140200'),
('140225', '浑源县', 3, '140000', '140200'),
('140729', '灵石县', 3, '140000', '140700'),
('140781', '介休市', 3, '140000', '140700'),
('141129', '中阳县', 3, '140000', '141100'),
('141125', '柳林县', 3, '140000', '141100'),
('141126', '石楼县', 3, '140000', '141100'),
('141130', '交口县', 3, '140000', '141100'),
('141181', '孝义市', 3, '140000', '141100'),
('141182', '汾阳市', 3, '140000', '141100'),
('141102', '离石区', 3, '140000', '141100'),
('140881', '永济市', 3, '140000', '140800'),
('140830', '芮城县', 3, '140000', '140800'),
('140829', '平陆县', 3, '140000', '140800'),
('140828', '夏县', 3, '140000', '140800'),
('140421', '长治县', 3, '140000', '140400'),
('140428', '长子县', 3, '140000', '140400'),
('140411', '郊区', 3, '140000', '140400'),
('140402', '城区', 3, '140000', '140400'),
('140802', '盐湖区', 3, '140000', '140800'),
('140821', '临猗县', 3, '140000', '140800'),
('140212', '新荣区', 3, '140000', '140200'),
('140211', '南郊区', 3, '140000', '140200');
insert into dims_tm_areaCodeConfig (CODE, NAME, REGIONTYPE, PROVINCECODE, PREFECTURECODE) values
('610000', '陕西省', 1, null, null),
('610900', '安康市', 2, '610000', null),
('610800', '榆林市', 2, '610000', null),
('610100', '西安市', 2, '610000', null),
('610700', '汉中市', 2, '610000', null),
('611000', '商洛市', 2, '610000', null),
('610600', '延安市', 2, '610000', null),
('610300', '宝鸡市', 2, '610000', null),
('610500', '渭南市', 2, '610000', null),
('610400', '咸阳市', 2, '610000', null),
('610200', '铜川市', 2, '610000', null),
('610902', '汉滨区', 3, '610000', '610900'),
('610802', '榆阳区', 3, '610000', '610800'),
('610116', '长安区', 3, '610000', '610100'),
('610115', '临潼区', 3, '610000', '610100'),
('610703', '南郑区', 3, '610000', '610700'),
('610928', '旬阳县', 3, '610000', '610900'),
('610124', '周至县', 3, '610000', '610100'),
('610825', '定边县', 3, '610000', '610800'),
('610726', '宁强县', 3, '610000', '610700'),
('611002', '商州区', 3, '610000', '611000'),
('610725', '勉县', 3, '610000', '610700'),
('610602', '宝塔区', 3, '610000', '610600'),
('610304', '陈仓区', 3, '610000', '610300'),
('611024', '山阳县', 3, '610000', '611000'),
('610727', '略阳县', 3, '610000', '610700'),
('610824', '靖边县', 3, '610000', '610800'),
('610523', '大荔县', 3, '610000', '610500'),
('611021', '洛南县', 3, '610000', '611000'),
('610526', '蒲城县', 3, '610000', '610500'),
('610424', '乾县', 3, '610000', '610400'),
('610826', '绥德县', 3, '610000', '610800'),
('610702', '汉台区', 3, '610000', '610700'),
('610528', '富平县', 3, '610000', '610500'),
('611025', '镇安县', 3, '610000', '611000'),
('610881', '神木市', 3, '610000', '610800'),
('610803', '横山区', 3, '610000', '610800'),
('610118', '鄠邑区', 3, '610000', '610100'),
('610822', '府谷县', 3, '610000', '610800'),
('610828', '佳县', 3, '610000', '610800'),
('610423', '泾阳县', 3, '610000', '610400'),
('610925', '岚皋县', 3, '610000', '610900'),
('610831', '子洲县', 3, '610000', '610800'),
('610481', '兴平市', 3, '610000', '610400'),
('610524', '合阳县', 3, '610000', '610500'),
('610322', '凤翔县', 3, '610000', '610300'),
('611022', '丹凤县', 3, '610000', '611000'),
('610402', '秦都区', 3, '610000', '610400'),
('610425', '礼泉县', 3, '610000', '610400'),
('610929', '白河县', 3, '610000', '610900'),
('610303', '金台区', 3, '610000', '610300'),
('610922', '石泉县', 3, '610000', '610900'),
('610923', '宁陕县', 3, '610000', '610900'),
('610926', '平利县', 3, '610000', '610900'),
('610525', '澄城县', 3, '610000', '610500'),
('610327', '陇县', 3, '610000', '610300'),
('610302', '渭滨区', 3, '610000', '610300'),
('610404', '渭城区', 3, '610000', '610400'),
('610112', '未央区', 3, '610000', '610100'),
('610422', '三原县', 3, '610000', '610400'),
('611023', '商南县', 3, '610000', '611000'),
('610503', '华州区', 3, '610000', '610500'),
('610622', '延川县', 3, '610000', '610600'),
('610623', '子长县', 3, '610000', '610600'),
('610626', '吴起县', 3, '610000', '610600'),
('610104', '莲湖区', 3, '610000', '610100'),
('610323', '岐山县', 3, '610000', '610300'),
('610102', '新城区', 3, '610000', '610100'),
('610111', '灞桥区', 3, '610000', '610100'),
('610428', '长武县', 3, '610000', '610400'),
('610830', '清涧县', 3, '610000', '610800'),
('610827', '米脂县', 3, '610000', '610800'),
('611026', '柞水县', 3, '610000', '611000'),
('610629', '洛川县', 3, '610000', '610600'),
('610330', '凤县', 3, '610000', '610300'),
('610603', '安塞区', 3, '610000', '610600'),
('610621', '延长县', 3, '610000', '610600'),
('610103', '碑林区', 3, '610000', '610100'),
('610581', '韩城市', 3, '610000', '610500'),
('610625', '志丹县', 3, '610000', '610600'),
('610628', '富县', 3, '610000', '610600'),
('610527', '白水县', 3, '610000', '610500'),
('610326', '眉县', 3, '610000', '610300'),
('610431', '武功县', 3, '610000', '610400'),
('610113', '雁塔区', 3, '610000', '610100'),
('610729', '留坝县', 3, '610000', '610700'),
('610324', '扶风县', 3, '610000', '610300'),
('610222', '宜君县', 3, '610000', '610200'),
('610522', '潼关县', 3, '610000', '610500'),
('610631', '黄龙县', 3, '610000', '610600'),
('610114', '阎良区', 3, '610000', '610100'),
('610328', '千阳县', 3, '610000', '610300'),
('610329', '麟游县', 3, '610000', '610300'),
('610730', '佛坪县', 3, '610000', '610700'),
('610927', '镇坪县', 3, '610000', '610900'),
('610117', '高陵区', 3, '610000', '610100'),
('610630', '宜川县', 3, '610000', '610600'),
('610426', '永寿县', 3, '610000', '610400'),
('610202', '王益区', 3, '610000', '610200'),
('610331', '太白县', 3, '610000', '610300'),
('610829', '吴堡县', 3, '610000', '610800'),
('610627', '甘泉县', 3, '610000', '610600'),
('610582', '华阴市', 3, '610000', '610500'),
('610403', '杨陵区', 3, '610000', '610400'),
('610723', '洋县', 3, '610000', '610700'),
('610722', '城固县', 3, '610000', '610700'),
('610724', '西乡县', 3, '610000', '610700'),
('610924', '紫阳县', 3, '610000', '610900'),
('610728', '镇巴县', 3, '610000', '610700'),
('610921', '汉阴县', 3, '610000', '610900'),
('610204', '耀州区', 3, '610000', '610200'),
('610203', '印台区', 3, '610000', '610200'),
('610632', '黄陵县', 3, '610000', '610600'),
('610430', '淳化县', 3, '610000', '610400'),
('610427', '彬州市', 3, '610000', '610400'),
('610429', '旬邑县', 3, '610000', '610400'),
('610122', '蓝田县', 3, '610000', '610100'),
('610502', '临渭区', 3, '610000', '610500');
insert into dims_tm_areaCodeConfig (CODE, NAME, REGIONTYPE, PROVINCECODE, PREFECTURECODE) values
('510000', '四川省', 1, null, null),
('510100','成都市',2,'510000',null),
('510104','锦江区',3,'510000','510100'),
('510105','青羊区',3,'510000','510100'),
('510106','金牛区',3,'510000','510100'),
('510107','武侯区',3,'510000','510100'),
('510108','成华区',3,'510000','510100'),
('510112','龙泉驿区',3,'510000','510100'),
('510113','青白江区',3,'510000','510100'),
('510114','新都区',3,'510000','510100'),
('510115','温江区',3,'510000','510100'),
('510121','金堂县',3,'510000','510100'),
('510122','双流县',3,'510000','510100'),
('510124','郫县',3,'510000','510100'),
('510129','大邑县',3,'510000','510100'),
('510131','蒲江县',3,'510000','510100'),
('510132','新津县',3,'510000','510100'),
('510181','都江堰市',3,'510000','510100'),
('510182','彭州市',3,'510000','510100'),
('510183','邛崃市',3,'510000','510100'),
('510184','崇州市',3,'510000','510100'),
('510300','自贡市',2,'510000',null),
('510302','自流井区',3,'510000','510300'),
('510303','贡井区',3,'510000','510300'),
('510304','大安区',3,'510000','510300'),
('510311','沿滩区',3,'510000','510300'),
('510321','荣县',3,'510000','510300'),
('510322','富顺县',3,'510000','510300'),
('510400','攀枝花市',2,'510000',null),
('510401','市辖区',3,'510000','510400'),
('510402','东区',3,'510000','510400'),
('510403','西区',3,'510000','510400'),
('510411','仁和区',3,'510000','510400'),
('510421','米易县',3,'510000','510400'),
('510422','盐边县',3,'510000','510400'),
('510500','泸州市',2,'510000',null),
('510501','市辖区',3,'510000','510500'),
('510502','江阳区',3,'510000','510500'),
('510503','纳溪区',3,'510000','510500'),
('510504','龙马潭区',3,'510000','510500'),
('510521','泸县',3,'510000','510500'),
('510522','合江县',3,'510000','510500'),
('510524','叙永县',3,'510000','510500'),
('510525','古蔺县',3,'510000','510500'),
('510600','德阳市',2,'510000',null),
('510603','旌阳区',3,'510000','510600'),
('510623','中江县',3,'510000','510600'),
('510626','罗江县',3,'510000','510600'),
('510681','广汉市',3,'510000','510600'),
('510682','什邡市',3,'510000','510600'),
('510683','绵竹市',3,'510000','510600'),
('510700','绵阳市',2,'510000',null),
('510701','市辖区',3,'510000','510700'),
('510703','涪城区',3,'510000','510700'),
('510704','游仙区',3,'510000','510700'),
('510722','三台县',3,'510000','510700'),
('510723','盐亭县',3,'510000','510700'),
('510724','安县',3,'510000','510700'),
('510725','梓潼县',3,'510000','510700'),
('510726','北川羌族自治县',3,'510000','510700'),
('510727','平武县',3,'510000','510700'),
('510781','江油市',3,'510000','510700'),
('510800','广元市',2,'510000',null),
('510802','市中区',3,'510000','510800'),
('510811','元坝区',3,'510000','510800'),
('510812','朝天区',3,'510000','510800'),
('510821','旺苍县',3,'510000','510800'),
('510822','青川县',3,'510000','510800'),
('510823','剑阁县',3,'510000','510800'),
('510824','苍溪县',3,'510000','510800'),
('510900','遂宁市',2,'510000',null),
('510903','船山区',3,'510000','510900'),
('510904','安居区',3,'510000','510900'),
('510921','蓬溪县',3,'510000','510900'),
('510922','射洪县',3,'510000','510900'),
('510923','大英县',3,'510000','510900'),
('511000','内江市',2,'510000',null),
('511002','市中区',3,'510000','511000'),
('511011','东兴区',3,'510000','511000'),
('511024','威远县',3,'510000','511000'),
('511025','资中县',3,'510000','511000'),
('511028','隆昌县',3,'510000','511000'),
('511100','乐山市',2,'510000',null),
('511101','市辖区',3,'510000','511100'),
('511102','市中区',3,'510000','511100'),
('511111','沙湾区',3,'510000','511100'),
('511112','五通桥区',3,'510000','511100'),
('511113','金口河区',3,'510000','511100'),
('511123','犍为县',3,'510000','511100'),
('511124','井研县',3,'510000','511100'),
('511126','夹江县',3,'510000','511100'),
('511129','沐川县',3,'510000','511100'),
('511132','峨边彝族自治县',3,'510000','511100'),
('511133','马边彝族自治县',3,'510000','511100'),
('511181','峨眉山市',3,'510000','511100'),
('511300','南充市',2,'510000',null),
('511301','市辖区',3,'510000','511300'),
('511302','顺庆区',3,'510000','511300'),
('511303','高坪区',3,'510000','511300'),
('511304','嘉陵区',3,'510000','511300'),
('511321','南部县',3,'510000','511300'),
('511322','营山县',3,'510000','511300'),
('511323','蓬安县',3,'510000','511300'),
('511324','仪陇县',3,'510000','511300'),
('511325','西充县',3,'510000','511300'),
('511381','阆中市',3,'510000','511300'),
('511400','眉山市',2,'510000',null),
('511401','市辖区',3,'510000','511400'),
('511402','东坡区',3,'510000','511400'),
('511421','仁寿县',3,'510000','511400'),
('511422','彭山县',3,'510000','511400'),
('511423','洪雅县',3,'510000','511400'),
('511424','丹棱县',3,'510000','511400'),
('511425','青神县',3,'510000','511400'),
('511500','宜宾市',2,'510000',null),
('511501','市辖区',3,'510000','511500'),
('511502','翠屏区',3,'510000','511500'),
('511521','宜宾县',3,'510000','511500'),
('511522','南溪县',3,'510000','511500'),
('511523','江安县',3,'510000','511500'),
('511524','长宁县',3,'510000','511500'),
('511525','高县',3,'510000','511500'),
('511526','珙县',3,'510000','511500'),
('511527','筠连县',3,'510000','511500'),
('511528','兴文县',3,'510000','511500'),
('511529','屏山县',3,'510000','511500'),
('511600','广安市',2,'510000',null),
('511601','市辖区',3,'510000','511600'),
('511602','广安区',3,'510000','511600'),
('511621','岳池县',3,'510000','511600'),
('511622','武胜县',3,'510000','511600'),
('511623','邻水县',3,'510000','511600'),
('511681','华莹市',3,'510000','511600'),
('511700','达州市',2,'510000',null),
('511701','市辖区',3,'510000','511700'),
('511702','通川区',3,'510000','511700'),
('511721','达县',3,'510000','511700'),
('511722','宣汉县',3,'510000','511700'),
('511723','开江县',3,'510000','511700'),
('511724','大竹县',3,'510000','511700'),
('511725','渠县',3,'510000','511700'),
('511781','万源市',3,'510000','511700'),
('511800','雅安市',2,'510000',null),
('511801','市辖区',3,'510000','511800'),
('511802','雨城区',3,'510000','511800'),
('511821','名山县',3,'510000','511800'),
('511822','荥经县',3,'510000','511800'),
('511823','汉源县',3,'510000','511800'),
('511824','石棉县',3,'510000','511800'),
('511825','天全县',3,'510000','511800'),
('511826','芦山县',3,'510000','511800'),
('511827','宝兴县',3,'510000','511800'),
('511900','巴中市',2,'510000',null),
('511901','市辖区',3,'510000','511900'),
('511902','巴州区',3,'510000','511900'),
('511921','通江县',3,'510000','511900'),
('511922','南江县',3,'510000','511900'),
('511923','平昌县',3,'510000','511900'),
('512000','资阳市',2,'510000',null),
('512001','市辖区',3,'510000','512000'),
('512002','雁江区',3,'510000','512000'),
('512021','安岳县',3,'510000','512000'),
('512022','乐至县',3,'510000','512000'),
('512081','简阳市',3,'510000','512000'),
('513200','阿坝藏族羌族自治州',2,'510000',null),
('513221','汶川县',3,'510000','513200'),
('513222','理县',3,'510000','513200'),
('513223','茂县',3,'510000','513200'),
('513224','松潘县',3,'510000','513200'),
('513225','九寨沟县',3,'510000','513200'),
('513226','金川县',3,'510000','513200'),
('513227','小金县',3,'510000','513200'),
('513228','黑水县',3,'510000','513200'),
('513229','马尔康县',3,'510000','513200'),
('513230','壤塘县',3,'510000','513200'),
('513231','阿坝县',3,'510000','513200'),
('513232','若尔盖县',3,'510000','513200'),
('513233','红原县',3,'510000','513200'),
('513300','甘孜藏族自治州',2,'510000',null),
('513321','康定县',3,'510000','513300'),
('513322','泸定县',3,'510000','513300'),
('513323','丹巴县',3,'510000','513300'),
('513324','九龙县',3,'510000','513300'),
('513325','雅江县',3,'510000','513300'),
('513326','道孚县',3,'510000','513300'),
('513327','炉霍县',3,'510000','513300'),
('513328','甘孜县',3,'510000','513300'),
('513329','新龙县',3,'510000','513300'),
('513330','德格县',3,'510000','513300'),
('513331','白玉县',3,'510000','513300'),
('513332','石渠县',3,'510000','513300'),
('513333','色达县',3,'510000','513300'),
('513334','理塘县',3,'510000','513300'),
('513335','巴塘县',3,'510000','513300'),
('513336','乡城县',3,'510000','513300'),
('513337','稻城县',3,'510000','513300'),
('513338','得荣县',3,'510000','513300'),
('513400','凉山彝族自治州',2,'510000',null),
('513401','西昌市',3,'510000','513400'),
('513422','木里藏族自治县',3,'510000','513400'),
('513423','盐源县',3,'510000','513400'),
('513424','德昌县',3,'510000','513400'),
('513425','会理县',3,'510000','513400'),
('513426','会东县',3,'510000','513400'),
('513427','宁南县',3,'510000','513400'),
('513428','普格县',3,'510000','513400'),
('513429','布拖县',3,'510000','513400'),
('513430','金阳县',3,'510000','513400'),
('513431','昭觉县',3,'510000','513400'),
('513432','喜德县',3,'510000','513400'),
('513433','冕宁县',3,'510000','513400'),
('513434','越西县',3,'510000','513400'),
('513435','甘洛县',3,'510000','513400'),
('513436','美姑县',3,'510000','513400'),
('513437','雷波县',3,'510000','513400');
insert into dims_tm_areaCodeConfig (CODE, NAME, REGIONTYPE, PROVINCECODE, PREFECTURECODE) values
('350000', '福建省', 1, null, null),
('350800', '龙岩市', 2, '350000', null),
('350500', '泉州市', 2, '350000', null),
('350700', '南平市', 2, '350000', null),
('350100', '福州市', 2, '350000', null),
('350400', '三明市', 2, '350000', null),
('350900', '宁德市', 2, '350000', null),
('350300', '莆田市', 2, '350000', null),
('350600', '漳州市', 2, '350000', null),
('350200', '厦门市', 2, '350000', null),
('350803', '永定区', 3, '350000', '350800'),
('350823', '上杭县', 3, '350000', '350800'),
('350525', '永春县', 3, '350000', '350500'),
('350702', '延平区', 3, '350000', '350700'),
('350125', '永泰县', 3, '350000', '350100'),
('350722', '浦城县', 3, '350000', '350700'),
('350781', '邵武市', 3, '350000', '350700'),
('350425', '大田县', 3, '350000', '350400'),
('350802', '新罗区', 3, '350000', '350800'),
('350783', '建瓯市', 3, '350000', '350700'),
('350821', '长汀县', 3, '350000', '350800'),
('350526', '德化县', 3, '350000', '350500'),
('350825', '连城县', 3, '350000', '350800'),
('350824', '武平县', 3, '350000', '350800'),
('350424', '宁化县', 3, '350000', '350400'),
('350881', '漳平市', 3, '350000', '350800'),
('350124', '闽清县', 3, '350000', '350100'),
('350426', '尤溪县', 3, '350000', '350400'),
('350481', '永安市', 3, '350000', '350400'),
('350924', '寿宁县', 3, '350000', '350900'),
('350427', '沙县', 3, '350000', '350400'),
('350703', '建阳区', 3, '350000', '350700'),
('350428', '将乐县', 3, '350000', '350400'),
('350423', '清流县', 3, '350000', '350400'),
('350303', '涵江区', 3, '350000', '350300'),
('350104', '仓山区', 3, '350000', '350100'),
('350721', '顺昌县', 3, '350000', '350700'),
('350725', '政和县', 3, '350000', '350700'),
('350782', '武夷山市', 3, '350000', '350700'),
('350430', '建宁县', 3, '350000', '350400'),
('350102', '鼓楼区', 3, '350000', '350100'),
('350103', '台江区', 3, '350000', '350100'),
('350421', '明溪县', 3, '350000', '350400'),
('350926', '柘荣县', 3, '350000', '350900'),
('350724', '松溪县', 3, '350000', '350700'),
('350429', '泰宁县', 3, '350000', '350400'),
('350723', '光泽县', 3, '350000', '350700'),
('350403', '三元区', 3, '350000', '350400'),
('350502', '鲤城区', 3, '350000', '350500'),
('350302', '城厢区', 3, '350000', '350300'),
('350402', '梅列区', 3, '350000', '350400'),
('350982', '福鼎市', 3, '350000', '350900'),
('350921', '霞浦县', 3, '350000', '350900'),
('350624', '诏安县', 3, '350000', '350600'),
('350622', '云霄县', 3, '350000', '350600'),
('350626', '东山县', 3, '350000', '350600'),
('350203', '思明区', 3, '350000', '350200'),
('350527', '金门县', 3, '350000', '350500'),
('350582', '晋江市', 3, '350000', '350500'),
('350581', '石狮市', 3, '350000', '350500'),
('350503', '丰泽区', 3, '350000', '350500'),
('350305', '秀屿区', 3, '350000', '350300'),
('350304', '荔城区', 3, '350000', '350300'),
('350128', '平潭县', 3, '350000', '350100'),
('350181', '福清市', 3, '350000', '350100'),
('350206', '湖里区', 3, '350000', '350200'),
('350681', '龙海市', 3, '350000', '350600'),
('350623', '漳浦县', 3, '350000', '350600'),
('350628', '平和县', 3, '350000', '350600'),
('350602', '芗城区', 3, '350000', '350600'),
('350629', '华安县', 3, '350000', '350600'),
('350627', '南靖县', 3, '350000', '350600'),
('350603', '龙文区', 3, '350000', '350600'),
('350205', '海沧区', 3, '350000', '350200'),
('350902', '蕉城区', 3, '350000', '350900'),
('350981', '福安市', 3, '350000', '350900'),
('350925', '周宁县', 3, '350000', '350900'),
('350923', '屏南县', 3, '350000', '350900'),
('350922', '古田县', 3, '350000', '350900'),
('350123', '罗源县', 3, '350000', '350100'),
('350211', '集美区', 3, '350000', '350200'),
('350625', '长泰县', 3, '350000', '350600'),
('350524', '安溪县', 3, '350000', '350500'),
('350583', '南安市', 3, '350000', '350500'),
('350213', '翔安区', 3, '350000', '350200'),
('350212', '同安区', 3, '350000', '350200'),
('350505', '泉港区', 3, '350000', '350500'),
('350521', '惠安县', 3, '350000', '350500'),
('350504', '洛江区', 3, '350000', '350500'),
('350322', '仙游县', 3, '350000', '350300'),
('350122', '连江县', 3, '350000', '350100'),
('350105', '马尾区', 3, '350000', '350100'),
('350182', '长乐区', 3, '350000', '350100'),
('350111', '晋安区', 3, '350000', '350100'),
('350121', '闽侯县', 3, '350000', '350100');
insert into dims_tm_areaCodeConfig (CODE, NAME, REGIONTYPE, PROVINCECODE, PREFECTURECODE) values
('620000', '甘肃省', 1, null, null),
('621200', '陇南市', 2, '620000', null),
('620400', '白银市', 2, '620000', null),
('622900', '临夏回族自治州', 2, '620000', null),
('620700', '张掖市', 2, '620000', null),
('620800', '平凉市', 2, '620000', null),
('620100', '兰州市', 2, '620000', null),
('620500', '天水市', 2, '620000', null),
('620900', '酒泉市', 2, '620000', null),
('621000', '庆阳市', 2, '620000', null),
('621100', '定西市', 2, '620000', null),
('623000', '甘南藏族自治州', 2, '620000', null),
('620600', '武威市', 2, '620000', null),
('620300', '金昌市', 2, '620000', null),
('620200', '嘉峪关市', 2, '620000', null),
('621202', '武都区', 3, '620000', '621200'),
('621226', '礼县', 3, '620000', '621200'),
('620422', '会宁县', 3, '620000', '620400'),
('622921', '临夏县', 3, '620000', '622900'),
('620702', '甘州区', 3, '620000', '620700'),
('620826', '静宁县', 3, '620000', '620800'),
('621223', '宕昌县', 3, '620000', '621200'),
('620102', '城关区', 3, '620000', '620100'),
('622926', '东乡族自治县', 3, '620000', '622900'),
('620502', '秦州区', 3, '620000', '620500'),
('620902', '肃州区', 3, '620000', '620900'),
('621022', '环县', 3, '620000', '621000'),
('621102', '安定区', 3, '620000', '621100'),
('621224', '康县', 3, '620000', '621200'),
('620503', '麦积区', 3, '620000', '620500'),
('621225', '西和县', 3, '620000', '621200'),
('620802', '崆峒区', 3, '620000', '620800'),
('621222', '文县', 3, '620000', '621200'),
('623023', '舟曲县', 3, '620000', '623000'),
('621027', '镇原县', 3, '620000', '621000'),
('620825', '庄浪县', 3, '620000', '620800'),
('620521', '清水县', 3, '620000', '620500'),
('621121', '通渭县', 3, '620000', '621100'),
('621026', '宁县', 3, '620000', '621000'),
('620621', '民勤县', 3, '620000', '620600'),
('620421', '靖远县', 3, '620000', '620400'),
('621126', '岷县', 3, '620000', '621100'),
('620522', '秦安县', 3, '620000', '620500'),
('622927', '积石山保安族东乡族撒拉族自治县', 3, '620000', '622900'),
('620981', '玉门市', 3, '620000', '620900'),
('620821', '泾川县', 3, '620000', '620800'),
('621122', '陇西县', 3, '620000', '621100'),
('621221', '成县', 3, '620000', '621200'),
('620922', '瓜州县', 3, '620000', '620900'),
('623021', '临潭县', 3, '620000', '623000'),
('621123', '渭源县', 3, '620000', '621100'),
('620525', '张家川回族自治县', 3, '620000', '620500'),
('621023', '华池县', 3, '620000', '621000'),
('621021', '庆城县', 3, '620000', '621000'),
('620523', '甘谷县', 3, '620000', '620500'),
('620524', '武山县', 3, '620000', '620500'),
('623022', '卓尼县', 3, '620000', '623000'),
('620822', '灵台县', 3, '620000', '620800'),
('622922', '康乐县', 3, '620000', '622900'),
('621227', '徽县', 3, '620000', '621200'),
('622925', '和政县', 3, '620000', '622900'),
('623027', '夏河县', 3, '620000', '623000'),
('620921', '金塔县', 3, '620000', '620900'),
('621125', '漳县', 3, '620000', '621100'),
('621024', '合水县', 3, '620000', '621000'),
('620824', '华亭县', 3, '620000', '620800'),
('621228', '两当县', 3, '620000', '621200'),
('620403', '平川区', 3, '620000', '620400'),
('623024', '迭部县', 3, '620000', '623000'),
('622901', '临夏市', 3, '620000', '622900'),
('623001', '合作市', 3, '620000', '623000'),
('620722', '民乐县', 3, '620000', '620700'),
('620725', '山丹县', 3, '620000', '620700'),
('620321', '永昌县', 3, '620000', '620300'),
('621002', '西峰区', 3, '620000', '621000'),
('620402', '白银区', 3, '620000', '620400'),
('620200', '嘉峪关市', 3, '620000', '620200'),
('622924', '广河县', 3, '620000', '622900'),
('620724', '高台县', 3, '620000', '620700'),
('620823', '崇信县', 3, '620000', '620800'),
('620302', '金川区', 3, '620000', '620300'),
('623025', '玛曲县', 3, '620000', '623000'),
('620723', '临泽县', 3, '620000', '620700'),
('620111', '红古区', 3, '620000', '620100'),
('623026', '碌曲县', 3, '620000', '623000'),
('620923', '肃北蒙古族自治县', 3, '620000', '620900'),
('621025', '正宁县', 3, '620000', '621000'),
('620721', '肃南裕固族自治县', 3, '620000', '620700'),
('620602', '凉州区', 3, '620000', '620600'),
('620423', '景泰县', 3, '620000', '620400'),
('620623', '天祝藏族自治县', 3, '620000', '620600'),
('620622', '古浪县', 3, '620000', '620600'),
('620924', '阿克塞哈萨克族自治县', 3, '620000', '620900'),
('620982', '敦煌市', 3, '620000', '620900'),
('622923', '永靖县', 3, '620000', '622900'),
('620103', '七里河区', 3, '620000', '620100'),
('621124', '临洮县', 3, '620000', '621100'),
('620123', '榆中县', 3, '620000', '620100'),
('620104', '西固区', 3, '620000', '620100'),
('620121', '永登县', 3, '620000', '620100'),
('620122', '皋兰县', 3, '620000', '620100'),
('620105', '安宁区', 3, '620000', '620100');
insert into dims_tm_areaCodeConfig (CODE, NAME, REGIONTYPE, PROVINCECODE, PREFECTURECODE) values
('440000', '广东省', 1, null, null),
('445200', '揭阳市', 2, '440000', null),
('440900', '茂名市', 2, '440000', null),
('441600', '河源市', 2, '440000', null),
('441800', '清远市', 2, '440000', null),
('440100', '广州市', 2, '440000', null),
('445300', '云浮市', 2, '440000', null),
('441400', '梅州市', 2, '440000', null),
('441200', '肇庆市', 2, '440000', null),
('440200', '韶关市', 2, '440000', null),
('441300', '惠州市', 2, '440000', null),
('441700', '阳江市', 2, '440000', null),
('440700', '江门市', 2, '440000', null),
('445100', '潮州市', 2, '440000', null),
('441500', '汕尾市', 2, '440000', null),
('440600', '佛山市', 2, '440000', null),
('440500', '汕头市', 2, '440000', null),
('440800', '湛江市', 2, '440000', null),
('440300', '深圳市', 2, '440000', null),
('441900', '东莞市', 2, '440000', null),
('440400', '珠海市', 2, '440000', null),
('442000', '中山市', 2, '440000', null),
('445281', '普宁市', 3, '440000', '445200'),
('440981', '高州市', 3, '440000', '440900'),
('441622', '龙川县', 3, '440000', '441600'),
('440982', '化州市', 3, '440000', '440900'),
('441881', '英德市', 3, '440000', '441800'),
('440103', '荔湾区', 3, '440000', '440100'),
('440111', '白云区', 3, '440000', '440100'),
('441625', '东源县', 3, '440000', '441600'),
('445381', '罗定市', 3, '440000', '445300'),
('440106', '天河区', 3, '440000', '440100'),
('441481', '兴宁市', 3, '440000', '441400'),
('440983', '信宜市', 3, '440000', '440900'),
('441403', '梅县区', 3, '440000', '441400'),
('441224', '怀集县', 3, '440000', '441200'),
('441621', '紫金县', 3, '440000', '441600'),
('440282', '南雄市', 3, '440000', '440200'),
('440105', '海珠区', 3, '440000', '440100'),
('440104', '越秀区', 3, '440000', '440100'),
('441302', '惠城区', 3, '440000', '441300'),
('441624', '和平县', 3, '440000', '441600'),
('445222', '揭西县', 3, '440000', '445200'),
('441423', '丰顺县', 3, '440000', '441400'),
('441204', '高要区', 3, '440000', '441200'),
('441322', '博罗县', 3, '440000', '441300'),
('440902', '茂南区', 3, '440000', '440900'),
('441422', '大埔县', 3, '440000', '441400'),
('441424', '五华县', 3, '440000', '441400'),
('441781', '阳春市', 3, '440000', '441700'),
('441225', '封开县', 3, '440000', '441200'),
('445322', '郁南县', 3, '440000', '445300'),
('440112', '黄埔区', 3, '440000', '440100'),
('440783', '开平市', 3, '440000', '440700'),
('441223', '广宁县', 3, '440000', '441200'),
('445102', '湘桥区', 3, '440000', '445100'),
('445203', '揭东区', 3, '440000', '445200'),
('441623', '连平县', 3, '440000', '441600'),
('441823', '阳山县', 3, '440000', '441800'),
('441226', '德庆县', 3, '440000', '441200'),
('441284', '四会市', 3, '440000', '441200'),
('441426', '平远县', 3, '440000', '441400'),
('441882', '连州市', 3, '440000', '441800'),
('445321', '新兴县', 3, '440000', '445300'),
('440118', '增城区', 3, '440000', '440100'),
('440785', '恩平市', 3, '440000', '440700'),
('440222', '始兴县', 3, '440000', '440200'),
('440204', '浈江区', 3, '440000', '440200'),
('440114', '花都区', 3, '440000', '440100'),
('440784', '鹤山市', 3, '440000', '440700'),
('441324', '龙门县', 3, '440000', '441300'),
('441427', '蕉岭县', 3, '440000', '441400'),
('441803', '清新区', 3, '440000', '441800'),
('441802', '清城区', 3, '440000', '441800'),
('440232', '乳源瑶族自治县', 3, '440000', '440200'),
('440205', '曲江区', 3, '440000', '440200'),
('441523', '陆河县', 3, '440000', '441500'),
('440229', '翁源县', 3, '440000', '440200'),
('445302', '云城区', 3, '440000', '445300'),
('440117', '从化区', 3, '440000', '440100'),
('441602', '源城区', 3, '440000', '441600'),
('441402', '梅江区', 3, '440000', '441400'),
('441825', '连山壮族瑶族自治县', 3, '440000', '441800'),
('441826', '连南瑶族自治县', 3, '440000', '441800'),
('440203', '武江区', 3, '440000', '440200'),
('440233', '新丰县', 3, '440000', '440200'),
('445303', '云安区', 3, '440000', '445300'),
('440607', '三水区', 3, '440000', '440600'),
('441203', '鼎湖区', 3, '440000', '441200'),
('441821', '佛冈县', 3, '440000', '441800'),
('440608', '高明区', 3, '440000', '440600'),
('441202', '端州区', 3, '440000', '441200'),
('440704', '江海区', 3, '440000', '440700'),
('440523', '南澳县', 3, '440000', '440500'),
('440515', '澄海区', 3, '440000', '440500'),
('440514', '潮南区', 3, '440000', '440500'),
('441581', '陆丰市', 3, '440000', '441500'),
('441502', '城区', 3, '440000', '441500'),
('441323', '惠东县', 3, '440000', '441300'),
('441521', '海丰县', 3, '440000', '441500'),
('441704', '阳东区', 3, '440000', '441700'),
('441702', '江城区', 3, '440000', '441700'),
('441721', '阳西县', 3, '440000', '441700'),
('440904', '电白区', 3, '440000', '440900'),
('440883', '吴川市', 3, '440000', '440800'),
('440804', '坡头区', 3, '440000', '440800'),
('440811', '麻章区', 3, '440000', '440800'),
('440803', '霞山区', 3, '440000', '440800'),
('440802', '赤坎区', 3, '440000', '440800'),
('440882', '雷州市', 3, '440000', '440800'),
('440825', '徐闻县', 3, '440000', '440800'),
('440881', '廉江市', 3, '440000', '440800'),
('440823', '遂溪县', 3, '440000', '440800'),
('445224', '惠来县', 3, '440000', '445200'),
('445122', '饶平县', 3, '440000', '445100'),
('440705', '新会区', 3, '440000', '440700'),
('440781', '台山市', 3, '440000', '440700'),
('440306', '宝安区', 3, '440000', '440300'),
('440305', '南山区', 3, '440000', '440300'),
('440309', '龙华区', 3, '440000', '440300'),
('441900', '东莞市', 3, '440000', '441900'),
('440307', '龙岗区', 3, '440000', '440300'),
('441303', '惠阳区', 3, '440000', '441300'),
('440310', '坪山区', 3, '440000', '440300'),
('440304', '福田区', 3, '440000', '440300'),
('440303', '罗湖区', 3, '440000', '440300'),
('440308', '盐田区', 3, '440000', '440300'),
('440604', '禅城区', 3, '440000', '440600'),
('440115', '南沙区', 3, '440000', '440100'),
('440605', '南海区', 3, '440000', '440600'),
('440113', '番禺区', 3, '440000', '440100'),
('440606', '顺德区', 3, '440000', '440600'),
('440703', '蓬江区', 3, '440000', '440700'),
('440404', '金湾区', 3, '440000', '440400'),
('440403', '斗门区', 3, '440000', '440400'),
('442000', '中山市', 3, '440000', '442000'),
('440402', '香洲区', 3, '440000', '440400'),
('440281', '乐昌市', 3, '440000', '440200'),
('440224', '仁化县', 3, '440000', '440200'),
('440512', '濠江区', 3, '440000', '440500'),
('440513', '潮阳区', 3, '440000', '440500'),
('440507', '龙湖区', 3, '440000', '440500'),
('445103', '潮安区', 3, '440000', '445100'),
('440511', '金平区', 3, '440000', '440500'),
('445202', '榕城区', 3, '440000', '445200');
insert into dims_tm_areaCodeConfig (CODE, NAME, REGIONTYPE, PROVINCECODE, PREFECTURECODE) values
('540000', '西藏自治区', 1, null, null),
('540200', '日喀则市', 2, '540000', null),
('540300', '昌都市', 2, '540000', null),
('542400', '那曲市', 2, '540000', null),
('540100', '拉萨市', 2, '540000', null),
('540500', '山南市', 2, '540000', null),
('540400', '林芝市', 2, '540000', null),
('542500', '阿里地区', 2, '540000', null),
('542429', '巴青县', 3, '540000', '542400'),
('542427', '索县', 3, '540000', '542400'),
('542423', '比如县', 3, '540000', '542400'),
('542428', '班戈县', 3, '540000', '542400'),
('542422', '嘉黎县', 3, '540000', '542400'),
('540121', '林周县', 3, '540000', '540100'),
('540327', '左贡县', 3, '540000', '540300'),
('540421', '工布江达县', 3, '540000', '540400'),
('540229', '仁布县', 3, '540000', '540200'),
('542426', '申扎县', 3, '540000', '542400'),
('540522', '贡嘎县', 3, '540000', '540500'),
('540122', '当雄县', 3, '540000', '540100'),
('540123', '尼木县', 3, '540000', '540100'),
('540127', '墨竹工卡县', 3, '540000', '540100'),
('540422', '米林县', 3, '540000', '540400'),
('540103', '堆龙德庆区', 3, '540000', '540100'),
('540402', '巴宜区', 3, '540000', '540400'),
('540528', '加查县', 3, '540000', '540500'),
('540502', '乃东区', 3, '540000', '540500'),
('540126', '达孜区', 3, '540000', '540100'),
('540124', '曲水县', 3, '540000', '540100'),
('540426', '朗县', 3, '540000', '540400'),
('540521', '扎囊县', 3, '540000', '540500'),
('542527', '措勤县', 3, '540000', '542500'),
('540525', '曲松县', 3, '540000', '540500'),
('540524', '琼结县', 3, '540000', '540500'),
('540523', '桑日县', 3, '540000', '540500'),
('542522', '札达县', 3, '540000', '542500'),
('542521', '普兰县', 3, '540000', '542500'),
('540234', '吉隆县', 3, '540000', '540200'),
('540235', '聂拉木县', 3, '540000', '540200'),
('540223', '定日县', 3, '540000', '540200'),
('540237', '岗巴县', 3, '540000', '540200'),
('540233', '亚东县', 3, '540000', '540200'),
('540230', '康马县', 3, '540000', '540200'),
('540531', '浪卡子县', 3, '540000', '540500'),
('540527', '洛扎县', 3, '540000', '540500'),
('540423', '墨脱县', 3, '540000', '540400'),
('540425', '察隅县', 3, '540000', '540400'),
('542524', '日土县', 3, '540000', '542500'),
('542526', '改则县', 3, '540000', '542500'),
('542431', '双湖县', 3, '540000', '542400'),
('542425', '安多县', 3, '540000', '542400'),
('540302', '卡若区', 3, '540000', '540300'),
('540322', '贡觉县', 3, '540000', '540300'),
('540321', '江达县', 3, '540000', '540300'),
('540236', '萨嘎县', 3, '540000', '540200'),
('540232', '仲巴县', 3, '540000', '540200'),
('542525', '革吉县', 3, '540000', '542500'),
('540226', '昂仁县', 3, '540000', '540200'),
('540231', '定结县', 3, '540000', '540200'),
('540224', '萨迦县', 3, '540000', '540200'),
('540530', '错那县', 3, '540000', '540500'),
('540526', '措美县', 3, '540000', '540500'),
('542523', '噶尔县', 3, '540000', '542500'),
('540222', '江孜县', 3, '540000', '540200'),
('540227', '谢通门县', 3, '540000', '540200'),
('540221', '南木林县', 3, '540000', '540200'),
('540328', '芒康县', 3, '540000', '540300'),
('542430', '尼玛县', 3, '540000', '542400'),
('540326', '八宿县', 3, '540000', '540300'),
('540324', '丁青县', 3, '540000', '540300'),
('540325', '察雅县', 3, '540000', '540300'),
('542421', '色尼区', 3, '540000', '542400'),
('540202', '桑珠孜区', 3, '540000', '540200'),
('540329', '洛隆县', 3, '540000', '540300'),
('540330', '边坝县', 3, '540000', '540300'),
('540225', '拉孜县', 3, '540000', '540200'),
('540228', '白朗县', 3, '540000', '540200'),
('540102', '城关区', 3, '540000', '540100'),
('540529', '隆子县', 3, '540000', '540500'),
('540323', '类乌齐县', 3, '540000', '540300'),
('540424', '波密县', 3, '540000', '540400'),
('542424', '聂荣县', 3, '540000', '542400');
insert into dims_tm_areaCodeConfig (CODE, NAME, REGIONTYPE, PROVINCECODE, PREFECTURECODE) values
('650000', '新疆维吾尔自治区', 1, null, null),
('653100', '喀什地区', 2, '650000', null),
('654000', '伊犁哈萨克自治州', 2, '650000', null),
('650100', '乌鲁木齐市', 2, '650000', null),
('652900', '阿克苏地区', 2, '650000', null),
('652300', '昌吉回族自治州', 2, '650000', null),
('659002', '阿拉尔市', 2, '650000', null),
('652800', '巴音郭楞蒙古自治州', 2, '650000', null),
('650200', '克拉玛依市', 2, '650000', null),
('659004', '五家渠市', 2, '650000', null),
('659003', '图木舒克市', 2, '650000', null),
('653000', '克孜勒苏柯尔克孜自治州', 2, '650000', null),
('659008', '可克达拉市', 2, '650000', null),
('654200', '塔城地区', 2, '650000', null),
('654300', '阿勒泰地区', 2, '650000', null),
('650500', '哈密市', 2, '650000', null),
('653200', '和田地区', 2, '650000', null),
('650400', '吐鲁番市', 2, '650000', null),
('659009', '昆玉市', 2, '650000', null),
('659006', '铁门关市', 2, '650000', null),
('659001', '石河子市', 2, '650000', null),
('652700', '博尔塔拉蒙古自治州', 2, '650000', null),
('659007', '双河市', 2, '650000', null),
('659005', '北屯市', 2, '650000', null),
('653125', '莎车县', 3, '650000', '653100'),
('654021', '伊宁县', 3, '650000', '654000'),
('650104', '新市区', 3, '650000', '650100'),
('652923', '库车县', 3, '650000', '652900'),
('652301', '昌吉市', 3, '650000', '652300'),
('654002', '伊宁市', 3, '650000', '654000'),
('652926', '拜城县', 3, '650000', '652900'),
('653122', '疏勒县', 3, '650000', '653100'),
('653101', '喀什市', 3, '650000', '653100'),
('654022', '察布查尔锡伯自治县', 3, '650000', '654000'),
('650109', '米东区', 3, '650000', '650100'),
('653123', '英吉沙县', 3, '650000', '653100'),
('650102', '天山区', 3, '650000', '650100'),
('659002', '阿拉尔市', 3, '650000', '659002'),
('652323', '呼图壁县', 3, '650000', '652300'),
('653124', '泽普县', 3, '650000', '653100'),
('653129', '伽师县', 3, '650000', '653100'),
('654028', '尼勒克县', 3, '650000', '654000'),
('654024', '巩留县', 3, '650000', '654000'),
('654025', '新源县', 3, '650000', '654000'),
('652822', '轮台县', 3, '650000', '652800'),
('652302', '阜康市', 3, '650000', '652300'),
('652327', '吉木萨尔县', 3, '650000', '652300'),
('653121', '疏附县', 3, '650000', '653100'),
('650103', '沙依巴克区', 3, '650000', '650100'),
('652925', '新和县', 3, '650000', '652900'),
('653128', '岳普湖县', 3, '650000', '653100'),
('650105', '水磨沟区', 3, '650000', '650100'),
('652828', '和硕县', 3, '650000', '652800'),
('650203', '克拉玛依区', 3, '650000', '650200'),
('654027', '特克斯县', 3, '650000', '654000'),
('654003', '奎屯市', 3, '650000', '654000'),
('650106', '头屯河区', 3, '650000', '650100'),
('650121', '乌鲁木齐县', 3, '650000', '650100'),
('659004', '五家渠市', 3, '650000', '659004'),
('659003', '图木舒克市', 3, '650000', '659003'),
('652929', '柯坪县', 3, '650000', '652900'),
('650205', '乌尔禾区', 3, '650000', '650200'),
('650202', '独山子区', 3, '650000', '650200'),
('650204', '白碱滩区', 3, '650000', '650200'),
('653126', '叶城县', 3, '650000', '653100'),
('653131', '塔什库尔干塔吉克自治县', 3, '650000', '653100'),
('653022', '阿克陶县', 3, '650000', '653000'),
('653024', '乌恰县', 3, '650000', '653000'),
('653001', '阿图什市', 3, '650000', '653000'),
('653023', '阿合奇县', 3, '650000', '653000'),
('652922', '温宿县', 3, '650000', '652900'),
('654026', '昭苏县', 3, '650000', '654000'),
('659008', '可克达拉市', 3, '650000', '659008'),
('654004', '霍尔果斯市', 3, '650000', '654000'),
('654225', '裕民县', 3, '650000', '654200'),
('654201', '塔城市', 3, '650000', '654200'),
('654221', '额敏县', 3, '650000', '654200'),
('654226', '和布克赛尔蒙古自治县', 3, '650000', '654200'),
('654324', '哈巴河县', 3, '650000', '654300'),
('654321', '布尔津县', 3, '650000', '654300'),
('654326', '吉木乃县', 3, '650000', '654300'),
('654322', '富蕴县', 3, '650000', '654300'),
('654325', '青河县', 3, '650000', '654300'),
('652325', '奇台县', 3, '650000', '652300'),
('652328', '木垒哈萨克自治县', 3, '650000', '652300'),
('650521', '巴里坤哈萨克自治县', 3, '650000', '650500'),
('650522', '伊吾县', 3, '650000', '650500'),
('653227', '民丰县', 3, '650000', '653200'),
('653226', '于田县', 3, '650000', '653200'),
('653127', '麦盖提县', 3, '650000', '653100'),
('653130', '巴楚县', 3, '650000', '653100'),
('652928', '阿瓦提县', 3, '650000', '652900'),
('650422', '托克逊县', 3, '650000', '650400'),
('650402', '高昌区', 3, '650000', '650400'),
('653225', '策勒县', 3, '650000', '653200'),
('652924', '沙雅县', 3, '650000', '652900'),
('659009', '昆玉市', 3, '650000', '659009'),
('653222', '墨玉县', 3, '650000', '653200'),
('653223', '皮山县', 3, '650000', '653200'),
('652801', '库尔勒市', 3, '650000', '652800'),
('659006', '铁门关市', 3, '650000', '659006'),
('653201', '和田市', 3, '650000', '653200'),
('653221', '和田县', 3, '650000', '653200'),
('653224', '洛浦县', 3, '650000', '653200'),
('659001', '石河子市', 3, '650000', '659001'),
('654223', '沙湾县', 3, '650000', '654200'),
('652324', '玛纳斯县', 3, '650000', '652300'),
('654224', '托里县', 3, '650000', '654200'),
('652824', '若羌县', 3, '650000', '652800'),
('652825', '且末县', 3, '650000', '652800'),
('650502', '伊州区', 3, '650000', '650500'),
('650421', '鄯善县', 3, '650000', '650400'),
('652723', '温泉县', 3, '650000', '652700'),
('654023', '霍城县', 3, '650000', '654000'),
('652702', '阿拉山口市', 3, '650000', '652700'),
('654202', '乌苏市', 3, '650000', '654200'),
('652722', '精河县', 3, '650000', '652700'),
('652701', '博乐市', 3, '650000', '652700'),
('659007', '双河市', 3, '650000', '659007'),
('659005', '北屯市', 3, '650000', '659005'),
('654323', '福海县', 3, '650000', '654300'),
('654301', '阿勒泰市', 3, '650000', '654300'),
('652823', '尉犁县', 3, '650000', '652800'),
('650107', '达坂城区', 3, '650000', '650100'),
('652827', '和静县', 3, '650000', '652800'),
('652829', '博湖县', 3, '650000', '652800'),
('652826', '焉耆回族自治县', 3, '650000', '652800'),
('652901', '阿克苏市', 3, '650000', '652900'),
('652927', '乌什县', 3, '650000', '652900');
insert into dims_tm_areaCodeConfig (CODE, NAME, REGIONTYPE, PROVINCECODE, PREFECTURECODE) values
('530000', '云南省', 1, null, null),
('530600', '昭通市', 2, '530000', null),
('530300', '曲靖市', 2, '530000', null),
('532600', '文山壮族苗族自治州', 2, '530000', null),
('530700', '丽江市', 2, '530000', null),
('530100', '昆明市', 2, '530000', null),
('530800', '普洱市', 2, '530000', null),
('532300', '楚雄彝族自治州', 2, '530000', null),
('532500', '红河哈尼族彝族自治州', 2, '530000', null),
('530500', '保山市', 2, '530000', null),
('530900', '临沧市', 2, '530000', null),
('530400', '玉溪市', 2, '530000', null),
('533400', '迪庆藏族自治州', 2, '530000', null),
('532900', '大理白族自治州', 2, '530000', null),
('533300', '怒江傈僳族自治州', 2, '530000', null),
('532800', '西双版纳傣族自治州', 2, '530000', null),
('533100', '德宏傣族景颇族自治州', 2, '530000', null),
('530627', '镇雄县', 3, '530000', '530600'),
('530381', '宣威市', 3, '530000', '530300'),
('530326', '会泽县', 3, '530000', '530300'),
('530602', '昭阳区', 3, '530000', '530600'),
('532627', '广南县', 3, '530000', '532600'),
('530721', '玉龙纳西族自治县', 3, '530000', '530700'),
('530622', '巧家县', 3, '530000', '530600'),
('530128', '禄劝彝族苗族自治县', 3, '530000', '530100'),
('532601', '文山市', 3, '530000', '532600'),
('530822', '墨江哈尼族自治县', 3, '530000', '530800'),
('530724', '宁蒗彝族自治县', 3, '530000', '530700'),
('530722', '永胜县', 3, '530000', '530700'),
('532301', '楚雄市', 3, '530000', '532300'),
('530625', '永善县', 3, '530000', '530600'),
('530628', '彝良县', 3, '530000', '530600'),
('532331', '禄丰县', 3, '530000', '532300'),
('532528', '元阳县', 3, '530000', '532500'),
('532524', '建水县', 3, '530000', '532500'),
('530129', '寻甸回族彝族自治县', 3, '530000', '530100'),
('532529', '红河县', 3, '530000', '532500'),
('530524', '昌宁县', 3, '530000', '530500'),
('530921', '凤庆县', 3, '530000', '530900'),
('530823', '景东彝族自治县', 3, '530000', '530800'),
('532326', '大姚县', 3, '530000', '532300'),
('532626', '丘北县', 3, '530000', '532600'),
('530922', '云县', 3, '530000', '530900'),
('530621', '鲁甸县', 3, '530000', '530600'),
('530427', '新平彝族傣族自治县', 3, '530000', '530400'),
('530324', '罗平县', 3, '530000', '530300'),
('533401', '香格里拉市', 3, '530000', '533400'),
('532329', '武定县', 3, '530000', '532300'),
('530325', '富源县', 3, '530000', '530300'),
('530302', '麒麟区', 3, '530000', '530300'),
('530402', '红塔区', 3, '530000', '530400'),
('532504', '弥勒市', 3, '530000', '532500'),
('532503', '蒙自市', 3, '530000', '532500'),
('532622', '砚山县', 3, '530000', '532600'),
('533423', '维西傈僳族自治县', 3, '530000', '533400'),
('532328', '元谋县', 3, '530000', '532300'),
('530629', '威信县', 3, '530000', '530600'),
('532324', '南华县', 3, '530000', '532300'),
('530902', '临翔区', 3, '530000', '530900'),
('530824', '景谷傣族彝族自治县', 3, '530000', '530800'),
('530322', '陆良县', 3, '530000', '530300'),
('530112', '西山区', 3, '530000', '530100'),
('530111', '官渡区', 3, '530000', '530100'),
('530102', '五华区', 3, '530000', '530100'),
('530114', '呈贡区', 3, '530000', '530100'),
('532325', '姚安县', 3, '530000', '532300'),
('530428', '元江哈尼族彝族傣族自治县', 3, '530000', '530400'),
('530702', '古城区', 3, '530000', '530700'),
('532932', '鹤庆县', 3, '530000', '532900'),
('530825', '镇沅彝族哈尼族拉祜族自治县', 3, '530000', '530800'),
('530624', '大关县', 3, '530000', '530600'),
('530821', '宁洱哈尼族彝族自治县', 3, '530000', '530800'),
('532525', '石屏县', 3, '530000', '532500'),
('530423', '通海县', 3, '530000', '530400'),
('532623', '西畴县', 3, '530000', '532600'),
('530181', '安宁市', 3, '530000', '530100'),
('532926', '南涧彝族自治县', 3, '530000', '532900'),
('530723', '华坪县', 3, '530000', '530700'),
('532931', '剑川县', 3, '530000', '532900'),
('530303', '沾益区', 3, '530000', '530300'),
('530321', '马龙区', 3, '530000', '530300'),
('532322', '双柏县', 3, '530000', '532300'),
('530426', '峨山彝族自治县', 3, '530000', '530400'),
('532527', '泸西县', 3, '530000', '532500'),
('530323', '师宗县', 3, '530000', '530300'),
('530113', '东川区', 3, '530000', '530100'),
('530125', '宜良县', 3, '530000', '530100'),
('532327', '永仁县', 3, '530000', '532300'),
('532323', '牟定县', 3, '530000', '532300'),
('532928', '永平县', 3, '530000', '532900'),
('530425', '易门县', 3, '530000', '530400'),
('530403', '江川区', 3, '530000', '530400'),
('532502', '开远市', 3, '530000', '532500'),
('532523', '屏边苗族自治县', 3, '530000', '532500'),
('530115', '晋宁区', 3, '530000', '530100'),
('530925', '双江拉祜族佤族布朗族傣族自治县', 3, '530000', '530900'),
('530422', '澄江县', 3, '530000', '530400'),
('530124', '富民县', 3, '530000', '530100'),
('530626', '绥江县', 3, '530000', '530600'),
('530424', '华宁县', 3, '530000', '530400'),
('530126', '石林彝族自治县', 3, '530000', '530100'),
('532530', '金平苗族瑶族傣族自治县', 3, '530000', '532500'),
('533324', '贡山独龙族怒族自治县', 3, '530000', '533300'),
('533323', '福贡县', 3, '530000', '533300'),
('530926', '耿马傣族佤族自治县', 3, '530000', '530900'),
('530927', '沧源佤族自治县', 3, '530000', '530900'),
('530829', '西盟佤族自治县', 3, '530000', '530800'),
('530827', '孟连傣族拉祜族佤族自治县', 3, '530000', '530800'),
('532823', '勐腊县', 3, '530000', '532800'),
('530826', '江城哈尼族彝族自治县', 3, '530000', '530800'),
('532531', '绿春县', 3, '530000', '532500'),
('532625', '马关县', 3, '530000', '532600'),
('532624', '麻栗坡县', 3, '530000', '532600'),
('532628', '富宁县', 3, '530000', '532600'),
('532901', '大理市', 3, '530000', '532900'),
('532930', '洱源县', 3, '530000', '532900'),
('532923', '祥云县', 3, '530000', '532900'),
('532925', '弥渡县', 3, '530000', '532900'),
('532922', '漾濞彝族自治县', 3, '530000', '532900'),
('530630', '水富县', 3, '530000', '530600'),
('530623', '盐津县', 3, '530000', '530600'),
('532924', '宾川县', 3, '530000', '532900'),
('532927', '巍山彝族回族自治县', 3, '530000', '532900'),
('530127', '嵩明县', 3, '530000', '530100'),
('530103', '盘龙区', 3, '530000', '530100'),
('530802', '思茅区', 3, '530000', '530800'),
('530828', '澜沧拉祜族自治县', 3, '530000', '530800'),
('532822', '勐海县', 3, '530000', '532800'),
('532801', '景洪市', 3, '530000', '532800'),
('533422', '德钦县', 3, '530000', '533400'),
('533325', '兰坪白族普米族自治县', 3, '530000', '533300'),
('533301', '泸水市', 3, '530000', '533300'),
('532929', '云龙县', 3, '530000', '532900'),
('532532', '河口瑶族自治县', 3, '530000', '532500'),
('532501', '个旧市', 3, '530000', '532500'),
('530924', '镇康县', 3, '530000', '530900'),
('530923', '永德县', 3, '530000', '530900'),
('530521', '施甸县', 3, '530000', '530500'),
('530523', '龙陵县', 3, '530000', '530500'),
('530502', '隆阳区', 3, '530000', '530500'),
('533124', '陇川县', 3, '530000', '533100'),
('533103', '芒市', 3, '530000', '533100'),
('533102', '瑞丽市', 3, '530000', '533100'),
('533123', '盈江县', 3, '530000', '533100'),
('533122', '梁河县', 3, '530000', '533100'),
('530581', '腾冲市', 3, '530000', '530500');
insert into dims_tm_areaCodeConfig (CODE, NAME, REGIONTYPE, PROVINCECODE, PREFECTURECODE) values
('330000', '浙江省', 1, null, null),
('330600', '绍兴市', 2, '330000', null),
('330700', '金华市', 2, '330000', null),
('330100', '杭州市', 2, '330000', null),
('331100', '丽水市', 2, '330000', null),
('330800', '衢州市', 2, '330000', null),
('330300', '温州市', 2, '330000', null),
('330500', '湖州市', 2, '330000', null),
('330400', '嘉兴市', 2, '330000', null),
('331000', '台州市', 2, '330000', null),
('330200', '宁波市', 2, '330000', null),
('330900', '舟山市', 2, '330000', null),
('330681', '诸暨市', 3, '330000', '330600'),
('330702', '婺城区', 3, '330000', '330700'),
('330127', '淳安县', 3, '330000', '330100'),
('330683', '嵊州市', 3, '330000', '330600'),
('331127', '景宁畲族自治县', 3, '330000', '331100'),
('331123', '遂昌县', 3, '330000', '331100'),
('330803', '衢江区', 3, '330000', '330800'),
('331126', '庆元县', 3, '330000', '331100'),
('330881', '江山市', 3, '330000', '330800'),
('331181', '龙泉市', 3, '330000', '331100'),
('331124', '松阳县', 3, '330000', '331100'),
('330185', '临安区', 3, '330000', '330100'),
('330723', '武义县', 3, '330000', '330700'),
('330802', '柯城区', 3, '330000', '330800'),
('330328', '文成县', 3, '330000', '330300'),
('330182', '建德市', 3, '330000', '330100'),
('330781', '兰溪市', 3, '330000', '330700'),
('330726', '浦江县', 3, '330000', '330700'),
('331102', '莲都区', 3, '330000', '331100'),
('330825', '龙游县', 3, '330000', '330800'),
('330522', '长兴县', 3, '330000', '330500'),
('330824', '开化县', 3, '330000', '330800'),
('330822', '常山县', 3, '330000', '330800'),
('330782', '义乌市', 3, '330000', '330700'),
('330402', '南湖区', 3, '330000', '330400'),
('330122', '桐庐县', 3, '330000', '330100'),
('330703', '金东区', 3, '330000', '330700'),
('331125', '云和县', 3, '330000', '331100'),
('330329', '泰顺县', 3, '330000', '330300'),
('331083', '玉环市', 3, '330000', '331000'),
('330225', '象山县', 3, '330000', '330200'),
('330213', '奉化区', 3, '330000', '330200'),
('330903', '普陀区', 3, '330000', '330900'),
('330206', '北仑区', 3, '330000', '330200'),
('330902', '定海区', 3, '330000', '330900'),
('330921', '岱山县', 3, '330000', '330900'),
('330922', '嵊泗县', 3, '330000', '330900'),
('330327', '苍南县', 3, '330000', '330300'),
('330326', '平阳县', 3, '330000', '330300'),
('330424', '海盐县', 3, '330000', '330400'),
('330482', '平湖市', 3, '330000', '330400'),
('330481', '海宁市', 3, '330000', '330400'),
('330411', '秀洲区', 3, '330000', '330400'),
('330602', '越城区', 3, '330000', '330600'),
('330603', '柯桥区', 3, '330000', '330600'),
('330604', '上虞区', 3, '330000', '330600'),
('330205', '江北区', 3, '330000', '330200'),
('330203', '海曙区', 3, '330000', '330200'),
('330281', '余姚市', 3, '330000', '330200'),
('330282', '慈溪市', 3, '330000', '330200'),
('330211', '镇海区', 3, '330000', '330200'),
('330212', '鄞州区', 3, '330000', '330200'),
('330421', '嘉善县', 3, '330000', '330400'),
('330302', '鹿城区', 3, '330000', '330300'),
('330303', '龙湾区', 3, '330000', '330300'),
('330305', '洞头区', 3, '330000', '330300'),
('330381', '瑞安市', 3, '330000', '330300'),
('330304', '瓯海区', 3, '330000', '330300'),
('331121', '青田县', 3, '330000', '331100'),
('330105', '拱墅区', 3, '330000', '330100'),
('330111', '富阳区', 3, '330000', '330100'),
('330109', '萧山区', 3, '330000', '330100'),
('330108', '滨江区', 3, '330000', '330100'),
('330102', '上城区', 3, '330000', '330100'),
('330103', '下城区', 3, '330000', '330100'),
('330104', '江干区', 3, '330000', '330100'),
('330106', '西湖区', 3, '330000', '330100'),
('330523', '安吉县', 3, '330000', '330500'),
('330502', '吴兴区', 3, '330000', '330500'),
('330503', '南浔区', 3, '330000', '330500'),
('330483', '桐乡市', 3, '330000', '330400'),
('330110', '余杭区', 3, '330000', '330100'),
('330521', '德清县', 3, '330000', '330500'),
('330727', '磐安县', 3, '330000', '330700'),
('331023', '天台县', 3, '330000', '331000'),
('330783', '东阳市', 3, '330000', '330700'),
('330624', '新昌县', 3, '330000', '330600'),
('330226', '宁海县', 3, '330000', '330200'),
('331003', '黄岩区', 3, '330000', '331000'),
('331024', '仙居县', 3, '330000', '331000'),
('331122', '缙云县', 3, '330000', '331100'),
('331002', '椒江区', 3, '330000', '331000'),
('331004', '路桥区', 3, '330000', '331000'),
('331081', '温岭市', 3, '330000', '331000'),
('330382', '乐清市', 3, '330000', '330300'),
('330324', '永嘉县', 3, '330000', '330300'),
('330784', '永康市', 3, '330000', '330700'),
('331082', '临海市', 3, '330000', '331000'),
('331022', '三门县', 3, '330000', '331000'),
('330198', '下沙', 3, '330000', '330100'),
('331101', '开发区', 3, '330000', '331100');
insert into dims_tm_areaCodeConfig (CODE, NAME, REGIONTYPE, PROVINCECODE, PREFECTURECODE) values
('500000', '重庆市', 1, null, null),
('500000', '重庆市', 2, '500000', null),
('500101', '万州区', 3, '500000', '500000'),
('500235', '云阳县', 3, '500000', '500000'),
('500154', '开州区', 3, '500000', '500000'),
('500243', '彭水苗族土家族自治县', 3, '500000', '500000'),
('500242', '酉阳土家族苗族自治县', 3, '500000', '500000'),
('500119', '南川区', 3, '500000', '500000'),
('500155', '梁平区', 3, '500000', '500000'),
('500238', '巫溪县', 3, '500000', '500000'),
('500236', '奉节县', 3, '500000', '500000'),
('500240', '石柱土家族自治县', 3, '500000', '500000'),
('500114', '黔江区', 3, '500000', '500000'),
('500230', '丰都县', 3, '500000', '500000'),
('500112', '渝北区', 3, '500000', '500000'),
('500110', '綦江区', 3, '500000', '500000'),
('500117', '合川区', 3, '500000', '500000'),
('500233', '忠县', 3, '500000', '500000'),
('500116', '江津区', 3, '500000', '500000'),
('500151', '铜梁区', 3, '500000', '500000'),
('500241', '秀山土家族苗族自治县', 3, '500000', '500000'),
('500111', '大足区', 3, '500000', '500000'),
('500237', '巫山县', 3, '500000', '500000'),
('500231', '垫江县', 3, '500000', '500000'),
('500156', '武隆区', 3, '500000', '500000'),
('500106', '沙坪坝区', 3, '500000', '500000'),
('500102', '涪陵区', 3, '500000', '500000'),
('500229', '城口县', 3, '500000', '500000'),
('500118', '永川区', 3, '500000', '500000'),
('500152', '潼南区', 3, '500000', '500000'),
('500113', '巴南区', 3, '500000', '500000'),
('500153', '荣昌区', 3, '500000', '500000'),
('500107', '九龙坡区', 3, '500000', '500000'),
('500115', '长寿区', 3, '500000', '500000'),
('500109', '北碚区', 3, '500000', '500000'),
('500120', '璧山区', 3, '500000', '500000'),
('500108', '南岸区', 3, '500000', '500000'),
('500105', '江北区', 3, '500000', '500000'),
('500103', '渝中区', 3, '500000', '500000'),
('500104', '大渡口区', 3, '500000', '500000');
insert into dims_tm_areaCodeConfig (CODE, NAME, REGIONTYPE, PROVINCECODE, PREFECTURECODE) values
('110000', '北京市', 1, null, null),
('110000', '北京市', 2, '110000', null),
('110111', '房山区', 3, '110000', '110000'),
('110118', '密云区', 3, '110000', '110000'),
('110117', '平谷区', 3, '110000', '110000'),
('110112', '通州区', 3, '110000', '110000'),
('110107', '石景山区', 3, '110000', '110000'),
('110106', '丰台区', 3, '110000', '110000'),
('110116', '怀柔区', 3, '110000', '110000'),
('110109', '门头沟区', 3, '110000', '110000'),
('110114', '昌平区', 3, '110000', '110000'),
('110119', '延庆区', 3, '110000', '110000'),
('110115', '大兴区', 3, '110000', '110000'),
('110101', '东城区', 3, '110000', '110000'),
('110102', '西城区', 3, '110000', '110000'),
('110113', '顺义区', 3, '110000', '110000'),
('110105', '朝阳区', 3, '110000', '110000'),
('110108', '海淀区', 3, '110000', '110000'),
('120000', '天津市', 1, null, null),
('120000', '天津市', 2, '120000', null),
('120114', '武清区', 3, '120000', '120000'),
('120119', '蓟州区', 3, '120000', '120000'),
('120118', '静海区', 3, '120000', '120000'),
('120117', '宁河区', 3, '120000', '120000'),
('120113', '北辰区', 3, '120000', '120000'),
('120103', '河西区', 3, '120000', '120000'),
('120102', '河东区', 3, '120000', '120000'),
('120104', '南开区', 3, '120000', '120000'),
('120110', '东丽区', 3, '120000', '120000'),
('120106', '红桥区', 3, '120000', '120000'),
('120105', '河北区', 3, '120000', '120000'),
('120111', '西青区', 3, '120000', '120000'),
('120112', '津南区', 3, '120000', '120000'),
('120101', '和平区', 3, '120000', '120000'),
('120116', '滨海新区', 3, '120000', '120000'),
('120115', '宝坻区', 3, '120000', '120000'),
('310000', '上海市', 1, null, null),
('310000', '上海市', 2, '310000', null),
('310104', '徐汇区', 3, '310000', '310000'),
('310110', '杨浦区', 3, '310000', '310000'),
('310105', '长宁区', 3, '310000', '310000'),
('310101', '黄浦区', 3, '310000', '310000'),
('310109', '虹口区', 3, '310000', '310000'),
('310120', '奉贤区', 3, '310000', '310000'),
('310115', '浦东新区', 3, '310000', '310000'),
('310151', '崇明区', 3, '310000', '310000'),
('310117', '松江区', 3, '310000', '310000'),
('310116', '金山区', 3, '310000', '310000'),
('310112', '闵行区', 3, '310000', '310000'),
('310114', '嘉定区', 3, '310000', '310000'),
('310118', '青浦区', 3, '310000', '310000'),
('310107', '普陀区', 3, '310000', '310000'),
('310106', '静安区', 3, '310000', '310000'),
('310113', '宝山区', 3, '310000', '310000');
insert into dims_tm_areaCodeConfig (CODE, NAME, REGIONTYPE, PROVINCECODE, PREFECTURECODE) values
('820000', '澳门', 1, null, null),
('820000', '澳门', 2, '820000', null),
('820004', '圣方济各堂区', 3, '820000', '820000'),
('820007', '路氹填海区', 3, '820000', '820000'),
('820006', '大堂区', 3, '820000', '820000'),
('820003', '风顺堂区', 3, '820000', '820000'),
('820005', '嘉模堂区', 3, '820000', '820000'),
('820002', '望德堂区', 3, '820000', '820000'),
('820001', '花王堂区', 3, '820000', '820000'),
('820008', '花地玛堂区', 3, '820000', '820000'),
('710000', '台湾省', 1, null, null),
('710100', '台北市', 2, '710000', null),
('710200', '高雄市', 2, '710000', null),
('710600', '桃园市', 2, '710000', null),
('710400', '台中市', 2, '710000', null),
('710300', '新北市', 2, '710000', null),
('710500', '台南市', 2, '710000', null),
('719014', '澎湖县', 2, '710000', null),
('719011', '屏东县', 2, '710000', null),
('719012', '台东县', 2, '710000', null),
('719013', '花莲县', 2, '710000', null),
('719009', '南投县', 2, '710000', null),
('719005', '宜兰县', 2, '710000', null),
('719004', '新竹县', 2, '710000', null),
('719007', '彰化县', 2, '710000', null),
('719006', '苗栗县', 2, '710000', null),
('719008', '云林县', 2, '710000', null),
('719010', '嘉义县', 2, '710000', null),
('719001', '基隆市', 2, '710000', null),
('719002', '新竹市', 2, '710000', null),
('719003', '嘉义市', 2, '710000', null),
('710102', '松山区', 3, '710000', '710100'),
('710205', '旗津区', 3, '710000', '710200'),
('710603', '八德市', 3, '710000', '710600'),
('710103', '大同区', 3, '710000', '710100'),
('710403', '中区', 3, '710000', '710400'),
('710307', '深坑区', 3, '710000', '710300'),
('710309', '三芝区', 3, '710000', '710300'),
('710310', '三重区', 3, '710000', '710300'),
('710404', '南屯区', 3, '710000', '710400'),
('710509', '盐水区', 3, '710000', '710500'),
('710606', '复兴乡', 3, '710000', '710600'),
('710313', '永和区', 3, '710000', '710300'),
('710607', '芦竹乡', 3, '710000', '710600'),
('710314', '泰山区', 3, '710000', '710300'),
('710608', '观音乡', 3, '710000', '710600'),
('710223', '湖内区', 3, '710000', '710200'),
('710609', '龙潭乡', 3, '710000', '710600'),
('710418', '大甲区', 3, '710000', '710400'),
('710226', '内门区', 3, '710000', '710200'),
('710526', '东区', 3, '710000', '710500'),
('710233', '桃源区', 3, '710000', '710200'),
('710234', '盐埕区', 3, '710000', '710200'),
('710322', '新店区', 3, '710000', '710300'),
('710112', '大安区', 3, '710000', '710100'),
('710328', '瑞芳区', 3, '710000', '710300'),
('710535', '北门区', 3, '710000', '710500'),
('719014', '澎湖县', 3, '710000', '719014'),
('719011', '屏东县', 3, '710000', '719011'),
('719012', '台东县', 3, '710000', '719012'),
('719013', '花莲县', 3, '710000', '719013'),
('719009', '南投县', 3, '710000', '719009'),
('719005', '宜兰县', 3, '710000', '719005'),
('719004', '新竹县', 3, '710000', '719004'),
('719007', '彰化县', 3, '710000', '719007'),
('719006', '苗栗县', 3, '710000', '719006'),
('719008', '云林县', 3, '710000', '719008'),
('719010', '嘉义县', 3, '710000', '719010'),
('710329', '石门区', 3, '710000', '710300'),
('710327', '淡水区', 3, '710000', '710300'),
('710326', '万里区', 3, '710000', '710300'),
('710304', '坪林区', 3, '710000', '710300'),
('710319', '双溪区', 3, '710000', '710300'),
('710311', '平溪区', 3, '710000', '710300'),
('710324', '贡寮区', 3, '710000', '710300'),
('710429', '大安区', 3, '710000', '710400'),
('710427', '外埔区', 3, '710000', '710400'),
('710416', '石冈区', 3, '710000', '710400'),
('710421', '和平区', 3, '710000', '710400'),
('710402', '新社区', 3, '710000', '710400'),
('710413', '太平区', 3, '710000', '710400'),
('710425', '潭子区', 3, '710000', '710400'),
('710417', '北区', 3, '710000', '710400'),
('710401', '东区', 3, '710000', '710400'),
('710411', '南区', 3, '710000', '710400'),
('710426', '大肚区', 3, '710000', '710400'),
('710406', '沙鹿区', 3, '710000', '710400'),
('710415', '大雅区', 3, '710000', '710400'),
('710419', '梧栖区', 3, '710000', '710400'),
('710408', '大里区', 3, '710000', '710400'),
('710420', '东势区', 3, '710000', '710400'),
('710424', '后里区', 3, '710000', '710400'),
('710410', '西区', 3, '710000', '710400'),
('710428', '清水区', 3, '710000', '710400'),
('710407', '丰原区', 3, '710000', '710400'),
('710422', '雾峰区', 3, '710000', '710400'),
('710405', '神冈区', 3, '710000', '710400'),
('710323', '乌来区', 3, '710000', '710300'),
('710316', '石碇区', 3, '710000', '710300'),
('710301', '八里区', 3, '710000', '710300'),
('710101', '北投区', 3, '710000', '710100'),
('710306', '汐止区', 3, '710000', '710300'),
('710305', '莺歌区', 3, '710000', '710300'),
('710302', '三峡区', 3, '710000', '710300'),
('710303', '新庄区', 3, '710000', '710300'),
('710320', '树林区', 3, '710000', '710300'),
('710109', '中山区', 3, '710000', '710100'),
('710105', '信义区', 3, '710000', '710100'),
('710104', '文山区', 3, '710000', '710100'),
('710111', '南港区', 3, '710000', '710100'),
('710308', '芦洲区', 3, '710000', '710300'),
('710318', '林口区', 3, '710000', '710300'),
('710604', '桃园区', 3, '710000', '710600'),
('710605', '龟山乡', 3, '710000', '710600'),
('710611', '大园乡', 3, '710000', '710600'),
('710612', '新屋乡', 3, '710000', '710600'),
('710315', '土城区', 3, '710000', '710300'),
('710107', '中正区', 3, '710000', '710100'),
('710108', '万华区', 3, '710000', '710100'),
('710317', '五股区', 3, '710000', '710300'),
('710225', '林园区', 3, '710000', '710200'),
('710201', '小港区', 3, '710000', '710200'),
('710221', '前镇区', 3, '710000', '710200'),
('710217', '凤山区', 3, '710000', '710200'),
('710212', '苓雅区', 3, '710000', '710200'),
('710227', '鼓山区', 3, '710000', '710200'),
('710230', '前金区', 3, '710000', '710200'),
('710238', '新兴区', 3, '710000', '710200'),
('710229', '三民区', 3, '710000', '710200'),
('710211', '鸟松区', 3, '710000', '710200'),
('710203', '大寮区', 3, '710000', '710200'),
('710202', '左营区', 3, '710000', '710200'),
('710216', '仁武区', 3, '710000', '710200'),
('710210', '楠梓区', 3, '710000', '710200'),
('710220', '大社区', 3, '710000', '710200'),
('710231', '冈山区', 3, '710000', '710200'),
('710213', '桥头区', 3, '710000', '710200'),
('710214', '梓官区', 3, '710000', '710200'),
('710206', '弥陀区', 3, '710000', '710200'),
('710207', '燕巢区', 3, '710000', '710200'),
('710208', '大树区', 3, '710000', '710200'),
('710236', '永安区', 3, '710000', '710200'),
('710219', '茄萣区', 3, '710000', '710200'),
('710237', '路竹区', 3, '710000', '710200'),
('710209', '阿莲区', 3, '710000', '710200'),
('710232', '田寮区', 3, '710000', '710200'),
('710533', '南区', 3, '710000', '710500'),
('710534', '安平区', 3, '710000', '710500'),
('710528', '中西区', 3, '710000', '710500'),
('710513', '仁德区', 3, '710000', '710500'),
('710529', '北区', 3, '710000', '710500'),
('710506', '永康区', 3, '710000', '710500'),
('710510', '归仁区', 3, '710000', '710500'),
('710512', '关庙区', 3, '710000', '710500'),
('710521', '安南区', 3, '710000', '710500'),
('710536', '七股区', 3, '710000', '710500'),
('710511', '龙崎区', 3, '710000', '710500'),
('710518', '新化区', 3, '710000', '710500'),
('710532', '左镇区', 3, '710000', '710500'),
('710531', '南化区', 3, '710000', '710500'),
('710524', '玉井区', 3, '710000', '710500'),
('710505', '山上区', 3, '710000', '710500'),
('710530', '楠西区', 3, '710000', '710500'),
('710516', '新市区', 3, '710000', '710500'),
('710501', '安定区', 3, '710000', '710500'),
('710519', '西港区', 3, '710000', '710500'),
('710517', '佳里区', 3, '710000', '710500'),
('710537', '将军区', 3, '710000', '710500'),
('710502', '大内区', 3, '710000', '710500'),
('710515', '善化区', 3, '710000', '710500'),
('710525', '官田区', 3, '710000', '710500'),
('710527', '六甲区', 3, '710000', '710500'),
('710503', '东山区', 3, '710000', '710500'),
('710523', '柳营区', 3, '710000', '710500'),
('710508', '白河区', 3, '710000', '710500'),
('710522', '后壁区', 3, '710000', '710500'),
('710507', '新营区', 3, '710000', '710500'),
('710504', '下营区', 3, '710000', '710500'),
('710520', '麻豆区', 3, '710000', '710500'),
('710514', '学甲区', 3, '710000', '710500'),
('710235', '旗山区', 3, '710000', '710200'),
('710215', '美浓区', 3, '710000', '710200'),
('710228', '杉林区', 3, '710000', '710200'),
('710222', '茂林区', 3, '710000', '710200'),
('710218', '甲仙区', 3, '710000', '710200'),
('710224', '六龟区', 3, '710000', '710200'),
('710204', '那玛夏区', 3, '710000', '710200'),
('710414', '北屯区', 3, '710000', '710400'),
('710412', '西屯区', 3, '710000', '710400'),
('710409', '龙井区', 3, '710000', '710400'),
('710110', '士林区', 3, '710000', '710100'),
('710613', '中坜市', 3, '710000', '710600'),
('710602', '杨梅市', 3, '710000', '710600'),
('710601', '平镇市', 3, '710000', '710600'),
('710610', '大溪镇', 3, '710000', '710600'),
('710312', '中和区', 3, '710000', '710300'),
('710321', '板桥区', 3, '710000', '710300'),
('710106', '内湖区', 3, '710000', '710100'),
('710423', '乌日区', 3, '710000', '710400'),
('719001', '基隆市', 3, '710000', '719001'),
('719002', '新竹市', 3, '710000', '719002'),
('719003', '嘉义市', 3, '710000', '719003'),
('710325', '金山区', 3, '710000', '710300'),
('810000', '香港', 1, null, null),
('810000', '香港', 2, '810000', null),
('810117', '荃湾区', 3, '810000', '810000'),
('810109', '油尖旺区', 3, '810000', '810000'),
('810102', '东区', 3, '810000', '810000'),
('810108', '黄大仙区', 3, '810000', '810000'),
('810107', '湾仔区', 3, '810000', '810000'),
('810115', '屯门区', 3, '810000', '810000'),
('810113', '西贡区', 3, '810000', '810000'),
('810105', '南区', 3, '810000', '810000'),
('810111', '葵青区', 3, '810000', '810000'),
('810104', '观塘区', 3, '810000', '810000'),
('810101', '中西区', 3, '810000', '810000'),
('810114', '沙田区', 3, '810000', '810000'),
('810103', '九龙城区', 3, '810000', '810000'),
('810106', '深水埗区', 3, '810000', '810000'),
('810116', '大埔区', 3, '810000', '810000'),
('810110', '离岛区', 3, '810000', '810000'),
('810112', '北区', 3, '810000', '810000'),
('810118', '元朗区', 3, '810000', '810000');

CREATE OR REPLACE VIEW provice_view AS
SELECT  code ,name FROM dims_tm_areacodeconfig WHERE regiontype=1;
CREATE OR REPLACE VIEW city_view AS
SELECT  code ,name FROM dims_tm_areacodeconfig WHERE regiontype=2;
CREATE OR REPLACE VIEW country_view AS
SELECT  code ,name FROM dims_tm_areacodeconfig WHERE regiontype=3;

insert into dims_mm_dictionarytype (ID, SPECIALITYNAME, NAME, CODE, CREATOR, UPDATER, MEMO) values
(901000200, '无线', '设备厂家', 'vendor_id', 'admin', 'admin', null),
(901000201, '无线', '生命周期状态', 'lifecycle_status',  'admin', 'admin', null),
(901000202, '无线', '安装位置类型', 'location_type',  'admin', 'admin', null),
(901000203, '无线', '覆盖类型', ' beehive_type', 'admin', 'admin', null),
(901000204, '无线', 'VIP级别', ' vip_type', 'admin', 'admin', null),
(901000205, '无线', '网络制式', 'net_model', 'admin', 'admin', null),
(901000206, '无线', '设备类型', 'device_type', 'admin', 'admin', null),
(901000207, '无线', '构建方式', 'construction_type','admin', 'admin', null),
(901000208, '无线', '使用频段', 'frequency', 'admin', 'admin', null),
(901000209, '无线', '覆盖场景', 'cover_scene', 'admin', 'admin', null),
(901000210, '无线', '是否拉远', 'if_remote', 'admin', 'admin', null),
(901000211, '无线', '接入方式', 'connect_model', 'admin', 'admin', null),
(901000212, '无线', 'RTK安装方式', 'place_type', 'admin', 'admin', null),
(901000213, '无线', '扼流圈天线安装方式', 'install_type', 'admin', 'admin', null),
(901000214, '无线', '板卡功能类型', 'board_function_type', 'admin', 'admin', null),
(901000215, '无线', '端口状态', 'port_status', 'admin', 'admin', null),
(901000216, '无线', '接口类型', 'port_type', 'admin', 'admin', null),
(901000217, '无线', '天线类型', 'antenna_type', 'admin', 'admin', null),
(901000218, '无线', '是否与AAU一体化', 'if_aau', 'admin', 'admin', null),
(901000219, '无线', '铁塔类型', 'tower_type', 'admin', 'admin', null),
(901000220, '无线', '产权性质', 'property_right', 'admin', 'admin', null),
(901000221, '无线', '产权单位', 'property_unit', 'admin', 'admin', null),
(901000222, '无线', '共享单位', 'share_unit', 'admin', 'admin', null),
(901000223, '无线', '铁塔产品种类', 'production_type', 'admin', 'admin', null),
(901000224, '无线', '信号接收方式', 'signal_receive_type', 'admin', 'admin', null),
(901000225, '无线', '供电方式', 'power_supply_type', 'admin', 'admin', null);

insert into dims_mm_dictionary (ID, DICTIONARYTYPE_ID, DICTKEY, DICTVALUE, CREATOR, UPDATER, MEMO) values
(901000300,901000200,1, '爱立信', 'admin', 'admin', null),
(901000301,901000200,2, '阿尔卡特', 'admin', 'admin', null),
(901000302,901000200,3, '华为', 'admin', 'admin', null) ,
(901000303,901000200,4, '大唐', 'admin', 'admin', null) ,
(901000304,901000200,5, '新邮通', 'admin', 'admin', null),
(901000305,901000200,6, '诺基亚贝尔', 'admin', 'admin', null),
(901000306,901000200,7, '中兴', 'admin', 'admin', null) ,
(901000307,901000200,8, '普天', 'admin', 'admin', null) ,
(901000308,901000200,9, '烽火', 'admin', 'admin', null) ,
(901000309,901000200,10, '华测', 'admin', 'admin', null),
(901000310,901000200,11, '和芯星通', 'admin', 'admin', null),
(901000311,901000200,12, '司南导航', 'admin', 'admin', null),
(901000312,901000200,13, '南方测绘', 'admin', 'admin', null),
(901000313,901000200,14, '广州中海达', 'admin', 'admin', null),
(901000314,901000200,15, '北斗星通', 'admin', 'admin', null),
(901000315,901000200,16, '诺西', 'admin', 'admin', null),
(901000316,901000200,17, '京信', 'admin', 'admin', null),
(901000317,901000200,18, '其他', 'admin', 'admin', null),
(901000318,901000201,1, '临时停用', 'admin', 'admin', null),
(901000319,901000201,2, '工程', 'admin', 'admin', null) ,
(901000320,901000201,3, '在网', 'admin', 'admin', null) ,
(901000321,901000201,4, '退网', 'admin', 'admin', null) ,
(901000322,901000201,5, '其他', 'admin', 'admin', null) ,
(901000323,901000202,1, '机房', 'admin', 'admin', null) ,
(901000324,901000202,2, '位置点', 'admin', 'admin', null),
(901000325,901000202,3, '其他', 'admin', 'admin', null),
(901000326,901000203,1, '室内', 'admin', 'admin', null) ,
(901000327,901000203,2, '室外', 'admin', 'admin', null) ,
(901000328,901000203,3, '室内外', 'admin', 'admin', null),
(901000329,901000203,4, '其他', 'admin', 'admin', null),
(901000330,901000204,1, '超级基站', 'admin', 'admin', null),
(901000331,901000204,2, 'VIP', 'admin', 'admin', null),
(901000332,901000204,3, '非VIP', 'admin', 'admin', null),
(901000333,901000204,4, '其他', 'admin', 'admin', null),
(901000334,901000205,1, 'G', 'admin', 'admin', null)  ,
(901000335,901000205,2, 'D', 'admin', 'admin', null)  ,
(901000336,901000205,3, 'T', 'admin', 'admin', null)  ,
(901000337,901000205,4, 'L', 'admin', 'admin', null)  ,
(901000338,901000205,5, 'F', 'admin', 'admin', null)  ,
(901000339,901000205,6, 'N', 'admin', 'admin', null)  ,
(901000340,901000205,7, '5G', 'admin', 'admin', null) ,
(901000341,901000205,8, '其他', 'admin', 'admin', null) ,
(901000342,901000206,1, '宏基站', 'admin', 'admin', null),
(901000343,901000206,2, '微基站', 'admin', 'admin', null),
(901000344,901000206,3, '皮基站', 'admin', 'admin', null),
(901000345,901000206,4, '飞基站', 'admin', 'admin', null),
(901000346,901000206,5, '其他', 'admin', 'admin', null),
(901000347,901000207,1, '分布式', 'admin', 'admin', null),
(901000348,901000207,2, '一体化', 'admin', 'admin', null),
(901000349,901000207,3, '其他', 'admin', 'admin', null),
(901000350,901000208,1, 'GSM900MHz', 'admin', 'admin', null),
(901000351,901000208,2, 'DCS1800MHz', 'admin', 'admin', null),
(901000352,901000208,3, 'GSM900MHz/DCS1800MHz', 'admin', 'admin', null),
(901000353,901000208,4, 'FDD-900MHz', 'admin', 'admin', null),
(901000354,901000208,5, 'FDD-1800MHz', 'admin', 'admin', null),
(901000355,901000208,6, 'D频段', 'admin', 'admin', null),
(901000356,901000208,7, 'F频段', 'admin', 'admin', null),
(901000357,901000208,8, 'A频段', 'admin', 'admin', null),
(901000358,901000208,9, 'E频段', 'admin', 'admin', null),
(901000359,901000208,10, 'A+F频段', 'admin', 'admin', null),
(901000360,901000208,11, 'LD', 'admin', 'admin', null),
(901000361,901000208,12, 'LE', 'admin', 'admin', null),
(901000362,901000208,13, 'LF', 'admin', 'admin', null),
(901000363,901000208,14, 'FG', 'admin', 'admin', null),
(901000364,901000208,15, 'FD', 'admin', 'admin', null),
(901000365,901000208,16, '2.6GHz', 'admin', 'admin', null),
(901000366,901000208,17, '4.9GHz', 'admin', 'admin', null),
(901000367,901000208,18, 'NB', 'admin', 'admin', null),
(901000368,901000208,19, '其他', 'admin', 'admin', null),
(901000369,901000209,1, '党政军机关', 'admin', 'admin', null),
(901000370,901000209,2, '党政军宿舍', 'admin', 'admin', null),
(901000371,901000209,3, '武警军区', 'admin', 'admin', null),
(901000372,901000209,4, '星级酒店', 'admin', 'admin', null),
(901000373,901000209,5, '商业中心', 'admin', 'admin', null),
(901000374,901000209,6, '写字楼', 'admin', 'admin', null),
(901000375,901000209,7, '企事业单位', 'admin', 'admin', null),
(901000376,901000209,8, '会展中心', 'admin', 'admin', null),
(901000377,901000209,9, '机场', 'admin', 'admin', null) ,
(901000378,901000209,10, '火车站', 'admin', 'admin', null),
(901000379,901000209,11, '长途汽车站', 'admin', 'admin', null),
(901000380,901000209,12, '码头', 'admin', 'admin', null),
(901000381,901000209,13, '高铁', 'admin', 'admin', null),
(901000382,901000209,14, '普铁', 'admin', 'admin', null),
(901000383,901000209,15, '地铁', 'admin', 'admin', null),
(901000384,901000209,16, '高速公路', 'admin', 'admin', null),
(901000385,901000209,17, '国道省道', 'admin', 'admin', null),
(901000386,901000209,18, '城区道路', 'admin', 'admin', null),
(901000387,901000209,19, '郊区道路', 'admin', 'admin', null),
(901000388,901000209,20, '航道', 'admin', 'admin', null),
(901000389,901000209,21, '休闲娱乐场所', 'admin', 'admin', null),
(901000390,901000209,22, '体育场馆', 'admin', 'admin', null),
(901000391,901000209,23, '广场公园', 'admin', 'admin', null),
(901000392,901000209,24, '风景区', 'admin', 'admin', null),
(901000393,901000209,25, '医院', 'admin', 'admin', null),
(901000394,901000209,26, '高校', 'admin', 'admin', null),
(901000395,901000209,27, '中小学', 'admin', 'admin', null),
(901000396,901000209,28, '高层居民区', 'admin', 'admin', null),
(901000397,901000209,29, '低层居民区', 'admin', 'admin', null),
(901000398,901000209,30, '城中村', 'admin', 'admin', null),
(901000399,901000209,31, '别墅群', 'admin', 'admin', null),
(901000400,901000209,32, '工业园区', 'admin', 'admin', null),
(901000401,901000209,33, '集贸市场', 'admin', 'admin', null),
(901000402,901000209,34, '乡镇', 'admin', 'admin', null),
(901000403,901000209,35, '村庄', 'admin', 'admin', null),
(901000404,901000209,36, '边境小区', 'admin', 'admin', null),
(901000405,901000209,37, '沙漠戈壁', 'admin', 'admin', null),
(901000406,901000209,38, '山农牧林', 'admin', 'admin', null),
(901000407,901000209,39, '近水近海域', 'admin', 'admin', null),
(901000408,901000209,40, '公墓', 'admin', 'admin', null),
(901000409,901000209,41, '其他', 'admin', 'admin', null),
(901000410,901000210,1, '是', 'admin', 'admin', null),
(901000411,901000210,2, '否', 'admin', 'admin', null),
(901000412,901000210,3, '其他', 'admin', 'admin', null),
(901000413,901000211,1, '直联', 'admin', 'admin', null),
(901000414,901000211,2, '级联', 'admin', 'admin', null),
(901000415,901000211,3, '其他', 'admin', 'admin', null),
(901000416,901000212,1, '标准机柜式', 'admin', 'admin', null),
(901000417,901000212,2, '挂墙机框式', 'admin', 'admin', null),
(901000418,901000212,3, '小型落地机柜式', 'admin', 'admin', null),
(901000419,901000212,4, '室外机柜式', 'admin', 'admin', null),
(901000420,901000212,5, '其他', 'admin', 'admin', null) ,
(901000421,901000213,1,'附墙立杆式', 'admin', 'admin', null),
(901000422,901000213,2,'钢标墩式', 'admin', 'admin', null) ,
(901000423,901000213,3,'地面观测墩式', 'admin', 'admin', null),
(901000424,901000213,4,'其他', 'admin', 'admin', null),
(901000425,901000214,1,'载频板', 'admin', 'admin', null),
(901000426,901000214,2,'主控板', 'admin', 'admin', null),
(901000427,901000214,3,'传输板', 'admin', 'admin', null),
(901000428,901000214,4,'基带板', 'admin', 'admin', null),
(901000429,901000214,5, '其他', 'admin', 'admin', null),
(901000430,901000215,1,'空闲', 'admin', 'admin', null),
(901000431,901000215,2,'预占用', 'admin', 'admin', null),
(901000432,901000215,3,'占用', 'admin', 'admin', null),
(901000433,901000215,4,'预释放', 'admin', 'admin', null),
(901000434,901000215,5, '其他', 'admin', 'admin', null),
(901000435,901000216,1,'A', 'admin', 'admin', null),
(901000436,901000216,2,'GB', 'admin', 'admin', null),
(901000437,901000216,3,'ABIS', 'admin', 'admin', null),
(901000438,901000216,4,'IUB', 'admin', 'admin', null),
(901000439,901000216,5,'IUPS', 'admin', 'admin', null),
(901000440,901000216,6,'IUCS', 'admin', 'admin', null),
(901000441,901000216,7,'S1', 'admin', 'admin', null),
(901000442,901000216,8,'X2', 'admin', 'admin', null),
(901000443,901000216,9, '其他', 'admin', 'admin', null),
(901000444,901000217,1,'单频单极化', 'admin', 'admin', null),
(901000445,901000217,2,'单频双极化', 'admin', 'admin', null),
(901000446,901000217,3,'单频双极化电调', 'admin', 'admin', null),
(901000447,901000217,4,'双频双极化/双频双极化电调', 'admin', 'admin', null),
(901000448,901000217,5,'三频双极化', 'admin', 'admin', null),
(901000449,901000217,6,'三频双极化电调', 'admin', 'admin', null),
(901000450,901000217,7,'智能天线', 'admin', 'admin', null) ,
(901000451,901000217,8,'远程电调天线', 'admin', 'admin', null),
(901000452,901000217,9, '其他', 'admin', 'admin', null),
(901000453,901000218,1, '是', 'admin', 'admin', null),
(901000454,901000218,2, '否', 'admin', 'admin', null),
(901000455,901000218,3, '其他', 'admin', 'admin', null),
(901000456,901000219,1,'落地角钢塔', 'admin', 'admin', null),
(901000457,901000219,2,'楼顶角钢塔', 'admin', 'admin', null),
(901000458,901000219,3,'落地四管塔', 'admin', 'admin', null),
(901000459,901000219,4,'落地三管塔', 'admin', 'admin', null),
(901000460,901000219,5,'楼顶三管塔', 'admin', 'admin', null),
(901000461,901000219,6,'落地内爬单管塔', 'admin', 'admin', null),
(901000462,901000219,7,'落地外爬单管塔', 'admin', 'admin', null),
(901000463,901000219,8,'楼顶单管塔', 'admin', 'admin', null),
(901000464,901000219,9,'落地拉线塔', 'admin', 'admin', null),
(901000465,901000219,10,'楼顶拉线塔', 'admin', 'admin', null),
(901000466,901000219,11,'楼顶井字架', 'admin', 'admin', null),
(901000467,901000219,12,'落地景观塔', 'admin', 'admin', null),
(901000468,901000219,13,'楼顶景观塔', 'admin', 'admin', null),
(901000469,901000219,14,'抱杆', 'admin', 'admin', null),
(901000470,901000219,15,'桅杆', 'admin', 'admin', null),
(901000471,901000219,16,'楼顶美化天线', 'admin', 'admin', null),
(901000472,901000219,17,'集束天线', 'admin', 'admin', null),
(901000473,901000219,18,'其他', 'admin', 'admin', null),
(901000474,901000220,1,'自有（自建）', 'admin', 'admin', null),
(901000475,901000220,2,'自有（合建）', 'admin', 'admin', null),
(901000476,901000220,3,'自有（购买）', 'admin', 'admin', null),
(901000477,901000220,4,'租用', 'admin', 'admin', null),
(901000478,901000220,5,'用户所有', 'admin', 'admin', null),
(901000479,901000220,6,'其他', 'admin', 'admin', null),
(901000480,901000221,1,'中国铁塔', 'admin', 'admin', null),
(901000481,901000221,2,'中国移动', 'admin', 'admin', null),
(901000482,901000221,3,'中国联通', 'admin', 'admin', null),
(901000483,901000221,4,'中国电信', 'admin', 'admin', null),
(901000484,901000221,5,'中国铁通', 'admin', 'admin', null),
(901000485,901000221,6,'中国广电', 'admin', 'admin', null),
(901000486,901000221,7,'业主', 'admin', 'admin', null),
(901000487,901000221,8,'其他', 'admin', 'admin', null),
(901000488,901000222,1,'电信', 'admin', 'admin', null),
(901000489,901000222,2,'联通', 'admin', 'admin', null),
(901000490,901000222,3,'电信+联通', 'admin', 'admin', null),
(901000491,901000222,4,'无', 'admin', 'admin', null),
(901000492,901000222,5,'其他', 'admin', 'admin', null),
(901000493,901000223,1,'移动自维铁塔', 'admin', 'admin', null),
(901000494,901000223,2,'普通地面塔', 'admin', 'admin', null),
(901000495,901000223,3,'景观塔', 'admin', 'admin', null),
(901000496,901000223,4,'简易塔', 'admin', 'admin', null),
(901000497,901000223,5,'普通楼面塔', 'admin', 'admin', null),
(901000498,901000223,6,'楼面抱杆', 'admin', 'admin', null),
(901000499,901000223,7,'其他', 'admin', 'admin', null),
(901000500,901000224,1,'选频', 'admin', 'admin', null),
(901000501,901000224,2,'选带', 'admin', 'admin', null),
(901000502,901000224,3,'宽频', 'admin', 'admin', null),
(901000503,901000224,4,'其他', 'admin', 'admin', null),
(901000504,901000225,1,'太阳能', 'admin', 'admin', null),
(901000505,901000225,2,'市电', 'admin', 'admin', null),
(901000506,901000225,3,'风能', 'admin', 'admin', null),
(901000507,901000225,4, '其他', 'admin', 'admin', null);

--dictionary：承载网
insert into dims_mm_dictionarytype (ID, SPECIALITYNAME, NAME, CODE, CREATOR, UPDATER, MEMO) values
(905000000, '承载网', '设备厂家', 'manufacturer', 'admin', 'admin', null),
(905000001, '承载网', '生命周期状态', 'lifecycle_status', 'admin', 'admin', null),
(905000002, '承载网', '所属业务系统', 'business_system', 'admin', 'admin', null),
(905000003, '承载网', '设备类型', 'equipment_type', 'admin', 'admin', null),
(905000004, '承载网', '网络层次', 'network_level', 'admin', 'admin', null),
(905000005, '承载网', '端口速率', 'port_rate', 'admin', 'admin', null),
(905000006, '承载网', '端口类型', 'port_type', 'admin', 'admin', null),
(905000007, '承载网', '端口状态', 'port_status', 'admin', 'admin', null),
(905000008, '承载网', '连接类型', 'line_type', 'admin', 'admin', null),
(905000009, '承载网', '集群属性', 'cluster_attributes', 'admin', 'admin', null),
(905000010, '承载网', '网元类型', 'network_element_type', 'admin', 'admin', null);

insert into dims_mm_dictionary (ID, DICTIONARYTYPE_ID, DICTKEY, DICTVALUE, CREATOR, UPDATER, MEMO) values
(905000100,905000000,0, '华为', 'admin', 'admin', null),
(905000101,905000000,1, '中兴', 'admin', 'admin', null),
(905000102,905000000,2, '烽火', 'admin', 'admin', null),
(905000103,905000000,3, '上海贝尔', 'admin', 'admin', null),
(905000104,905000000,4, '格林威尔', 'admin', 'admin', null),
(905000105,905000000,5, '瑞斯康达', 'admin', 'admin', null),
(905000106,905000000,6, '光迅', 'admin', 'admin', null),
(905000107,905000000,7, '比威', 'admin', 'admin', null),
(905000108,905000000,8, '光迅科技', 'admin', 'admin', null),
(905000109,905000000,9, '中兴皖通', 'admin', 'admin', null),
(905000110,905000000,10, '北京中昱光通科技', 'admin', 'admin', null),
(905000111,905000000,11, '思科', 'admin', 'admin', null),
(905000112,905000000,12, '爱立信', 'admin', 'admin', null),
(905000113,905000000,13, '阿尔卡特', 'admin', 'admin', null),
(905000114,905000000,14, '大唐', 'admin', 'admin', null),
(905000115,905000000,15, '新邮通', 'admin', 'admin', null),
(905000116,905000000,16, '诺西', 'admin', 'admin', null),
(905000117,905000000,17, '普天', 'admin', 'admin', null),
(905000118,905000000,18, 'Juniper', 'admin', 'admin', null),
(905000119,905000000,19, '邦讯', 'admin', 'admin', null),
(905000120,905000000,20, '三元达', 'admin', 'admin', null),
(905000121,905000000,21, '三维', 'admin', 'admin', null),
(905000122,905000000,22, '京信', 'admin', 'admin', null),
(905000123,905000000,23, '博威', 'admin', 'admin', null),
(905000124,905000000,24, '飞烽', 'admin', 'admin', null),
(905000125,905000000,25, '诺基亚', 'admin', 'admin', null),
(905000126,905000000,26, '中移物联网', 'admin', 'admin', null),
(905000127,905000000,27, '京信通信', 'admin', 'admin', null),
(905000128,905000000,28, '安德鲁', 'admin', 'admin', null),
(905000129,905000000,29, '安弗施', 'admin', 'admin', null),
(905000130,905000000,30, '奥维', 'admin', 'admin', null),
(905000131,905000000,31, '电联', 'admin', 'admin', null),
(905000132,905000000,32, '福建省光微电子科技有限公司', 'admin', 'admin', null),
(905000133,905000000,33, '广东桑瑞', 'admin', 'admin', null),
(905000134,905000000,34, '广东盛路', 'admin', 'admin', null),
(905000135,905000000,35, '广东通宇', 'admin', 'admin', null),
(905000136,905000000,36, '广州杰赛', 'admin', 'admin', null),
(905000137,905000000,37, '国信', 'admin', 'admin', null),
(905000138,905000000,38, '好来登', 'admin', 'admin', null),
(905000139,905000000,39, '亨鑫', 'admin', 'admin', null),
(905000140,905000000,40, '虹信', 'admin', 'admin', null),
(905000141,905000000,41, '华天', 'admin', 'admin', null),
(905000142,905000000,42, '捷仕通', 'admin', 'admin', null),
(905000143,905000000,43, '凯仕琳', 'admin', 'admin', null),
(905000144,905000000,44, '罗森伯格', 'admin', 'admin', null),
(905000145,905000000,45, '美化天线', 'admin', 'admin', null),
(905000146,905000000,46, '摩比', 'admin', 'admin', null),
(905000147,905000000,47, '宁波', 'admin', 'admin', null),
(905000148,905000000,48, '天韵', 'admin', 'admin', null),
(905000149,905000000,49, '通宇', 'admin', 'admin', null),
(905000150,905000000,50, '西安海天', 'admin', 'admin', null),
(905000151,905000000,51, '西安华天', 'admin', 'admin', null),
(905000152,905000000,52, '欣民', 'admin', 'admin', null),
(905000153,905000000,53, '亚信', 'admin', 'admin', null),
(905000154,905000000,54, '中天', 'admin', 'admin', null),
(905000155,905000000,55, '晖速', 'admin', 'admin', null),
(905000156,905000000,56, '基恒通信', 'admin', 'admin', null),
(905000157,905000000,57, '安徽中瑞', 'admin', 'admin', null),
(905000158,905000000,58, '深圳国人', 'admin', 'admin', null),
(905000159,905000000,59, '北京地杰', 'admin', 'admin', null),
(905000160,905000000,60, '东方信联', 'admin', 'admin', null),
(905000161,905000000,61, '上海欣民', 'admin', 'admin', null),
(905000162,905000000,62, '上海飞利', 'admin', 'admin', null),
(905000163,905000000,63, '武汉虹信', 'admin', 'admin', null),
(905000164,905000000,64, '佛山华志', 'admin', 'admin', null),
(905000165,905000000,65, '东南瑞捷信', 'admin', 'admin', null),
(905000166,905000000,66, '北京威奥特', 'admin', 'admin', null),
(905000167,905000000,67, '大唐电信', 'admin', 'admin', null),
(905000168,905000000,68, '双联通公司', 'admin', 'admin', null),
(905000169,905000000,69, '珠海银邮', 'admin', 'admin', null),
(905000170,905000000,70, '广州阿尔创', 'admin', 'admin', null),
(905000171,905000000,71, '香港CSL', 'admin', 'admin', null),
(905000172,905000000,72, '杭州信嘉诺', 'admin', 'admin', null),
(905000173,905000000,73, '杭州佳必信', 'admin', 'admin', null),
(905000174,905000000,74, '阿尔贡', 'admin', 'admin', null),
(905000175,905000000,75, '上海罗顿', 'admin', 'admin', null),
(905000176,905000000,76, '广州埃信', 'admin', 'admin', null),
(905000177,905000000,77, '浙江三维', 'admin', 'admin', null),
(905000178,905000000,78, '深圳华脉', 'admin', 'admin', null),
(905000179,905000000,79, '福建信立通', 'admin', 'admin', null),
(905000180,905000000,80, '福建先创', 'admin', 'admin', null),
(905000181,905000000,81, '深圳云海', 'admin', 'admin', null),
(905000182,905000000,82, '福建邮科所', 'admin', 'admin', null),
(905000183,905000000,83, '泛太公司', 'admin', 'admin', null),
(905000184,905000000,84, '泰普电讯', 'admin', 'admin', null),
(905000185,905000000,85, '湖南通力', 'admin', 'admin', null),
(905000186,905000000,86, '福城', 'admin', 'admin', null),
(905000187,905000000,87, '湖南神风', 'admin', 'admin', null),
(905000188,905000000,88, '深圳联波', 'admin', 'admin', null),
(905000189,905000000,89, '西安华盛', 'admin', 'admin', null),
(905000190,905000000,90, '长春巨龙', 'admin', 'admin', null),
(905000191,905000000,91, '福建泰克', 'admin', 'admin', null),
(905000192,905000000,92, '天津塞乐', 'admin', 'admin', null),
(905000193,905000000,93, '上海成美', 'admin', 'admin', null),
(905000194,905000000,94, '福建三元达', 'admin', 'admin', null),
(905000195,905000000,95, '陕西国人', 'admin', 'admin', null),
(905000196,905000000,96, '福建安邦', 'admin', 'admin', null),
(905000197,905000000,97, '西安澳通', 'admin', 'admin', null),
(905000198,905000000,98, '东方世纪', 'admin', 'admin', null),
(905000199,905000000,99, '西安上通', 'admin', 'admin', null),
(905000200,905000000,100, '西安冠日', 'admin', 'admin', null),
(905000201,905000000,101, '亿同合力', 'admin', 'admin', null),
(905000202,905000000,102, '银波达', 'admin', 'admin', null),
(905000203,905000000,103, '海马泰克', 'admin', 'admin', null),
(905000204,905000000,104, '西安大唐', 'admin', 'admin', null),
(905000205,905000000,105, '惠州邮电工程', 'admin', 'admin', null),
(905000206,905000000,106, '沈阳奥维', 'admin', 'admin', null),
(905000207,905000000,107, '陕西顺通', 'admin', 'admin', null),
(905000208,905000000,108, '深圳中科典', 'admin', 'admin', null),
(905000209,905000000,109, '西安天惠', 'admin', 'admin', null),
(905000210,905000000,110, '陕西志和', 'admin', 'admin', null),
(905000211,905000000,111, '福建飞毛腿', 'admin', 'admin', null),
(905000212,905000000,112, '南京林城', 'admin', 'admin', null),
(905000213,905000000,113, '新大陆', 'admin', 'admin', null),
(905000214,905000000,114, '珠海横琴', 'admin', 'admin', null),
(905000215,905000000,115, '南京万全', 'admin', 'admin', null),
(905000216,905000000,116, '贝尔', 'admin', 'admin', null),
(905000217,905000000,117, '上海无线通信', 'admin', 'admin', null),
(905000218,905000000,118, '东方通信', 'admin', 'admin', null),
(905000219,905000000,119, '北京阔步', 'admin', 'admin', null),
(905000220,905000000,120, '天邑亚斯康', 'admin', 'admin', null),
(905000221,905000000,121, '成都广越', 'admin', 'admin', null),
(905000222,905000000,122, '联通国脉', 'admin', 'admin', null),
(905000223,905000000,123, '京高综合通信', 'admin', 'admin', null),
(905000224,905000000,124, '浙江通普', 'admin', 'admin', null),
(905000225,905000000,125, '深圳信诺', 'admin', 'admin', null),
(905000226,905000000,126, '西湖电子', 'admin', 'admin', null),
(905000227,905000000,127, '福建瑞科', 'admin', 'admin', null),
(905000228,905000000,128, '广州佳讯', 'admin', 'admin', null),
(905000229,905000000,129, '沈阳天机', 'admin', 'admin', null),
(905000230,905000000,130, '未知厂家', 'admin', 'admin', null),
(905000231,905000000,131, '杭州东信', 'admin', 'admin', null),
(905000232,905000000,132, '深圳科捷', 'admin', 'admin', null),
(905000233,905000000,133, '深圳波导', 'admin', 'admin', null),
(905000234,905000000,134, '桑瑞电讯', 'admin', 'admin', null),
(905000235,905000000,135, '粤海电信', 'admin', 'admin', null),
(905000236,905000000,136, '上海东洲', 'admin', 'admin', null),
(905000237,905000000,137, '镕灏通信', 'admin', 'admin', null),
(905000238,905000000,138, '润达丰', 'admin', 'admin', null),
(905000239,905000000,139, '北京西伯尔', 'admin', 'admin', null),
(905000240,905000000,140, '北京兆维', 'admin', 'admin', null),
(905000241,905000000,141, '北京索富三博', 'admin', 'admin', null),
(905000242,905000000,142, '鑫众通信', 'admin', 'admin', null),
(905000243,905000000,143, '西瑞克斯', 'admin', 'admin', null),
(905000244,905000000,144, '浙江卓信', 'admin', 'admin', null),
(905000245,905000000,145, '邦讯技术', 'admin', 'admin', null),
(905000246,905000000,146, '捷士通', 'admin', 'admin', null),
(905000247,905000000,147, '凯瑟琳', 'admin', 'admin', null),
(905000248,905000000,148, '其他', 'admin', 'admin', null),
(905000249,905000001,0, '设计', 'admin', 'admin', null),
(905000250,905000001,1, '工程', 'admin', 'admin', null),
(905000251,905000001,2, '在网', 'admin', 'admin', null),
(905000252,905000001,3, '退网', 'admin', 'admin', null),
(905000253,905000001,4, '维护', 'admin', 'admin', null),
(905000254,905000001,5, '竣工', 'admin', 'admin', null),
(905000255,905000001,6, '规划', 'admin', 'admin', null),
(905000256,905000001,7, '临时停用', 'admin', 'admin', null),
(905000257,905000001,8, '空闲', 'admin', 'admin', null),
(905000258,905000001,9, '报废', 'admin', 'admin', null),
(905000259,905000001,10, '空载', 'admin', 'admin', null),
(905000260,905000001,11, '工程新建', 'admin', 'admin', null),
(905000261,905000001,12, '现网有业务', 'admin', 'admin', null),
(905000262,905000001,13, '现网无业务', 'admin', 'admin', null),
(905000263,905000001,14, '退网未下电', 'admin', 'admin', null),
(905000264,905000001,15, '退网已下电', 'admin', 'admin', null),
(905000265,905000001,16, '退网已拆除', 'admin', 'admin', null),
(905000266,905000001,17, '预占', 'admin', 'admin', null),
(905000267,905000001,18, '入网未交维', 'admin', 'admin', null),
(905000268,905000001,19, '入网已交维', 'admin', 'admin', null),
(905000269,905000001,20, '备份网元', 'admin', 'admin', null),
(905000270,905000001,21, '工程(草稿中)', 'admin', 'admin', null),
(905000271,905000001,22, '工程(测试网元)', 'admin', 'admin', null),
(905000272,905000001,23, '工程(工程新建)', 'admin', 'admin', null),
(905000273,905000001,24, '工程(试运行)', 'admin', 'admin', null),
(905000274,905000001,25, '工程(网优验收自检中)', 'admin', 'admin', null),
(905000275,905000001,26, '工程(验收完毕)', 'admin', 'admin', null),
(905000276,905000001,27, '工程(验收中)', 'admin', 'admin', null),
(905000277,905000001,28, '工程(自检中)', 'admin', 'admin', null),
(905000278,905000001,29, '模型机', 'admin', 'admin', null),
(905000279,905000001,30, '拟新建', 'admin', 'admin', null),
(905000280,905000001,31, '退网(拟终止)', 'admin', 'admin', null),
(905000281,905000001,32, '退网(退网挂起)', 'admin', 'admin', null),
(905000282,905000001,33, '退网(退网中)', 'admin', 'admin', null),
(905000283,905000001,34, '退网（塔维申请）', 'admin', 'admin', null),
(905000284,905000001,35, '在网(假期网元)', 'admin', 'admin', null),
(905000285,905000001,36, '在网(临时中断)', 'admin', 'admin', null),
(905000286,905000001,37, '在网(在网运行)', 'admin', 'admin', null),
(905000287,905000001,38, '静态', 'admin', 'admin', null),
(905000288,905000001,39, '验收', 'admin', 'admin', null),
(905000289,905000001,40, '施工在建', 'admin', 'admin', null),
(905000290,905000001,41, '待规划', 'admin', 'admin', null),
(905000291,905000001,42, '补录', 'admin', 'admin', null),
(905000292,905000001,43, '立项', 'admin', 'admin', null),
(905000293,905000001,44, '未确定', 'admin', 'admin', null),
(905000294,905000001,45, '工程在建', 'admin', 'admin', null),
(905000295,905000001,46, '初验通过', 'admin', 'admin', null),
(905000296,905000001,47, '工程取消', 'admin', 'admin', null),
(905000297,905000001,48, '测试', 'admin', 'admin', null),
(905000298,905000001,49, '停用', 'admin', 'admin', null),
(905000299,905000001,50, '搬迁退网', 'admin', 'admin', null),
(905000300,905000001,51, '草稿', 'admin', 'admin', null),
(905000301,905000001,52, '试运行', 'admin', 'admin', null),
(905000302,905000001,53, '验收中', 'admin', 'admin', null),
(905000303,905000001,54, '备份', 'admin', 'admin', null),
(905000304,905000001,55, '应急', 'admin', 'admin', null),
(905000305,905000001,56, '其他', 'admin', 'admin', null),
(905000306,905000002,0, 'IP承载网', 'admin', 'admin', null),
(905000307,905000002,1, 'CMNET省网', 'admin', 'admin', null),
(905000308,905000002,2, 'CMNET城域网', 'admin', 'admin', null),
(905000309,905000002,3, 'MDCN', 'admin', 'admin', null),
(905000310,905000002,4, '业务CE（CS/PS/IMS/其它CE）', 'admin', 'admin', null),
(905000311,905000002,5, '其他', 'admin', 'admin', null),
(905000312,905000003,0, 'BRAS', 'admin', 'admin', null),
(905000313,905000003,1, '路由器', 'admin', 'admin', null),
(905000314,905000003,2, '交换机', 'admin', 'admin', null),
(905000315,905000003,3, '防火墙', 'admin', 'admin', null),
(905000316,905000003,4, '其他', 'admin', 'admin', null),
(905000317,905000004,0, '核心层', 'admin', 'admin', null),
(905000318,905000004,1, '汇聚层', 'admin', 'admin', null),
(905000319,905000004,2, '接入层', 'admin', 'admin', null),
(905000320,905000004,3, '其他', 'admin', 'admin', null),
(905000321,905000005,0, '100G', 'admin', 'admin', null),
(905000322,905000005,1, '40G', 'admin', 'admin', null),
(905000323,905000005,2, '10G', 'admin', 'admin', null),
(905000324,905000005,3, '2.5G', 'admin', 'admin', null),
(905000325,905000005,4, 'GE', 'admin', 'admin', null),
(905000326,905000005,5, '622M', 'admin', 'admin', null),
(905000327,905000005,6, '155M', 'admin', 'admin', null),
(905000328,905000005,7, '100M', 'admin', 'admin', null),
(905000329,905000005,8, '10M', 'admin', 'admin', null),
(905000330,905000005,9, '2M', 'admin', 'admin', null),
(905000331,905000005,10, '其他', 'admin', 'admin', null),
(905000332,905000006,0, 'POS', 'admin', 'admin', null),
(905000333,905000006,1, 'GE', 'admin', 'admin', null),
(905000334,905000006,2, 'FE', 'admin', 'admin', null),
(905000335,905000006,3, '10GE', 'admin', 'admin', null),
(905000336,905000006,4, '40GE', 'admin', 'admin', null),
(905000337,905000006,5, '100GE', 'admin', 'admin', null),
(905000338,905000006,6, '其他', 'admin', 'admin', null),
(905000339,905000007,0, '空闲--端口未分配', 'admin', 'admin', null),
(905000340,905000007,1, '预占--端口已分配', 'admin', 'admin', null),
(905000341,905000007,2, '但未使用', 'admin', 'admin', null),
(905000342,905000007,3, '占用--端口已分配', 'admin', 'admin', null),
(905000343,905000007,4, '已使用', 'admin', 'admin', null),
(905000344,905000007,5, '预删除--端口已停用', 'admin', 'admin', null),
(905000345,905000007,6, '待删除业务', 'admin', 'admin', null),
(905000346,905000007,7, '预释放', 'admin', 'admin', null),
(905000347,905000007,8, '其他', 'admin', 'admin', null),
(905000348,905000008,0, '上联', 'admin', 'admin', null),
(905000349,905000008,1, '下联', 'admin', 'admin', null),
(905000350,905000008,2, '互联', 'admin', 'admin', null),
(905000351,905000008,3, '业务口', 'admin', 'admin', null),
(905000352,905000008,4, '其他', 'admin', 'admin', null),
(905000353,905000009,0, '非集群', 'admin', 'admin', null),
(905000354,905000009,1, '背靠背', 'admin', 'admin', null),
(905000355,905000009,2, '2+2集群', 'admin', 'admin', null),
(905000356,905000009,3, '2+3集群', 'admin', 'admin', null),
(905000357,905000009,4, '2+4集群', 'admin', 'admin', null),
(905000358,905000009,5, '2+5集群', 'admin', 'admin', null),
(905000359,905000009,6, '2+6集群', 'admin', 'admin', null),
(905000360,905000009,7, '2+7集群', 'admin', 'admin', null),
(905000361,905000009,8, '2+8集群', 'admin', 'admin', null),
(905000362,905000009,9, '1+2集群', 'admin', 'admin', null),
(905000363,905000009,10, '1+3集群', 'admin', 'admin', null),
(905000364,905000009,11, '1+4集群', 'admin', 'admin', null),
(905000365,905000009,12, '1+5集群', 'admin', 'admin', null),
(905000366,905000009,13, '1+6集群', 'admin', 'admin', null),
(905000367,905000009,14, '1+7集群', 'admin', 'admin', null),
(905000368,905000009,15, '1+8集群', 'admin', 'admin', null),
(905000369,905000009,16, '其他', 'admin', 'admin', null),
(905000370,905000010,0, 'RR', 'admin', 'admin', null),
(905000371,905000010,1, 'CR', 'admin', 'admin', null),
(905000372,905000010,2, 'BR', 'admin', 'admin', null),
(905000373,905000010,3, 'AR', 'admin', 'admin', null),
(905000374,905000010,4, 'CR/BR', 'admin', 'admin', null),
(905000375,905000010,5, 'BR/AR', 'admin', 'admin', null),
(905000376,905000010,6, 'CE', 'admin', 'admin', null),
(905000377,905000010,7, 'PA', 'admin', 'admin', null),
(905000378,905000010,8, 'PB', 'admin', 'admin', null),
(905000379,905000010,9, 'PC', 'admin', 'admin', null),
(905000380,905000010,10, 'MA', 'admin', 'admin', null),
(905000381,905000010,11, 'MB', 'admin', 'admin', null),
(905000382,905000010,12, 'MC', 'admin', 'admin', null),
(905000383,905000010,13, 'BC', 'admin', 'admin', null),
(905000384,905000010,14, 'PB_BR', 'admin', 'admin', null),
(905000385,905000010,15, 'PB_IXR', 'admin', 'admin', null),
(905000386,905000010,16, 'PB_RR', 'admin', 'admin', null),
(905000387,905000010,17, 'BB ', 'admin', 'admin', null),
(905000388,905000010,18, 'BI', 'admin', 'admin', null),
(905000389,905000010,19, 'BRAS', 'admin', 'admin', null),
(905000390,905000010,20, 'SR（城域网业务路由器）', 'admin', 'admin', null),
(905000391,905000010,21, '客户侧', 'admin', 'admin', null),
(905000392,905000010,22, 'PI(省内网间)', 'admin', 'admin', null),
(905000393,905000010,23, 'FW', 'admin', 'admin', null),
(905000394,905000010,24, 'SW', 'admin', 'admin', null),
(905000395,905000010,25, '其他', 'admin', 'admin', null);
--dictionary：家客
insert into dims_mm_dictionarytype (ID, SPECIALITYNAME, NAME, CODE, CREATOR, UPDATER, MEMO) values
(908000200, '家客', '接入方式', 'enter_type', 'admin', 'admin', null),
(908000201, '家客', '客户业务状态', 'service_status',  'admin', 'admin', null),
(908000202, '家客', '地域属性', 'attributes',  'admin', 'admin', null),
(908000203, '家客', '生命周期状态', 'lifecycle_status', 'admin', 'admin', null),
(908000204, '家客', '厂家', 'manufacturer', 'admin', 'admin', null),
(908000205, '家客', '端口状态', 'port_status', 'admin', 'admin', null),
(908000206, '家客', '分光比', 'splitter_ratio', 'admin', 'admin', null),
(908000207, '家客', '箱体内设备类型', 'sub_device_type','admin', 'admin', null);

insert into dims_mm_dictionary (ID, DICTIONARYTYPE_ID, DICTKEY, DICTVALUE, CREATOR, UPDATER, MEMO) values
(908000400,908000200,1, 'FTTH', 'admin', 'admin', null),
(908000401,908000200,2, 'FTTB', 'admin', 'admin', null),
(908000402,908000200,3, '其他', 'admin', 'admin', null),
(908000403,908000201,1, '开通处理中', 'admin', 'admin', null) ,
(908000404,908000201,2, '竣工', 'admin', 'admin', null),
(908000405,908000201,3, '拆除', 'admin', 'admin', null),
(908000406,908000201,4, '其他', 'admin', 'admin', null) ,
(908000407,908000202,1, '城市', 'admin', 'admin', null) ,
(908000408,908000202,2, '乡镇', 'admin', 'admin', null) ,
(908000409,908000202,3, '农村', 'admin', 'admin', null),
(908000410,908000202,4, '其他', 'admin', 'admin', null),
(908000411,908000203,1, '工程', 'admin', 'admin', null),
(908000412,908000203,2, '在网', 'admin', 'admin', null),
(908000413,908000203,3, '退网', 'admin', 'admin', null),
(908000414,908000203,4, '规划', 'admin', 'admin', null),
(908000415,908000203,5, '设计', 'admin', 'admin', null),
(908000416,908000203,6, '其他', 'admin', 'admin', null),
(908000417,908000204,1, '华为', 'admin', 'admin', null),
(908000418,908000204,2, '中兴', 'admin', 'admin', null) ,
(908000419,908000204,3, '贝尔', 'admin', 'admin', null) ,
(908000420,908000204,4, '阿尔卡特', 'admin', 'admin', null) ,
(908000421,908000204,5, '烽火', 'admin', 'admin', null) ,
(908000422,908000204,6, '其他', 'admin', 'admin', null),
(908000423,908000205,1, '空闲', 'admin', 'admin', null) ,
(908000424,908000205,2, '预占', 'admin', 'admin', null) ,
(908000425,908000205,3, '占用', 'admin', 'admin', null),
(908000426,908000205,4, '待拆', 'admin', 'admin', null),
(908000427,908000205,5, '预置故障', 'admin', 'admin', null),
(908000428,908000205,6, '故障', 'admin', 'admin', null),
(908000429,908000205,7, '其他', 'admin', 'admin', null)  ,
(908000430,908000206,1, '1:2', 'admin', 'admin', null)  ,
(908000431,908000206,2, '1:4', 'admin', 'admin', null)  ,
(908000432,908000206,3, '1:8', 'admin', 'admin', null)  ,
(908000433,908000205,4, '1:16', 'admin', 'admin', null)  ,
(908000434,908000205,5, '1:32', 'admin', 'admin', null)  ,
(908000435,908000205,6, '1:64', 'admin', 'admin', null) ,
(908000436,908000206,7, '2:4', 'admin', 'admin', null),
(908000437,908000206,8, '2:8', 'admin', 'admin', null),
(908000438,908000206,9, '2:16', 'admin', 'admin', null),
(908000439,908000206,10, '2:32', 'admin', 'admin', null),
(908000440,908000206,11, '2:64', 'admin', 'admin', null),
(908000441,908000206,12, '其他', 'admin', 'admin', null),
(908000442,908000207,1, '分光器', 'admin', 'admin', null),
(908000443,908000207,2, '法兰盘', 'admin', 'admin', null),
(908000444,908000207,3, '直溶', 'admin', 'admin', null),
(908000445,908000207,4, '其他', 'admin', 'admin', null);

--插入空间 dims_mm_dictionarytype
insert into dims_mm_dictionarytype (ID, SPECIALITYNAME, NAME, CODE, CREATOR, UPDATER, MEMO) values
(902000001, '空间', '站点类型', 'site_type', 'admin', 'admin', null),
(902000002, '空间', '位置点类型', 'res_type', 'admin', 'admin', null),
(902000003, '空间', '生命周期状态', 'lifecycle_status', 'admin', 'admin', null),
(902000004, '空间', '产权性质', 'property_right', 'admin', 'admin', null),
(902000005, '空间', '产权单位', 'property_unit', 'admin', 'admin', null),
(902000006, '空间', '机房类型', 'equiproom_type', 'admin', 'admin', null),
(902000007, '空间', '机房级别', 'equiproom_level', 'admin', 'admin', null),
(902000008, '空间', '铁塔机房产品分类', 'china_tower_room_type', 'admin', 'admin', null),
(902000009, '空间', '共享单位', 'shared_unit', 'admin', 'admin', null),
(902000010, '空间', '机架位置状态', 'using_status', 'admin', 'admin', null);
--插入空间 dims_mm_dictionary
insert into dims_mm_dictionary (ID, DICTIONARYTYPE_ID, DICTKEY, DICTVALUE, CREATOR, UPDATER, MEMO) values
(902000201, 902000001, 0, '核心站点', 'admin', 'admin', null),
(902000202, 902000001, 1, '骨干站点', 'admin', 'admin', null),
(902000203, 902000001, 2, '汇聚站点', 'admin', 'admin', null),
(902000204, 902000001, 3, '接入站点', 'admin', 'admin', null),
(902000205, 902000001, 4, '用户站点', 'admin', 'admin', null),
(902000206, 902000001, 5, '其他站点', 'admin', 'admin', null),
(902000207, 902000001, 6, '其他', 'admin', 'admin', null),
(902000208, 902000002, 0, '无线位置点', 'admin', 'admin', null),
(902000209, 902000002, 1, '传输位置点', 'admin', 'admin', null),
(902002010, 902000002, 2, '全业务位置点', 'admin', 'admin', null),
(902002011, 902000002, 3, '其他', 'admin', 'admin', null),
(902000212, 902000003, 0, '工程', 'admin', 'admin', null),
(902000213, 902000003, 1, '在网', 'admin', 'admin', null),
(902000214, 902000003, 2, '退网', 'admin', 'admin', null),
(902000215, 902000003, 3, '其他', 'admin', 'admin', null),
(902000216, 902000004, 0, '自建', 'admin', 'admin', null),
(902000217, 902000004, 1, '合建', 'admin', 'admin', null),
(902000218, 902000004, 2, '共建', 'admin', 'admin', null),
(902000219, 902000004, 3, '租用', 'admin', 'admin', null),
(902000220, 902000004, 4, '购买', 'admin', 'admin', null),
(902000221, 902000004, 5, '置换', 'admin', 'admin', null),
(902000222, 902000004, 6, '其它', 'admin', 'admin', null),
(902000223, 902000004, 7, '移动自有', 'admin', 'admin', null),
(902000224, 902000004, 8, '移交铁塔', 'admin', 'admin', null),
(902000225, 902000004, 9, '租用铁塔', 'admin', 'admin', null),
(902000226, 902000004, 10, '无', 'admin', 'admin', null),
(902000227, 902000004, 11, '其他', 'admin', 'admin', null),
(902000228, 902000005, 0, '中国移动', 'admin', 'admin', null),
(902000229, 902000005, 1, '中国联通', 'admin', 'admin', null),
(902000230, 902000005, 2, '中国电信', 'admin', 'admin', null),
(902000231, 902000005, 3, '中国铁通', 'admin', 'admin', null),
(902000232, 902000005, 4, '中国铁塔', 'admin', 'admin', null),
(902000233, 902000005, 5, '中国广电', 'admin', 'admin', null),
(902000234, 902000005, 6, '业主', 'admin', 'admin', null),
(902000235, 902000005, 7, '其他', 'admin', 'admin', null),
(902000236, 902000005, 8, '无', 'admin', 'admin', null),
(902000237, 902000005, 9, '其他', 'admin', 'admin', null),
(902000238, 902000006, 0, '核心机房', 'admin', 'admin', null),
(902000239, 902000006, 1, '无线机房', 'admin', 'admin', null),
(902000240, 902000006, 2, '数据机房', 'admin', 'admin', null),
(902000241, 902000006, 3, '传输机房', 'admin', 'admin', null),
(902000242, 902000006, 4, '动力机房', 'admin', 'admin', null),
(902000243, 902000006, 5, 'IDC机房', 'admin', 'admin', null),
(902000244, 902000006, 6, '用户机房', 'admin', 'admin', null),
(902000245, 902000006, 7, '其他机房', 'admin', 'admin', null),
(902000246, 902000006, 8, '其他', 'admin', 'admin', null),
(902000247, 902000007, 0, '核心（省际）', 'admin', 'admin', null),
(902000248, 902000007, 1, '核心（省内）', 'admin', 'admin', null),
(902000249, 902000007, 2, '核心（本地）', 'admin', 'admin', null),
(902000250, 902000007, 3, '汇聚（骨干）', 'admin', 'admin', null),
(902000251, 902000007, 4, '汇聚（普通汇聚）', 'admin', 'admin', null),
(902000252, 902000007, 5, '汇聚（综合业务接入）', 'admin', 'admin', null),
(902000253, 902000007, 6, '接入', 'admin', 'admin', null),
(902000254, 902000007, 7, '用户', 'admin', 'admin', null),
(902000255, 902000007, 8, '其他', 'admin', 'admin', null),
(902000256, 902000008, 0, '移动自维机房', 'admin', 'admin', null),
(902000257, 902000008, 1, '砖混机房', 'admin', 'admin', null),
(902000258, 902000008, 2, '框架机房', 'admin', 'admin', null),
(902000259, 902000008, 3, '彩钢板机房', 'admin', 'admin', null),
(902000260, 902000008, 4, '一体化机柜', 'admin', 'admin', null),
(902000261, 902000008, 5, '租用机房', 'admin', 'admin', null),
(902000262, 902000008, 6, '其他机房', 'admin', 'admin', null),
(902000263, 902000008, 7, 'RRU拉远', 'admin', 'admin', null),
(902000264, 902000008, 8, '一体化机房', 'admin', 'admin', null),
(902000265, 902000008, 9, '无机房', 'admin', 'admin', null),
(902000266, 902000008, 10, '其他', 'admin', 'admin', null),
(902000267, 902000009, 0, '电信', 'admin', 'admin', null),
(902000268, 902000009, 1, '联通', 'admin', 'admin', null),
(902000269, 902000009, 2, '电信+联通', 'admin', 'admin', null),
(902000270, 902000009, 3, '无', 'admin', 'admin', null),
(902000271, 902000009, 4, '其他', 'admin', 'admin', null),
(902000272, 902000010, 0, '空闲', 'admin', 'admin', null),
(902000273, 902000010, 1, '预占', 'admin', 'admin', null),
(902000274, 902000010, 2, '占用', 'admin', 'admin', null),
(902000275, 902000010, 3, '其他', 'admin', 'admin', null);

--插入公共 dims_mm_dictionarytype
insert into dims_mm_dictionarytype (ID, SPECIALITYNAME, NAME, CODE, CREATOR, UPDATER, MEMO) values
(900000001, '公共', '所属空间类型', 'related_type', 'admin', 'admin', null),
(900000002, '公共', '机架类型', 'rack_type', 'admin', 'admin', null),
(900000003, '公共', '生命周期状态', 'lifecycle_status', 'admin', 'admin', null),
(900000004, '公共', '所属设备类型', 'related_equipment_type', 'admin', 'admin', null),
(900000005, '公共', '端子状态', 'port_status', 'admin', 'admin', null);
--插入公共 dims_mm_dictionary
insert into dims_mm_dictionary (ID, DICTIONARYTYPE_ID, DICTKEY, DICTVALUE, CREATOR, UPDATER, MEMO) values
(900000201, 900000001, 0, '机房', 'admin', 'admin', null),
(900000202, 900000001, 1, '资源点', 'admin', 'admin', null),
(900000203, 900000001, 2, '其他', 'admin', 'admin', null),
(900000204, 900000002, 0, '设备机架', 'admin', 'admin', null),
(900000205, 900000002, 1, 'DDF架', 'admin', 'admin', null),
(900000206, 900000002, 2, 'ODF架', 'admin', 'admin', null),
(900000207, 900000002, 3, 'IDC机架', 'admin', 'admin', null),
(900000208, 900000002, 4, '综合机架', 'admin', 'admin', null),
(900000209, 900000002, 5, '其他', 'admin', 'admin', null),
(900000210, 900000003, 0, '设计', 'admin', 'admin', null),
(900000211, 900000003, 1, '工程', 'admin', 'admin', null),
(900000212, 900000003, 2, '在网', 'admin', 'admin', null),
(900000213, 900000003, 3, '退网', 'admin', 'admin', null),
(900000214, 900000003, 4, '其他', 'admin', 'admin', null),
(900000215, 900000004, 0, '光交接箱', 'admin', 'admin', null),
(900000216, 900000004, 1, '光分纤箱', 'admin', 'admin', null),
(900000217, 900000004, 2, '光终端盒', 'admin', 'admin', null),
(900000218, 900000004, 3, '多媒体箱', 'admin', 'admin', null),
(900000219, 900000004, 4, 'ODF', 'admin', 'admin', null),
(900000220, 900000004, 5, 'IDF', 'admin', 'admin', null),
(900000221, 900000004, 6, '其他', 'admin', 'admin', null),
(900000222, 900000005, 0, '空闲', 'admin', 'admin', null),
(900000223, 900000005, 1, '预占', 'admin', 'admin', null),
(900000224, 900000005, 2, '占用', 'admin', 'admin', null),
(900000225, 900000005, 3, '预释放', 'admin', 'admin', null),
(900000226, 900000005, 4, '释放', 'admin', 'admin', null),
(900000227, 900000005, 5, '故障', 'admin', 'admin', null),
(900000228, 900000005, 6, '其他', 'admin', 'admin', null);

--插入动环 dims_mm_dictionarytype
insert into dims_mm_dictionarytype (ID, SPECIALITYNAME, NAME, CODE, CREATOR, UPDATER, MEMO) values
(907000001,'动环','额定工作电压（V）','ratedOperatingVoltage','admin','admin',null),
(907000002,'动环','机架单双面','faceSide','admin','admin',null),
(907000003,'动环','下游使用状态','useStatus','admin','admin',null),
(907000004,'动环','动环专业机房类型','powerRoomType','admin','admin',null),
(907000005,'动环','下游分路类型缩写','downBranchTypeAbbreviation','admin','admin',null),
(907000006,'动环','设备厂家','vendorId','admin','admin',null),
(907000007,'动环','额定输入电压（V）','ratedInputVoltage','admin','admin',null),
(907000008,'动环','输出类型','outputType','admin','admin',null),
(907000009,'动环','是否有烟感','isSmoke','admin','admin',null),
(907000010,'动环','机架属性','rackAttibute','admin','admin',null),
(907000011,'动环','是否有门禁','isAccessControl','admin','admin',null),
(907000012,'动环','市电电压等级','mainsVoltageLevel','admin','admin',null),
(907000013,'动环','专业类型','majorType','admin','admin',null),
(907000014,'动环','是否有玻碰','isGlassTouch','admin','admin',null),
(907000015,'动环','市电性质','mainsNature','admin','admin',null),
(907000016,'动环','市电备份方式','mainsBackupMethod','admin','admin',null),
(907000017,'动环','额定输出电压（V）','ratedOutputVoltage','admin','admin',null),
(907000018,'动环','市电是否来自不同变电站','powerIsSubstations','admin','admin',null),
(907000019,'动环','输入端口数（路）','totalInputPort','admin','admin',null),
(907000020,'动环','系统类型','systemType','admin','admin',null),
(907000021,'动环','生产厂家','vender','admin','admin',null),
(907000022,'动环','所属设备类型/下游设备类型','linkDeviceType','admin','admin',null),
(907000023,'动环','资源类型','resType','admin','admin',null),
(907000024,'动环','母线类型','busType','admin','admin',null),
(907000025,'动环','市电油机配置级别','mainsConfigurationLevel','admin','admin',null),
(907000026,'动环','设备型号','productName','admin','admin',null),
(907000027,'动环','运行方式','operationMode','admin','admin',null),
(907000028,'动环','工作方式','workMethod','admin','admin',null),
(907000029,'动环','输出电压类型','outputVoltageType','admin','admin',null),
(907000030,'动环','自启动功能','selfStartFunction','admin','admin',null),
(907000031,'动环','动环专业站点级别','powerSiteLevel','admin','admin',null),
(907000032,'动环','使用状态','lifecycleStatus','admin','admin',null),
(907000033,'动环','维护方式','maintainorMethod','admin','admin',null),
(907000034,'动环','是否有红外','isInfrared','admin','admin',null),
(907000035,'动环','是否有水浸','isFlooding','admin','admin',null),
(907000036,'动环','设备类型','deviceType','admin','admin',null),
(907000037,'动环','是否有温湿度','isTemperatureHumidity','admin','admin',null),
(907000038,'动环','设备使用状态','deviceUseStatus','admin','admin',null),
(907000039,'动环','单体电压等级（V）','cellVoltageLevel','admin','admin',null),
(907000040,'动环','输入额定电压（V）','inputRatedVoltage','admin','admin',null),
(907000041,'动环','下挂风机形式','fanForm','admin','admin',null),
(907000042,'动环','安装方式','installationMethod','admin','admin',null),
(907000043,'动环','是否有摄像机','isCamera','admin','admin',null),
(907000044,'动环','机架类别','rackType','admin','admin',null),
(907000045,'动环','产权单位','propertyUnit','admin','admin',null),
(907000046,'动环','产权性质','propertyRight','admin','admin',null),
(907000047,'动环','设备子类','deviceSubclass','admin','admin',null),
(907000048,'动环','分路类型缩写','branchTypeAbbreviation','admin','admin',null),
(907000049,'动环','备份方式','backupMethod','admin','admin',null),
(907000050,'动环','下游分路类型','downBranchType','admin','admin',null),
(907000051,'动环','分路主备','branchActiveStandby','admin','admin',null),
(907000052,'动环','冷却方式','coolingMethod','admin','admin',null),
(907000053,'动环','下游分路主备','downBranchActiveStandby','admin','admin',null),
(907000054,'动环','分路类型','branchType','admin','admin',null),
(907000055,'动环','删除标识','stateflag','admin','admin',null);
--插入动环 dims_mm_dictionary
insert into dims_mm_dictionary (ID, DICTIONARYTYPE_ID, DICTKEY, DICTVALUE, CREATOR, UPDATER, MEMO) values
(907000201,907000001,0,'380V','admin','admin',null),
(907000202,907000001,1,'220V','admin','admin',null),
(907000203,907000001,2,'-48V','admin','admin',null),
(907000204,907000001,3,'10000V','admin','admin',null),
(907000205,907000001,4,'其他','admin','admin',null),
(907000206,907000002,0,'单面','admin','admin',null),
(907000207,907000002,1,'双面','admin','admin',null),
(907000208,907000002,2,'其他','admin','admin',null),
(907000209,907000003,1,'空闲','admin','admin',null),
(907000210,907000003,0,'在用','admin','admin',null),
(907000211,907000003,2,'其他','admin','admin',null),
(907000212,907000004,4,'综合机房','admin','admin',null),
(907000213,907000004,2,'数据机房','admin','admin',null),
(907000214,907000004,1,'交换机房','admin','admin',null),
(907000215,907000004,0,'传输机房','admin','admin',null),
(907000216,907000004,7,'发电机房','admin','admin',null),
(907000217,907000004,6,'基站机房','admin','admin',null),
(907000218,907000004,5,'汇聚机房','admin','admin',null),
(907000219,907000004,3,'IDC机房','admin','admin',null),
(907000220,907000004,11,'高低压配电机房','admin','admin',null),
(907000221,907000004,10,'电力机房','admin','admin',null),
(907000222,907000004,9,'空调机房','admin','admin',null),
(907000223,907000004,8,'电池机房','admin','admin',null),
(907000224,907000004,12,'其他','admin','admin',null),
(907000225,907000005,0,'KIN','admin','admin',null),
(907000226,907000005,1,'RIN','admin','admin',null),
(907000227,907000005,2,'MIN','admin','admin',null),
(907000228,907000005,3,'TIN','admin','admin',null),
(907000229,907000005,4,'其他','admin','admin',null),
(907000230,907000006,118,'东方通信','admin','admin',null),
(907000231,907000006,147,'凯瑟琳','admin','admin',null),
(907000232,907000006,146,'捷士通','admin','admin',null),
(907000233,907000006,145,'邦讯技术','admin','admin',null),
(907000234,907000006,121,'成都广越','admin','admin',null),
(907000235,907000006,120,'天邑亚斯康','admin','admin',null),
(907000236,907000006,119,'北京阔步','admin','admin',null),
(907000237,907000006,117,'上海无线通信','admin','admin',null),
(907000238,907000006,116,'贝尔','admin','admin',null),
(907000239,907000006,115,'南京万全','admin','admin',null),
(907000240,907000006,114,'珠海横琴','admin','admin',null),
(907000241,907000006,113,'新大陆','admin','admin',null),
(907000242,907000006,112,'南京林城','admin','admin',null),
(907000243,907000006,111,'福建飞毛腿','admin','admin',null),
(907000244,907000006,110,'陕西志和','admin','admin',null),
(907000245,907000006,109,'西安天惠','admin','admin',null),
(907000246,907000006,108,'深圳中科典','admin','admin',null),
(907000247,907000006,107,'陕西顺通','admin','admin',null),
(907000248,907000006,106,'沈阳奥维','admin','admin',null),
(907000249,907000006,105,'惠州邮电工程','admin','admin',null),
(907000250,907000006,104,'西安大唐','admin','admin',null),
(907000251,907000006,103,'海马泰克','admin','admin',null),
(907000252,907000006,102,'银波达','admin','admin',null),
(907000253,907000006,101,'亿同合力','admin','admin',null),
(907000254,907000006,100,'西安冠日','admin','admin',null),
(907000255,907000006,99,'西安上通','admin','admin',null),
(907000256,907000006,98,'东方世纪','admin','admin',null),
(907000257,907000006,97,'西安澳通','admin','admin',null),
(907000258,907000006,96,'福建安邦','admin','admin',null),
(907000259,907000006,95,'陕西国人','admin','admin',null),
(907000260,907000006,94,'福建三元达','admin','admin',null),
(907000261,907000006,93,'上海成美','admin','admin',null),
(907000262,907000006,92,'天津塞乐','admin','admin',null),
(907000263,907000006,91,'福建泰克','admin','admin',null),
(907000264,907000006,90,'长春巨龙','admin','admin',null),
(907000265,907000006,89,'西安华盛','admin','admin',null),
(907000266,907000006,88,'深圳联波','admin','admin',null),
(907000267,907000006,87,'湖南神风','admin','admin',null),
(907000268,907000006,86,'福城','admin','admin',null),
(907000269,907000006,85,'湖南通力','admin','admin',null),
(907000270,907000006,84,'泰普电讯','admin','admin',null),
(907000271,907000006,83,'泛太公司','admin','admin',null),
(907000272,907000006,82,'福建邮科所','admin','admin',null),
(907000273,907000006,81,'深圳云海','admin','admin',null),
(907000274,907000006,80,'福建先创','admin','admin',null),
(907000275,907000006,79,'福建信立通','admin','admin',null),
(907000276,907000006,78,'深圳华脉','admin','admin',null),
(907000277,907000006,77,'浙江三维','admin','admin',null),
(907000278,907000006,76,'广州埃信','admin','admin',null),
(907000279,907000006,75,'上海罗顿','admin','admin',null),
(907000280,907000006,74,'阿尔贡','admin','admin',null),
(907000281,907000006,73,'杭州佳必信','admin','admin',null),
(907000282,907000006,72,'杭州信嘉诺','admin','admin',null),
(907000283,907000006,71,'香港CSL','admin','admin',null),
(907000284,907000006,70,'广州阿尔创','admin','admin',null),
(907000285,907000006,69,'珠海银邮','admin','admin',null),
(907000286,907000006,68,'双联通公司','admin','admin',null),
(907000287,907000006,67,'大唐电信','admin','admin',null),
(907000288,907000006,66,'北京威奥特','admin','admin',null),
(907000289,907000006,65,'东南瑞捷信','admin','admin',null),
(907000290,907000006,64,'佛山华志','admin','admin',null),
(907000291,907000006,63,'武汉虹信','admin','admin',null),
(907000292,907000006,62,'上海飞利','admin','admin',null),
(907000293,907000006,61,'上海欣民','admin','admin',null),
(907000294,907000006,60,'东方信联','admin','admin',null),
(907000295,907000006,59,'北京地杰','admin','admin',null),
(907000296,907000006,58,'深圳国人','admin','admin',null),
(907000297,907000006,57,'安徽中瑞','admin','admin',null),
(907000298,907000006,56,'基恒通信','admin','admin',null),
(907000299,907000006,55,'晖速','admin','admin',null),
(907000300,907000006,54,'中天','admin','admin',null),
(907000301,907000006,53,'亚信','admin','admin',null),
(907000302,907000006,52,'欣民','admin','admin',null),
(907000303,907000006,51,'西安华天','admin','admin',null),
(907000304,907000006,50,'西安海天','admin','admin',null),
(907000305,907000006,49,'通宇','admin','admin',null),
(907000306,907000006,48,'天韵','admin','admin',null),
(907000307,907000006,47,'宁波','admin','admin',null),
(907000308,907000006,46,'摩比','admin','admin',null),
(907000309,907000006,45,'美化天线','admin','admin',null),
(907000310,907000006,44,'罗森伯格','admin','admin',null),
(907000311,907000006,43,'凯仕琳','admin','admin',null),
(907000312,907000006,42,'捷仕通','admin','admin',null),
(907000313,907000006,41,'华天','admin','admin',null),
(907000314,907000006,40,'虹信','admin','admin',null),
(907000315,907000006,39,'亨鑫','admin','admin',null),
(907000316,907000006,38,'好来登','admin','admin',null),
(907000317,907000006,37,'国信','admin','admin',null),
(907000318,907000006,36,'广州杰赛','admin','admin',null),
(907000319,907000006,35,'广东通宇','admin','admin',null),
(907000320,907000006,34,'广东盛路','admin','admin',null),
(907000321,907000006,33,'广东桑瑞','admin','admin',null),
(907000322,907000006,32,'福建省光微电子科技有限公司','admin','admin',null),
(907000323,907000006,31,'电联','admin','admin',null),
(907000324,907000006,30,'奥维','admin','admin',null),
(907000325,907000006,29,'安弗施','admin','admin',null),
(907000326,907000006,28,'安德鲁','admin','admin',null),
(907000327,907000006,27,'京信通信','admin','admin',null),
(907000328,907000006,26,'中移物联网','admin','admin',null),
(907000329,907000006,25,'诺基亚','admin','admin',null),
(907000330,907000006,24,'飞烽','admin','admin',null),
(907000331,907000006,23,'博威','admin','admin',null),
(907000332,907000006,22,'京信','admin','admin',null),
(907000333,907000006,21,'三维','admin','admin',null),
(907000334,907000006,20,'三元达','admin','admin',null),
(907000335,907000006,19,'邦讯','admin','admin',null),
(907000336,907000006,18,'Juniper','admin','admin',null),
(907000337,907000006,17,'普天','admin','admin',null),
(907000338,907000006,16,'诺西','admin','admin',null),
(907000339,907000006,15,'新邮通','admin','admin',null),
(907000340,907000006,14,'大唐','admin','admin',null),
(907000341,907000006,13,'阿尔卡特','admin','admin',null),
(907000342,907000006,12,'爱立信','admin','admin',null),
(907000343,907000006,11,'思科','admin','admin',null),
(907000344,907000006,10,'北京中昱光通科技','admin','admin',null),
(907000345,907000006,9,'中兴皖通','admin','admin',null),
(907000346,907000006,8,'光迅科技','admin','admin',null),
(907000347,907000006,7,'比威','admin','admin',null),
(907000348,907000006,6,'光迅','admin','admin',null),
(907000349,907000006,5,'瑞斯康达','admin','admin',null),
(907000350,907000006,4,'格林威尔','admin','admin',null),
(907000351,907000006,3,'上海贝尔','admin','admin',null),
(907000352,907000006,2,'烽火','admin','admin',null),
(907000353,907000006,1,'中兴','admin','admin',null),
(907000354,907000006,0,'华为','admin','admin',null),
(907000355,907000006,144,'浙江卓信','admin','admin',null),
(907000356,907000006,143,'西瑞克斯','admin','admin',null),
(907000357,907000006,142,'鑫众通信','admin','admin',null),
(907000358,907000006,141,'北京索富三博','admin','admin',null),
(907000359,907000006,140,'北京兆维','admin','admin',null),
(907000360,907000006,139,'北京西伯尔','admin','admin',null),
(907000361,907000006,138,'润达丰','admin','admin',null),
(907000362,907000006,137,'镕灏通信','admin','admin',null),
(907000363,907000006,136,'上海东洲','admin','admin',null),
(907000364,907000006,135,'粤海电信','admin','admin',null),
(907000365,907000006,134,'桑瑞电讯','admin','admin',null),
(907000366,907000006,133,'深圳波导','admin','admin',null),
(907000367,907000006,132,'深圳科捷','admin','admin',null),
(907000368,907000006,131,'杭州东信','admin','admin',null),
(907000369,907000006,130,'未知厂家','admin','admin',null),
(907000370,907000006,129,'沈阳天机','admin','admin',null),
(907000371,907000006,128,'广州佳讯','admin','admin',null),
(907000372,907000006,127,'福建瑞科','admin','admin',null),
(907000373,907000006,126,'西湖电子','admin','admin',null),
(907000374,907000006,125,'深圳信诺','admin','admin',null),
(907000375,907000006,124,'浙江通普','admin','admin',null),
(907000376,907000006,123,'京高综合通信','admin','admin',null),
(907000377,907000006,122,'联通国脉','admin','admin',null),
(907000378,907000006,148,'其他','admin','admin',null),
(907000379,907000007,1,'-48V','admin','admin',null),
(907000380,907000007,0,'24V','admin','admin',null),
(907000381,907000007,2,'其他','admin','admin',null),
(907000382,907000008,0,'交流','admin','admin',null),
(907000383,907000008,1,'直流','admin','admin',null),
(907000384,907000008,2,'其他','admin','admin',null),
(907000385,907000009,0,'是','admin','admin',null),
(907000386,907000009,1,'否','admin','admin',null),
(907000387,907000009,2,'其他','admin','admin',null),
(907000388,907000010,0,'ODF','admin','admin',null),
(907000389,907000010,2,'DDF','admin','admin',null),
(907000390,907000010,1,'综合配线架 （IDF）','admin','admin',null),
(907000391,907000010,4,'设备机架','admin','admin',null),
(907000392,907000010,3,'IDC','admin','admin',null),
(907000393,907000010,5,'其他','admin','admin',null),
(907000394,907000011,1,'否','admin','admin',null),
(907000395,907000011,0,'是','admin','admin',null),
(907000396,907000011,2,'其他','admin','admin',null),
(907000397,907000012,4,'无市电','admin','admin',null),
(907000398,907000012,0,'10KV以上','admin','admin',null),
(907000399,907000012,1,'10KV','admin','admin',null),
(907000400,907000012,3,'220V','admin','admin',null),
(907000401,907000012,2,'380V','admin','admin',null),
(907000402,907000012,5,'其他','admin','admin',null),
(907000403,907000013,10,'VOLTE子专业','admin','admin',null),
(907000404,907000013,8,'短信子专业','admin','admin',null),
(907000405,907000013,0,'传输内线专业','admin','admin',null),
(907000406,907000013,1,'动环专业','admin','admin',null),
(907000407,907000013,7,'wlan专业','admin','admin',null),
(907000408,907000013,2,'家客专业','admin','admin',null),
(907000409,907000013,6,'集客专业','admin','admin',null),
(907000410,907000013,5,'物联网专业','admin','admin',null),
(907000411,907000013,4,'无线网专业','admin','admin',null),
(907000412,907000013,3,'承载网专业','admin','admin',null),
(907000413,907000013,16,'网络云专业','admin','admin',null),
(907000414,907000013,15,'5G核心网子专业','admin','admin',null),
(907000415,907000013,14,'HSS子专业','admin','admin',null),
(907000416,907000013,13,'分组域子专业','admin','admin',null),
(907000417,907000013,12,'电路域子专业','admin','admin',null),
(907000418,907000013,11,'IMS子专业','admin','admin',null),
(907000419,907000013,9,'智能网子专业','admin','admin',null),
(907000420,907000013,17,'其他','admin','admin',null),
(907000421,907000014,1,'否','admin','admin',null),
(907000422,907000014,0,'是','admin','admin',null),
(907000423,907000014,2,'其他','admin','admin',null),
(907000424,907000015,2,'风力发电','admin','admin',null),
(907000425,907000015,4,'风光互补','admin','admin',null),
(907000426,907000015,3,'太阳能发电','admin','admin',null),
(907000427,907000015,1,'市电直供','admin','admin',null),
(907000428,907000015,0,'市电转供','admin','admin',null),
(907000429,907000015,5,'用于电费分析','admin','admin',null),
(907000430,907000015,6,'其他','admin','admin',null),
(907000431,907000016,1,'1+1热备','admin','admin',null),
(907000432,907000016,0,'单路引入','admin','admin',null),
(907000433,907000016,2,'1+1冷备','admin','admin',null),
(907000434,907000016,3,'N+0','admin','admin',null),
(907000435,907000016,4,'N+1热备','admin','admin',null),
(907000436,907000016,5,'N+1冷备','admin','admin',null),
(907000437,907000016,6,'其他','admin','admin',null),
(907000438,907000017,3,'240V','admin','admin',null),
(907000439,907000017,1,'-48V','admin','admin',null),
(907000440,907000017,5,'360V','admin','admin',null),
(907000441,907000017,7,'10000V','admin','admin',null),
(907000442,907000017,6,'380V','admin','admin',null),
(907000443,907000017,0,'24V','admin','admin',null),
(907000444,907000017,4,'336V','admin','admin',null),
(907000445,907000017,2,'220V','admin','admin',null),
(907000446,907000017,8,'其他','admin','admin',null),
(907000447,907000018,0,'是','admin','admin',null),
(907000448,907000018,1,'否','admin','admin',null),
(907000449,907000018,2,'其他','admin','admin',null),
(907000450,907000019,1,'2','admin','admin',null),
(907000451,907000019,0,'1','admin','admin',null),
(907000452,907000019,2,'其他','admin','admin',null),
(907000453,907000020,5,'UPS系统','admin','admin',null),
(907000454,907000020,4,'开关电源系统','admin','admin',null),
(907000455,907000020,3,'发电系统','admin','admin',null),
(907000456,907000020,2,'低压配电系统','admin','admin',null),
(907000457,907000020,1,'高压直流系统','admin','admin',null),
(907000458,907000020,0,'高压配电系统','admin','admin',null),
(907000459,907000020,6,'其他','admin','admin',null),
(907000460,907000021,3,'上海贝尔','admin','admin',null),
(907000461,907000021,2,'烽火','admin','admin',null),
(907000462,907000021,1,'中兴','admin','admin',null),
(907000463,907000021,0,'华为','admin','admin',null),
(907000464,907000021,4,'其他','admin','admin',null),
(907000465,907000022,2,'高压配电','admin','admin',null),
(907000466,907000022,5,'低压交流配电','admin','admin',null),
(907000467,907000022,4,'高压直流配电','admin','admin',null),
(907000468,907000022,3,'高压直流电源','admin','admin',null),
(907000469,907000022,1,'变换设备','admin','admin',null),
(907000470,907000022,0,'变压器','admin','admin',null),
(907000471,907000022,15,'其他设备','admin','admin',null),
(907000472,907000022,14,'智能电表','admin','admin',null),
(907000473,907000022,13,'动环监控','admin','admin',null),
(907000474,907000022,12,'节能设备','admin','admin',null),
(907000475,907000022,11,'空调','admin','admin',null),
(907000476,907000022,10,'蓄电池','admin','admin',null),
(907000477,907000022,9,'UPS设备','admin','admin',null),
(907000478,907000022,8,'低压直流配电','admin','admin',null),
(907000479,907000022,7,'开关电源','admin','admin',null),
(907000480,907000022,6,'发电机组','admin','admin',null),
(907000481,907000022,16,'其他','admin','admin',null),
(907000482,907000023,10,'低压配电系统','admin','admin',null),
(907000483,907000023,12,'发电系统','admin','admin',null),
(907000484,907000023,13,'发电机组','admin','admin',null),
(907000485,907000023,14,'开关电源系统','admin','admin',null),
(907000486,907000023,15,'开关电源','admin','admin',null),
(907000487,907000023,16,'低压直流配电','admin','admin',null),
(907000488,907000023,17,'UPS系统','admin','admin',null),
(907000489,907000023,18,'UPS设备','admin','admin',null),
(907000490,907000023,3,'变压器','admin','admin',null),
(907000491,907000023,4,'变换设备','admin','admin',null),
(907000492,907000023,5,'高压配电系统','admin','admin',null),
(907000493,907000023,6,'高压配电','admin','admin',null),
(907000494,907000023,7,'高压直流系统','admin','admin',null),
(907000495,907000023,8,'高压直流电源','admin','admin',null),
(907000496,907000023,9,'高压直流配电','admin','admin',null),
(907000497,907000023,11,'低压交流配电','admin','admin',null),
(907000498,907000023,19,'蓄电池','admin','admin',null),
(907000499,907000023,20,'空调','admin','admin',null),
(907000500,907000023,21,'节能设备','admin','admin',null),
(907000501,907000023,22,'动环监控','admin','admin',null),
(907000502,907000023,23,'智能电表','admin','admin',null),
(907000503,907000023,24,'其他设备','admin','admin',null),
(907000504,907000023,25,'动环专业内输出分路','admin','admin',null),
(907000505,907000023,26,'跨专业输出分路','admin','admin',null),
(907000506,907000023,2,'机房动环属性','admin','admin',null),
(907000507,907000023,1,'位置点动环属性','admin','admin',null),
(907000508,907000023,27,'其他','admin','admin',null),
(907000509,907000024,0,'单母线','admin','admin',null),
(907000510,907000024,1,'双母线','admin','admin',null),
(907000511,907000024,2,'三母线','admin','admin',null),
(907000512,907000024,3,'其他','admin','admin',null),
(907000513,907000025,1,'1市电1油机','admin','admin',null),
(907000514,907000025,2,'2市电1油机','admin','admin',null),
(907000515,907000025,3,'1市电2油机','admin','admin',null),
(907000516,907000025,4,'2市电2油机','admin','admin',null),
(907000517,907000025,0,'1市电无油机','admin','admin',null),
(907000518,907000025,5,'其他','admin','admin',null),
(907000519,907000026,182,'KFR-120LW/S-J2(2)','admin','admin',null),
(907000520,907000026,70,'CXD100','admin','admin',null),
(907000521,907000026,71,'CXD120E','admin','admin',null),
(907000522,907000026,72,'CXD130','admin','admin',null),
(907000523,907000026,73,'CXD45','admin','admin',null),
(907000524,907000026,74,'CXD60','admin','admin',null),
(907000525,907000026,75,'CXD95','admin','admin',null),
(907000526,907000026,76,'D180GAH','admin','admin',null),
(907000527,907000026,77,'D220GDAH','admin','admin',null),
(907000528,907000026,78,'D260GAH','admin','admin',null),
(907000529,907000026,79,'D280GAH','admin','admin',null),
(907000530,907000026,80,'D28GAVGH','admin','admin',null),
(907000531,907000026,81,'D28GAVH','admin','admin',null),
(907000532,907000026,82,'D360GAH','admin','admin',null),
(907000533,907000026,83,'EXD100AⅡ','admin','admin',null),
(907000534,907000026,84,'EXD30A2','admin','admin',null),
(907000535,907000026,85,'EXD60AII','admin','admin',null),
(907000536,907000026,86,'EXD70DA','admin','admin',null),
(907000537,907000026,87,'EXD70DW','admin','admin',null),
(907000538,907000026,88,'EXD80Ⅱ','admin','admin',null),
(907000539,907000026,89,'EXD80A','admin','admin',null),
(907000540,907000026,90,'EXD80AII','admin','admin',null),
(907000541,907000026,91,'EXD85A','admin','admin',null),
(907000542,907000026,92,'EXD90AⅡ','admin','admin',null),
(907000543,907000026,93,'EXD90AI','admin','admin',null),
(907000544,907000026,94,'EXU60AII','admin','admin',null),
(907000545,907000026,95,'U180GAGH','admin','admin',null),
(907000546,907000026,96,'U180GAVGH','admin','admin',null),
(907000547,907000026,97,'U240GAGH','admin','admin',null),
(907000548,907000026,98,'U240GAVGH','admin','admin',null),
(907000549,907000026,99,'U240GH','admin','admin',null),
(907000550,907000026,100,'U260GAGH','admin','admin',null),
(907000551,907000026,101,'U260GAVGH','admin','admin',null),
(907000552,907000026,102,'U28GAH','admin','admin',null),
(907000553,907000026,103,'U28GAVGH','admin','admin',null),
(907000554,907000026,104,'U360GAGH','admin','admin',null),
(907000555,907000026,105,'U37GAVGH','admin','admin',null),
(907000556,907000026,106,'U42GAVGH','admin','admin',null),
(907000557,907000026,107,'FVY125FPVL','admin','admin',null),
(907000558,907000026,108,'FVY71LQVLB(KFR-75L)','admin','admin',null),
(907000559,907000026,109,'ASD351A','admin','admin',null),
(907000560,907000026,110,'ASD-482A','admin','admin',null),
(907000561,907000026,111,'ASD-602A','admin','admin',null),
(907000562,907000026,112,'ASD-692A','admin','admin',null),
(907000563,907000026,113,'ASD-692G','admin','admin',null),
(907000564,907000026,114,'ASD-702A','admin','admin',null),
(907000565,907000026,115,'CCD-271A','admin','admin',null),
(907000566,907000026,116,'CCD-451A','admin','admin',null),
(907000567,907000026,117,'CCD-702A','admin','admin',null),
(907000568,907000026,118,'CCU-352A','admin','admin',null),
(907000569,907000026,119,'CCU-451A','admin','admin',null),
(907000570,907000026,120,'CCU-542A','admin','admin',null),
(907000571,907000026,121,'CCU-802A','admin','admin',null),
(907000572,907000026,122,'CSD-271A','admin','admin',null),
(907000573,907000026,123,'CSD-602A','admin','admin',null),
(907000574,907000026,124,'CSU-271A','admin','admin',null),
(907000575,907000026,125,'CSU-542A','admin','admin',null),
(907000576,907000026,126,'CSU-602A','admin','admin',null),
(907000577,907000026,127,'MRD-662A','admin','admin',null),
(907000578,907000026,128,'CR25A','admin','admin',null),
(907000579,907000026,129,'HCF60KW','admin','admin',null),
(907000580,907000026,130,'KFR-120LW','admin','admin',null),
(907000581,907000026,131,'KFR-120LW/E(1253L)V-N2 YC01','admin','admin',null),
(907000582,907000026,132,'KFR-60LW','admin','admin',null),
(907000583,907000026,133,'KFR-70LW','admin','admin',null),
(907000584,907000026,134,'KF-72LW/E(7233L)R-N2 YC01','admin','admin',null),
(907000585,907000026,135,'KF-120L(1233L)V-N2YC01','admin','admin',null),
(907000586,907000026,136,'KF-120LW/E(1233L)V-N2 YC01','admin','admin',null),
(907000587,907000026,137,'KF-120L/RA','admin','admin',null),
(907000588,907000026,138,'KF-120LW/S-JZ(E5)','admin','admin',null),
(907000589,907000026,139,'KF-120LW/SN-JZ1(R2)','admin','admin',null),
(907000590,907000026,140,'KFR-120L/SD-JZ(E2)','admin','admin',null),
(907000591,907000026,141,'MDV-D140T2/N1','admin','admin',null),
(907000592,907000026,142,'CS-ME45D1E','admin','admin',null),
(907000593,907000026,143,'KFR-120LW/SDY-JA(E5)','admin','admin',null),
(907000594,907000026,144,'KFR-72LW/08T(OYI)','admin','admin',null),
(907000595,907000026,145,'KF-71LW/(SF)','admin','admin',null),
(907000596,907000026,146,'KFR-120LW','admin','admin',null),
(907000597,907000026,147,'KFR-32GW/Z2','admin','admin',null),
(907000598,907000026,148,'KFR-48LW','admin','admin',null),
(907000599,907000026,149,'RF/RF75WD','admin','admin',null),
(907000600,907000026,150,'RF/RFD12WEAR','admin','admin',null),
(907000601,907000026,151,'RF73WDT','admin','admin',null),
(907000602,907000026,152,'L83UD','admin','admin',null),
(907000603,907000026,153,'CMA2060U3E','admin','admin',null),
(907000604,907000026,154,'CMA2100U3E','admin','admin',null),
(907000605,907000026,155,'CMA2100D3E','admin','admin',null),
(907000606,907000026,156,'CMC0140D1E','admin','admin',null),
(907000607,907000026,157,'CMC0140U1E','admin','admin',null),
(907000608,907000026,158,'KFR-120LW','admin','admin',null),
(907000609,907000026,159,'KFR-125LW','admin','admin',null),
(907000610,907000026,160,'KFR-72LW','admin','admin',null),
(907000611,907000026,161,'KFR-75LW','admin','admin',null),
(907000612,907000026,162,'KFR-120L/01T(0F0)','admin','admin',null),
(907000613,907000026,163,'KT3F-120L/05T(F01)','admin','admin',null),
(907000614,907000026,164,'KT3F-120L/05T','admin','admin',null),
(907000615,907000026,165,'KT3F-120L/50T(F01)','admin','admin',null),
(907000616,907000026,166,'KT3F-120W/05T(F01)','admin','admin',null),
(907000617,907000026,167,'KT3F-50G/01T','admin','admin',null),
(907000618,907000026,168,'KT3F-72L/06T(C01)','admin','admin',null),
(907000619,907000026,169,'KT3F-72W/06T(C01)','admin','admin',null),
(907000620,907000026,170,'KT3FR-120L/O5(G01)','admin','admin',null),
(907000621,907000026,171,'KT3FR-70L/03T','admin','admin',null),
(907000622,907000026,172,'KT3FR-72L/08T(0Y1)','admin','admin',null),
(907000623,907000026,173,'KTFR-120W/05T(F01)','admin','admin',null),
(907000624,907000026,174,'X-18LW/02T','admin','admin',null),
(907000625,907000026,175,'KF-120LW','admin','admin',null),
(907000626,907000026,176,'KFR-120LW','admin','admin',null),
(907000627,907000026,177,'KFR-70LW','admin','admin',null),
(907000628,907000026,178,'KFR-76LW','admin','admin',null),
(907000629,907000026,179,'KFR-72LW','admin','admin',null),
(907000630,907000026,180,'KF-120LW/HV8S(5)','admin','admin',null),
(907000631,907000026,181,'KF-120LW/S-J2(2)','admin','admin',null),
(907000632,907000026,183,'KFR-120LW','admin','admin',null),
(907000633,907000026,184,'KFR-120LW/5DY-JA(5）','admin','admin',null),
(907000634,907000026,185,'KFR-70LW','admin','admin',null),
(907000635,907000026,186,'KFR-72LW','admin','admin',null),
(907000636,907000026,187,'KFR-75LW','admin','admin',null),
(907000637,907000026,188,'KFR-120LW/HV8S(5)','admin','admin',null),
(907000638,907000026,189,'KFRd-72LW/JH1SN(R2)','admin','admin',null),
(907000639,907000026,190,'KFR-120LW','admin','admin',null),
(907000640,907000026,191,'MEAU602BI','admin','admin',null),
(907000641,907000026,192,'MEAD1002E','admin','admin',null),
(907000642,907000026,193,'MEAD902M','admin','admin',null),
(907000643,907000026,194,'MEAU702M','admin','admin',null),
(907000644,907000026,195,'MES035C','admin','admin',null),
(907000645,907000026,196,'MEAU802','admin','admin',null),
(907000646,907000026,197,'9AU22Z','admin','admin',null),
(907000647,907000026,198,'9AU13','admin','admin',null),
(907000648,907000026,199,'KFR-35GW','admin','admin',null),
(907000649,907000026,200,'KFR-50GW','admin','admin',null),
(907000650,907000026,201,'KFR-50LW','admin','admin',null),
(907000651,907000026,202,'KFR-72LW','admin','admin',null),
(907000652,907000026,203,'KFR-120LW','admin','admin',null),
(907000653,907000026,204,'KFR-120L/SUTKD-N2(P8)','admin','admin',null),
(907000654,907000026,205,'KFR-120L/SUTK-N2','admin','admin',null),
(907000655,907000026,206,'KFR-72L/TSUTK-N2','admin','admin',null),
(907000656,907000026,207,'KF-120L/STK(02)(B0)','admin','admin',null),
(907000657,907000026,208,'KF-120L/STK-2(B0)','admin','admin',null),
(907000658,907000026,209,'KF-120L/SUKT-N2','admin','admin',null),
(907000659,907000026,210,'KF-120L/SUTK-N2(P8)','admin','admin',null),
(907000660,907000026,211,'KF-120L/SUTK-N2','admin','admin',null),
(907000661,907000026,212,'KF-120LW/STK(02)','admin','admin',null),
(907000662,907000026,213,'KF-120LW/STK-2','admin','admin',null),
(907000663,907000026,214,'KF-120LW/STK','admin','admin',null),
(907000664,907000026,215,'KF-120LW/SUTK-N2(P8)','admin','admin',null),
(907000665,907000026,216,'KF-120LW/SUTK-N2','admin','admin',null),
(907000666,907000026,217,'KF-50G/TK-N3','admin','admin',null),
(907000667,907000026,218,'KF-50GW/TK-N3','admin','admin',null),
(907000668,907000026,219,'KFR-120LW/SUTK-N2','admin','admin',null),
(907000669,907000026,220,'KFR-50GW/TKI-N3','admin','admin',null),
(907000670,907000026,221,'KFR-50W/TKI-N3(02)','admin','admin',null),
(907000671,907000026,222,'KFRD-125LW/Y8','admin','admin',null),
(907000672,907000026,223,'DME12MCP5','admin','admin',null),
(907000673,907000026,224,'KF-120LW','admin','admin',null),
(907000674,907000026,225,'KF-120LW(E2)','admin','admin',null),
(907000675,907000026,226,'KF-120LW(E5)','admin','admin',null),
(907000676,907000026,227,'KFR-72LW','admin','admin',null),
(907000677,907000026,228,'KFR-120LW(E2)','admin','admin',null),
(907000678,907000026,229,'KFR-120LW(E5)','admin','admin',null),
(907000679,907000026,230,'KFR-120LW/SD-JZ(E2)','admin','admin',null),
(907000680,907000026,231,'KFR-120LW/SDY-JA(E5)','admin','admin',null),
(907000681,907000026,232,'KFR-120LW/SDN-JZ1(R2)','admin','admin',null),
(907000682,907000026,233,'RF25WW/S-8ROT1','admin','admin',null),
(907000683,907000026,234,'KF-120LW/SN','admin','admin',null),
(907000684,907000026,235,'KF-120LW/SN-JZ1(R2)','admin','admin',null),
(907000685,907000026,236,'KFR-120L/SD-JZ1(R2)','admin','admin',null),
(907000686,907000026,237,'CM100AF','admin','admin',null),
(907000687,907000026,238,'CM50A/WF','admin','admin',null),
(907000688,907000026,239,'CM50AR','admin','admin',null),
(907000689,907000026,240,'CM60AD','admin','admin',null),
(907000690,907000026,241,'CM60AF','admin','admin',null),
(907000691,907000026,242,'CM60AR','admin','admin',null),
(907000692,907000026,243,'CM70A/WF','admin','admin',null),
(907000693,907000026,244,'CM70AF','admin','admin',null),
(907000694,907000026,245,'CM80A/WF','admin','admin',null),
(907000695,907000026,246,'CM80AF','admin','admin',null),
(907000696,907000026,247,'CM80AR','admin','admin',null),
(907000697,907000026,248,'MCD23ALS00','admin','admin',null),
(907000698,907000026,249,'P2040UAPMS0S','admin','admin',null),
(907000699,907000026,250,'P2055GARMS1R','admin','admin',null),
(907000700,907000026,251,'P2060FARMS1S','admin','admin',null),
(907000701,907000026,252,'P2070UARMS1R','admin','admin',null),
(907000702,907000026,253,'P3080FARMS1S','admin','admin',null),
(907000703,907000026,254,'P3090FARMS1R','admin','admin',null),
(907000704,907000026,255,'MEDD702','admin','admin',null),
(907000705,907000026,256,'MEFD802','admin','admin',null),
(907000706,907000026,257,'8AD08ZEBHAX','admin','admin',null),
(907000707,907000026,258,'8AU07ZEBHAX','admin','admin',null),
(907000708,907000026,259,'8AU08ZEBHAX','admin','admin',null),
(907000709,907000026,260,'8AU10ZEBHAX','admin','admin',null),
(907000710,907000026,261,'9AD16ZEBHAX','admin','admin',null),
(907000711,907000026,262,'9AD18ZEBHAX','admin','admin',null),
(907000712,907000026,263,'9AU12','admin','admin',null),
(907000713,907000026,264,'KFRD-120LW/6301','admin','admin',null),
(907000714,907000026,265,'LE13WG','admin','admin',null),
(907000715,907000026,266,'LF13WD','admin','admin',null),
(907000716,907000026,267,'LF75WD','admin','admin',null),
(907000717,907000026,268,'RF13WA','admin','admin',null),
(907000718,907000026,269,'RF13WD','admin','admin',null),
(907000719,907000026,270,'KT3F-120L/05T(F01)','admin','admin',null),
(907000720,907000026,271,'FDY250KMY1L','admin','admin',null),
(907000721,907000026,272,'FDY400KMY1L','admin','admin',null),
(907000722,907000026,273,'FXSP125MMVC','admin','admin',null),
(907000723,907000026,274,'FXYF125K','admin','admin',null),
(907000724,907000026,275,'FXYH100LVF','admin','admin',null),
(907000725,907000026,276,'KFR-125L','admin','admin',null),
(907000726,907000026,277,'KFR-125W','admin','admin',null),
(907000727,907000026,278,'KFR-75W','admin','admin',null),
(907000728,907000026,279,'R200KMY1L','admin','admin',null),
(907000729,907000026,280,'RCXYQ16MAY1','admin','admin',null),
(907000730,907000026,281,'RHXYQ12PY1','admin','admin',null),
(907000731,907000026,282,'RHXYQ14PY1','admin','admin',null),
(907000732,907000026,283,'RHXYQ16PY1','admin','admin',null),
(907000733,907000026,284,'RY71DQY3C','admin','admin',null),
(907000734,907000026,285,'RY71FPASY1L','admin','admin',null),
(907000735,907000026,286,'CH2300-D2S','admin','admin',null),
(907000736,907000026,287,'CH2300-D2','admin','admin',null),
(907000737,907000026,288,'EC23HDNC1D','admin','admin',null),
(907000738,907000026,289,'HC-JGKT-SW/1000M','admin','admin',null),
(907000739,907000026,290,'TC200-DO3','admin','admin',null),
(907000740,907000026,291,'PSH-3GK','admin','admin',null),
(907000741,907000026,292,'PSH-5GK','admin','admin',null),
(907000742,907000026,293,'PSH-3GJ','admin','admin',null),
(907000743,907000026,294,'PSH-5GJ','admin','admin',null),
(907000744,907000026,295,'PSH-5JJ','admin','admin',null),
(907000745,907000026,296,'PSH-6UKH','admin','admin',null),
(907000746,907000026,297,'PUH-5YKSA','admin','admin',null),
(907000747,907000026,298,'LF/LFC73WDT','admin','admin',null),
(907000748,907000026,299,'LF/LF13WD','admin','admin',null),
(907000749,907000026,300,'RF/RFC73WDT','admin','admin',null),
(907000750,907000026,301,'RF/RF13WD','admin','admin',null),
(907000751,907000026,302,'KFR-120LW','admin','admin',null),
(907000752,907000026,303,'KFRD-72L/DF1-2','admin','admin',null),
(907000753,907000026,304,'KFRD-120LW','admin','admin',null),
(907000754,907000026,305,'P1020VAPMS1R','admin','admin',null),
(907000755,907000026,306,'P1035GARMS1R','admin','admin',null),
(907000756,907000026,307,'P1040GC2MSIS','admin','admin',null),
(907000757,907000026,308,'P1050UA13FHM12E','admin','admin',null),
(907000758,907000026,309,'P2060DA','admin','admin',null),
(907000759,907000026,310,'P2060FA','admin','admin',null),
(907000760,907000026,311,'P2070DD','admin','admin',null),
(907000761,907000026,312,'P2080GC2MSIS','admin','admin',null),
(907000762,907000026,313,'P2090DA13FHM12E','admin','admin',null),
(907000763,907000026,314,'P2090DA13FHM12E1D000P1000','admin','admin',null),
(907000764,907000026,315,'P3070DD','admin','admin',null),
(907000765,907000026,316,'P3080FARMSIR','admin','admin',null),
(907000766,907000026,317,'P3090DG','admin','admin',null),
(907000767,907000026,318,'P3090FA','admin','admin',null),
(907000768,907000026,319,'P3120GC2MSIS','admin','admin',null),
(907000769,907000026,320,'DME12M01','admin','admin',null),
(907000770,907000026,321,'CSU542A','admin','admin',null),
(907000771,907000026,322,'CSU852A','admin','admin',null),
(907000772,907000026,323,'EXD30AII（风冷+冷冻水)','admin','admin',null),
(907000773,907000026,324,'EXD90DA（风冷+冷冻水)','admin','admin',null),
(907000774,907000026,325,'U260GAGH','admin','admin',null),
(907000775,907000026,326,'U280GAGH','admin','admin',null),
(907000776,907000026,327,'U360GAGH','admin','admin',null),
(907000777,907000026,328,'U420GAGH','admin','admin',null),
(907000778,907000026,329,'U280GAGH','admin','admin',null),
(907000779,907000026,330,'EXU50AI','admin','admin',null),
(907000780,907000026,331,'EXU100AI','admin','admin',null),
(907000781,907000026,332,'EXU60AI','admin','admin',null),
(907000782,907000026,333,'EXD100AI','admin','admin',null),
(907000783,907000026,334,'MRD662A','admin','admin',null),
(907000784,907000026,335,'CS-80B51RC','admin','admin',null),
(907000785,907000026,336,'CS-140B51RC','admin','admin',null),
(907000786,907000026,337,'KFR-62LW/B1','admin','admin',null),
(907000787,907000026,338,'KFR-120LW/57Y1','admin','admin',null),
(907000788,907000026,339,'EDU351K','admin','admin',null),
(907000789,907000026,340,'EDU401D','admin','admin',null),
(907000790,907000026,341,'EDA61U','admin','admin',null),
(907000791,907000026,342,'EDA71U','admin','admin',null),
(907000792,907000026,343,'EDA81U','admin','admin',null),
(907000793,907000026,344,'EDA91U','admin','admin',null),
(907000794,907000026,345,'EDU602U','admin','admin',null),
(907000795,907000026,346,'EDA141U','admin','admin',null),
(907000796,907000026,347,'SCA452U','admin','admin',null),
(907000797,907000026,348,'SCA301U','admin','admin',null),
(907000798,907000026,349,'SCA802U','admin','admin',null),
(907000799,907000026,350,'SCA802EU','admin','admin',null),
(907000800,907000026,351,'SCA702U','admin','admin',null),
(907000801,907000026,352,'24OA0001V10PH$2A6','admin','admin',null),
(907000802,907000026,353,'40UA0001V10PH$2A6','admin','admin',null),
(907000803,907000026,354,'55UA0001V10PH$2A6','admin','admin',null),
(907000804,907000026,355,'75UA0001V10PH$2A6','admin','admin',null),
(907000805,907000026,356,'D40(M+S)-A','admin','admin',null),
(907000806,907000026,357,'UN151','admin','admin',null),
(907000807,907000026,358,'UN260','admin','admin',null),
(907000808,907000026,359,'TUAR1822','admin','admin',null),
(907000809,907000026,360,'KFR-50LW/DHZ(W1-H)+2','admin','admin',null),
(907000810,907000026,361,'RG4','admin','admin',null),
(907000811,907000026,362,'KFR-120L(1253L)U-SN5','admin','admin',null),
(907000812,907000026,1,'KFRd-71LW/KS(TX)','admin','admin',null),
(907000813,907000026,2,'KFRd-120LW/CS(TX)','admin','admin',null),
(907000814,907000026,3,'KFRD-12008W/SY-E1（数显）','admin','admin',null),
(907000815,907000026,4,'KFRd-72LW/CS(TX)','admin','admin',null),
(907000816,907000026,5,'KF-50GW/E(TX)','admin','admin',null),
(907000817,907000026,6,'KFRd-72LW/AL23S','admin','admin',null),
(907000818,907000026,7,'O DXA 80E2A4','admin','admin',null),
(907000819,907000026,8,'O DXA 80E2A5','admin','admin',null),
(907000820,907000026,9,'U DXA 80E2A4','admin','admin',null),
(907000821,907000026,10,'U DXA 90E2A4','admin','admin',null),
(907000822,907000026,11,'U DXA 100E2A4','admin','admin',null),
(907000823,907000026,12,'O DXA 50E2A4','admin','admin',null),
(907000824,907000026,13,'O DXA 60E2A4','admin','admin',null),
(907000825,907000026,14,'0.DXA 26EIAI','admin','admin',null),
(907000826,907000026,15,'CM30','admin','admin',null),
(907000827,907000026,16,'CM40','admin','admin',null),
(907000828,907000026,17,'CM50','admin','admin',null),
(907000829,907000026,18,'CM60','admin','admin',null),
(907000830,907000026,19,'CM70','admin','admin',null),
(907000831,907000026,20,'CM80','admin','admin',null),
(907000832,907000026,21,'CM100','admin','admin',null),
(907000833,907000026,22,'DME027E','admin','admin',null),
(907000834,907000026,23,'DME037E','admin','admin',null),
(907000835,907000026,24,'DME05','admin','admin',null),
(907000836,907000026,25,'DME07','admin','admin',null),
(907000837,907000026,26,'P3090U','admin','admin',null),
(907000838,907000026,27,'P2055U','admin','admin',null),
(907000839,907000026,28,'P3100U','admin','admin',null),
(907000840,907000026,29,'P2040U','admin','admin',null),
(907000841,907000026,30,'P2060U','admin','admin',null),
(907000842,907000026,31,'P3080U','admin','admin',null),
(907000843,907000026,32,'P2050U','admin','admin',null),
(907000844,907000026,33,'P2060UA13FHM12E1D000P1000','admin','admin',null),
(907000845,907000026,34,'SD100DA13RHS12E10000PA000','admin','admin',null),
(907000846,907000026,35,'SDC3100','admin','admin',null),
(907000847,907000026,36,'P2070U','admin','admin',null),
(907000848,907000026,37,'SDC2070','admin','admin',null),
(907000849,907000026,38,'P3080UA','admin','admin',null),
(907000850,907000026,39,'P2100','admin','admin',null),
(907000851,907000026,40,'P2080 DA','admin','admin',null),
(907000852,907000026,41,'P2080 UA','admin','admin',null),
(907000853,907000026,42,'SDC2060','admin','admin',null),
(907000854,907000026,43,'SD100 UA','admin','admin',null),
(907000855,907000026,44,'SD100 DA ','admin','admin',null),
(907000856,907000026,45,'P2100GC2MS1R','admin','admin',null),
(907000857,907000026,46,'P3110GC2MS1R','admin','admin',null),
(907000858,907000026,47,'P3120GC2MS1R','admin','admin',null),
(907000859,907000026,48,'P1050UA13FHM12E1D000P1000','admin','admin',null),
(907000860,907000026,49,'P2100UA13FHM12E1D000P1000','admin','admin',null),
(907000861,907000026,50,'P1030UA','admin','admin',null),
(907000862,907000026,51,'P1050DA','admin','admin',null),
(907000863,907000026,52,'P2060DA','admin','admin',null),
(907000864,907000026,53,'P2080DA','admin','admin',null),
(907000865,907000026,54,'DME12','admin','admin',null),
(907000866,907000026,55,'P2090DA13FHM12E1D000P1000','admin','admin',null),
(907000867,907000026,56,'P2100DA13FHM','admin','admin',null),
(907000868,907000026,57,'PEC-248FA','admin','admin',null),
(907000869,907000026,58,'PEC-253FA','admin','admin',null),
(907000870,907000026,59,'PEC-263FA','admin','admin',null),
(907000871,907000026,60,'PEC-270FA','admin','admin',null),
(907000872,907000026,61,'CW120B3','admin','admin',null),
(907000873,907000026,62,'CW85B2','admin','admin',null),
(907000874,907000026,63,'OPTIMA.U.DXA100E2A5','admin','admin',null),
(907000875,907000026,64,'OPTIMA-HD.U.CW120B3','admin','admin',null),
(907000876,907000026,65,'OPTIMA-HD.U.CW85B2','admin','admin',null),
(907000877,907000026,66,'OPTIMA-HD.U.DXA100E2A5','admin','admin',null),
(907000878,907000026,67,'OPTIMA-HD.U.DXA90E2A5','admin','admin',null),
(907000879,907000026,68,'D240GAH','admin','admin',null),
(907000880,907000026,69,'CR25A','admin','admin',null),
(907000881,907000026,363,'其他','admin','admin',null),
(907000882,907000027,1,'冷备','admin','admin',null),
(907000883,907000027,4,'独立','admin','admin',null),
(907000884,907000027,3,'N+1','admin','admin',null),
(907000885,907000027,2,'1+1','admin','admin',null),
(907000886,907000027,0,'热备','admin','admin',null),
(907000887,907000027,5,'其他','admin','admin',null),
(907000888,907000028,3,'1+1冗余并机','admin','admin',null),
(907000889,907000028,0,'N+1（N>1）','admin','admin',null),
(907000890,907000028,2,'单机','admin','admin',null),
(907000891,907000028,1,'1+1主备','admin','admin',null),
(907000892,907000028,4,'其他','admin','admin',null),
(907000893,907000029,0,'交流','admin','admin',null),
(907000894,907000029,1,'直流','admin','admin',null),
(907000895,907000029,2,'其他','admin','admin',null),
(907000896,907000030,0,'是','admin','admin',null),
(907000897,907000030,1,'否','admin','admin',null),
(907000898,907000030,2,'其他','admin','admin',null),
(907000899,907000031,0,'数据中心','admin','admin',null),
(907000900,907000031,2,'传输节点','admin','admin',null),
(907000901,907000031,1,'通信机楼','admin','admin',null),
(907000902,907000031,3,'通信基站','admin','admin',null),
(907000903,907000031,4,'其他','admin','admin',null),
(907000904,907000032,27,'工程(验收中)','admin','admin',null),
(907000905,907000032,28,'工程(自检中)','admin','admin',null),
(907000906,907000032,29,'模型机','admin','admin',null),
(907000907,907000032,30,'拟新建','admin','admin',null),
(907000908,907000032,9,'报废','admin','admin',null),
(907000909,907000032,8,'空闲','admin','admin',null),
(907000910,907000032,31,'退网(拟终止)','admin','admin',null),
(907000911,907000032,18,'入网未交维','admin','admin',null),
(907000912,907000032,7,'临时停用','admin','admin',null),
(907000913,907000032,6,'规划','admin','admin',null),
(907000914,907000032,5,'竣工','admin','admin',null),
(907000915,907000032,4,'维护','admin','admin',null),
(907000916,907000032,3,'退网','admin','admin',null),
(907000917,907000032,2,'在网','admin','admin',null),
(907000918,907000032,1,'工程','admin','admin',null),
(907000919,907000032,0,'设计','admin','admin',null),
(907000920,907000032,32,'退网(退网挂起)','admin','admin',null),
(907000921,907000032,33,'退网(退网中)','admin','admin',null),
(907000922,907000032,55,'应急','admin','admin',null),
(907000923,907000032,54,'备份','admin','admin',null),
(907000924,907000032,53,'验收中','admin','admin',null),
(907000925,907000032,52,'试运行','admin','admin',null),
(907000926,907000032,51,'草稿','admin','admin',null),
(907000927,907000032,50,'搬迁退网','admin','admin',null),
(907000928,907000032,49,'停用','admin','admin',null),
(907000929,907000032,48,'测试','admin','admin',null),
(907000930,907000032,47,'工程取消','admin','admin',null),
(907000931,907000032,46,'初验通过','admin','admin',null),
(907000932,907000032,45,'工程在建','admin','admin',null),
(907000933,907000032,44,'未确定','admin','admin',null),
(907000934,907000032,43,'立项','admin','admin',null),
(907000935,907000032,42,'补录','admin','admin',null),
(907000936,907000032,40,'施工在建','admin','admin',null),
(907000937,907000032,39,'验收','admin','admin',null),
(907000938,907000032,38,'静态','admin','admin',null),
(907000939,907000032,37,'在网(在网运行)','admin','admin',null),
(907000940,907000032,36,'在网(临时中断)','admin','admin',null),
(907000941,907000032,35,'在网(假期网元)','admin','admin',null),
(907000942,907000032,34,'退网（塔维申请）','admin','admin',null),
(907000943,907000032,41,'待规划','admin','admin',null),
(907000944,907000032,17,'预占','admin','admin',null),
(907000945,907000032,16,'退网已拆除','admin','admin',null),
(907000946,907000032,15,'退网已下电','admin','admin',null),
(907000947,907000032,14,'退网未下电','admin','admin',null),
(907000948,907000032,13,'现网无业务','admin','admin',null),
(907000949,907000032,12,'现网有业务','admin','admin',null),
(907000950,907000032,11,'工程新建','admin','admin',null),
(907000951,907000032,10,'空载','admin','admin',null),
(907000952,907000032,19,'入网已交维','admin','admin',null),
(907000953,907000032,20,'备份网元','admin','admin',null),
(907000954,907000032,21,'工程(草稿中)','admin','admin',null),
(907000955,907000032,22,'工程(测试网元)','admin','admin',null),
(907000956,907000032,23,'工程(工程新建)','admin','admin',null),
(907000957,907000032,24,'工程(试运行)','admin','admin',null),
(907000958,907000032,25,'工程(网优验收自检中)','admin','admin',null),
(907000959,907000032,26,'工程(验收完毕)','admin','admin',null),
(907000960,907000032,56,'其他','admin','admin',null),
(907000961,907000033,2,'其它','admin','admin',null),
(907000962,907000033,0,'自维','admin','admin',null),
(907000963,907000033,1,'代维','admin','admin',null),
(907000964,907000033,3,'局维','admin','admin',null),
(907000965,907000033,4,'其他','admin','admin',null),
(907000966,907000034,0,'是','admin','admin',null),
(907000967,907000034,1,'否','admin','admin',null),
(907000968,907000034,2,'其他','admin','admin',null),
(907000969,907000035,1,'否','admin','admin',null),
(907000970,907000035,0,'是','admin','admin',null),
(907000971,907000035,2,'其他','admin','admin',null),
(907000972,907000036,3,'高压配电','admin','admin',null),
(907000973,907000036,4,'高压直流开关电源','admin','admin',null),
(907000974,907000036,5,'高压直流配电','admin','admin',null),
(907000975,907000036,6,'低压交流配电','admin','admin',null),
(907000976,907000036,7,'开关电源','admin','admin',null),
(907000977,907000036,8,'低压直流配电','admin','admin',null),
(907000978,907000036,9,'工频UPS','admin','admin',null),
(907000979,907000036,10,'一体化高频UPS','admin','admin',null),
(907000980,907000036,11,'模块化高频UPS','admin','admin',null),
(907000981,907000036,12,'铅酸电池','admin','admin',null),
(907000982,907000036,13,'锂电池','admin','admin',null),
(907000983,907000036,0,'变压器','admin','admin',null),
(907000984,907000036,1,'变换设备','admin','admin',null),
(907000985,907000036,2,'发电机组','admin','admin',null),
(907000986,907000036,24,'UPS设备','admin','admin',null),
(907000987,907000036,25,'智能电表','admin','admin',null),
(907000988,907000036,26,'中央空调末端','admin','admin',null),
(907000989,907000036,27,'中央空调主机','admin','admin',null),
(907000990,907000036,14,'机房专用空调','admin','admin',null),
(907000991,907000036,15,'普通空调','admin','admin',null),
(907000992,907000036,16,'嵌入式空调','admin','admin',null),
(907000993,907000036,17,'电池恒温箱','admin','admin',null),
(907000994,907000036,18,'智能通风换热','admin','admin',null),
(907000995,907000036,19,'风光设备','admin','admin',null),
(907000996,907000036,20,'动环监控','admin','admin',null),
(907000997,907000036,21,'交流智能电表','admin','admin',null),
(907000998,907000036,22,'直流智能电表','admin','admin',null),
(907000999,907000036,23,'其它设备','admin','admin',null),
(907001000,907000036,28,'其他','admin','admin',null),
(907001001,907000037,0,'是','admin','admin',null),
(907001002,907000037,1,'否','admin','admin',null),
(907001003,907000037,2,'其他','admin','admin',null),
(907001004,907000038,0,'在用','admin','admin',null),
(907001005,907000038,1,'空闲','admin','admin',null),
(907001006,907000038,2,'其他','admin','admin',null),
(907001007,907000039,0,'12V','admin','admin',null),
(907001008,907000039,1,'6V','admin','admin',null),
(907001009,907000039,2,'2V','admin','admin',null),
(907001010,907000039,3,'48V','admin','admin',null),
(907001011,907000039,4,'3.2V','admin','admin',null),
(907001012,907000039,5,'其他','admin','admin',null),
(907001013,907000040,0,'10KV以上','admin','admin',null),
(907001014,907000040,1,'10KV','admin','admin',null),
(907001015,907000040,2,'其他','admin','admin',null),
(907001016,907000041,0,'水平轴','admin','admin',null),
(907001017,907000041,1,'垂直轴','admin','admin',null),
(907001018,907000041,2,'无','admin','admin',null),
(907001019,907000041,3,'其他','admin','admin',null),
(907001020,907000042,3,'便携','admin','admin',null),
(907001021,907000042,1,'车载','admin','admin',null),
(907001022,907000042,0,'固定','admin','admin',null),
(907001023,907000042,2,'拖车','admin','admin',null),
(907001024,907000042,4,'其他','admin','admin',null),
(907001025,907000043,0,'是','admin','admin',null),
(907001026,907000043,1,'否','admin','admin',null),
(907001027,907000043,2,'其他','admin','admin',null),
(907001028,907000044,4,'CMNET ','admin','admin',null),
(907001029,907000044,5,'IP承载网 ','admin','admin',null),
(907001030,907000044,6,'动换','admin','admin',null),
(907001031,907000044,7,'综合机架','admin','admin',null),
(907001032,907000044,0,'传输','admin','admin',null),
(907001033,907000044,1,'无线 ','admin','admin',null),
(907001034,907000044,2,'交换 ','admin','admin',null),
(907001035,907000044,3,'IMS ','admin','admin',null),
(907001036,907000044,8,'其他 ','admin','admin',null),
(907001037,907000045,1,'中国移动','admin','admin',null),
(907001038,907000045,7,'其他','admin','admin',null),
(907001039,907000045,6,'业主','admin','admin',null),
(907001040,907000045,5,'中国广电','admin','admin',null),
(907001041,907000045,4,'中国铁通','admin','admin',null),
(907001042,907000045,0,'中国铁塔','admin','admin',null),
(907001043,907000045,3,'中国电信','admin','admin',null),
(907001044,907000045,2,'中国联通','admin','admin',null),
(907001045,907000046,1,'自有（合建）','admin','admin',null),
(907001046,907000046,3,'租用','admin','admin',null),
(907001047,907000046,4,'用户所有','admin','admin',null),
(907001048,907000046,2,'自有（购买）','admin','admin',null),
(907001049,907000046,0,'自有（自建）','admin','admin',null),
(907001050,907000046,5,'其他','admin','admin',null),
(907001051,907000047,24,'嵌入高压直流电源','admin','admin',null),
(907001052,907000047,107,'其他','admin','admin',null),
(907001053,907000047,106,'直流智能电表','admin','admin',null),
(907001054,907000047,105,'交流智能电表','admin','admin',null),
(907001055,907000047,104,'336V直流配电柜','admin','admin',null),
(907001056,907000047,103,'240V直流配电箱','admin','admin',null),
(907001057,907000047,102,'风光互补控制器','admin','admin',null),
(907001058,907000047,101,'太阳能控制器','admin','admin',null),
(907001059,907000047,100,'风力控制器','admin','admin',null),
(907001060,907000047,99,'智能换热系统','admin','admin',null),
(907001061,907000047,98,'智能通风系统','admin','admin',null),
(907001062,907000047,97,'电池恒温箱','admin','admin',null),
(907001063,907000047,96,'壁挂空调','admin','admin',null),
(907001064,907000047,95,'柜式空调','admin','admin',null),
(907001065,907000047,94,'横流冷却塔','admin','admin',null),
(907001066,907000047,93,'逆流冷却塔','admin','admin',null),
(907001067,907000047,92,'低压离心冷水机组','admin','admin',null),
(907001068,907000047,91,'高压离心冷水机组','admin','admin',null),
(907001069,907000047,90,'水冷螺杆冷水机组','admin','admin',null),
(907001070,907000047,89,'风冷螺杆冷水机组','admin','admin',null),
(907001071,907000047,88,'多联机中央空调','admin','admin',null),
(907001072,907000047,87,'嵌入式空调','admin','admin',null),
(907001073,907000047,86,'列间空调','admin','admin',null),
(907001074,907000047,85,'水冷后门','admin','admin',null),
(907001075,907000047,84,'水冷前门','admin','admin',null),
(907001076,907000047,83,'热管背板','admin','admin',null),
(907001077,907000047,82,'冷冻水专用空调','admin','admin',null),
(907001078,907000047,81,'模块化高频UPS','admin','admin',null),
(907001079,907000047,80,'一体化高频UPS','admin','admin',null),
(907001080,907000047,79,'工频UPS','admin','admin',null),
(907001081,907000047,78,'一体化电源柜','admin','admin',null),
(907001082,907000047,77,'移动发电机','admin','admin',null),
(907001083,907000047,76,'UPS输出配电箱','admin','admin',null),
(907001084,907000047,75,'UPS输出列头柜','admin','admin',null),
(907001085,907000047,74,'UPS输出配电柜','admin','admin',null),
(907001086,907000047,73,'高压直流输入柜','admin','admin',null),
(907001087,907000047,72,'蓄电池采集设备','admin','admin',null),
(907001088,907000047,71,'FSU','admin','admin',null),
(907001089,907000047,70,'LSC','admin','admin',null),
(907001090,907000047,69,'CSC','admin','admin',null),
(907001091,907000047,68,'双冷源专用空调','admin','admin',null),
(907001092,907000047,67,'水冷专用空调','admin','admin',null),
(907001093,907000047,66,'风冷专用空调','admin','admin',null),
(907001094,907000047,65,'操作电源电池','admin','admin',null),
(907001095,907000047,64,'发电机组电池','admin','admin',null),
(907001096,907000047,63,'高压直流开关电源','admin','admin',null),
(907001097,907000047,62,'UPS电池','admin','admin',null),
(907001098,907000047,61,'开关电源电池','admin','admin',null),
(907001099,907000047,60,'24V直流配电箱','admin','admin',null),
(907001100,907000047,59,'-48V直流配电箱','admin','admin',null),
(907001101,907000047,58,'-48V直流列头柜','admin','admin',null),
(907001102,907000047,57,'-48V直流配电柜','admin','admin',null),
(907001103,907000047,56,'嵌入开关电源','admin','admin',null),
(907001104,907000047,55,'壁挂开关电源','admin','admin',null),
(907001105,907000047,54,'组合开关电源','admin','admin',null),
(907001106,907000047,53,'分立开关电源','admin','admin',null),
(907001107,907000047,52,'燃料电池','admin','admin',null),
(907001108,907000047,51,'汽油发电机','admin','admin',null),
(907001109,907000047,50,'燃气轮发电机组','admin','admin',null),
(907001110,907000047,49,'柴油发电机组','admin','admin',null),
(907001111,907000047,48,'交流列头柜','admin','admin',null),
(907001112,907000047,47,'无源滤波设备','admin','admin',null),
(907001113,907000047,46,'有源滤波设备','admin','admin',null),
(907001114,907000047,45,'独立防雷箱','admin','admin',null),
(907001115,907000047,44,'市电交流配电箱','admin','admin',null),
(907001116,907000047,43,'UPS输出柜','admin','admin',null),
(907001117,907000047,42,'UPS输入柜','admin','admin',null),
(907001118,907000047,41,'开关电源输入柜','admin','admin',null),
(907001119,907000047,40,'低压交流配电柜','admin','admin',null),
(907001120,907000047,39,'低压楼层配电柜','admin','admin',null),
(907001121,907000047,38,'应急油机接入柜','admin','admin',null),
(907001122,907000047,37,'应急油机接入箱','admin','admin',null),
(907001123,907000047,36,'低压油机配电柜','admin','admin',null),
(907001124,907000047,35,'低压电容补偿柜','admin','admin',null),
(907001125,907000047,34,'低压ATS切换柜','admin','admin',null),
(907001126,907000047,33,'低压联络柜','admin','admin',null),
(907001127,907000047,32,'低压出线柜','admin','admin',null),
(907001128,907000047,31,'低压计量柜','admin','admin',null),
(907001129,907000047,30,'低压进线计量柜','admin','admin',null),
(907001130,907000047,29,'低压进线柜','admin','admin',null),
(907001131,907000047,28,'336V直流配电箱','admin','admin',null),
(907001132,907000047,27,'336V直流列头柜','admin','admin',null),
(907001133,907000047,26,'240V直流列头柜','admin','admin',null),
(907001134,907000047,25,'240V直流配电柜','admin','admin',null),
(907001135,907000047,23,'壁挂高压直流电源','admin','admin',null),
(907001136,907000047,22,'组合高压直流电源','admin','admin',null),
(907001137,907000047,21,'分立高压直流电源','admin','admin',null),
(907001138,907000047,20,'高压直流开关电源','admin','admin',null),
(907001139,907000047,19,'高压切换柜','admin','admin',null),
(907001140,907000047,18,'高压油机配电柜','admin','admin',null),
(907001141,907000047,17,'高压电容补偿柜','admin','admin',null),
(907001142,907000047,16,'操作电源','admin','admin',null),
(907001143,907000047,15,'高压出线柜','admin','admin',null),
(907001144,907000047,14,'高压母联柜','admin','admin',null),
(907001145,907000047,13,'高压压变柜','admin','admin',null),
(907001146,907000047,12,'高压升高柜','admin','admin',null),
(907001147,907000047,11,'高压隔离柜','admin','admin',null),
(907001148,907000047,10,'高压避雷器柜','admin','admin',null),
(907001149,907000047,9,'高压计量柜','admin','admin',null),
(907001150,907000047,8,'高压进线柜','admin','admin',null),
(907001151,907000047,7,'直流远供远端','admin','admin',null),
(907001152,907000047,6,'直流远供近端','admin','admin',null),
(907001153,907000047,5,'DC/DC设备','admin','admin',null),
(907001154,907000047,4,'逆变器','admin','admin',null),
(907001155,907000047,3,'调压器','admin','admin',null),
(907001156,907000047,2,'非晶合金变压器','admin','admin',null),
(907001157,907000047,1,'油浸变压器','admin','admin',null),
(907001158,907000047,0,'干式变压器','admin','admin',null),
(907001159,907000048,3,'TOUT','admin','admin',null),
(907001160,907000048,2,'MOUT','admin','admin',null),
(907001161,907000048,1,'ROUT','admin','admin',null),
(907001162,907000048,0,'KOUT','admin','admin',null),
(907001163,907000048,4,'其他','admin','admin',null),
(907001164,907000049,4,'N+1热备','admin','admin',null),
(907001165,907000049,5,'N+1冷备','admin','admin',null),
(907001166,907000049,6,'1+1主备','admin','admin',null),
(907001167,907000049,7,'N+1主备','admin','admin',null),
(907001168,907000049,0,'单台设备','admin','admin',null),
(907001169,907000049,1,'1+1热备','admin','admin',null),
(907001170,907000049,2,'1+1冷备','admin','admin',null),
(907001171,907000049,3,'N+0主用','admin','admin',null),
(907001172,907000049,8,'其他','admin','admin',null),
(907001173,907000050,2,'微型断路器','admin','admin',null),
(907001174,907000050,3,'刀闸开关','admin','admin',null),
(907001175,907000050,4,'熔断器','admin','admin',null),
(907001176,907000050,5,'母排','admin','admin',null),
(907001177,907000050,6,'设备','admin','admin',null),
(907001178,907000050,0,'框架断路器','admin','admin',null),
(907001179,907000050,1,'塑壳断路器','admin','admin',null),
(907001180,907000050,7,'其他','admin','admin',null),
(907001181,907000051,0,'主用','admin','admin',null),
(907001182,907000051,1,'备用','admin','admin',null),
(907001183,907000051,2,'其他','admin','admin',null),
(907001184,907000052,1,'水冷','admin','admin',null),
(907001185,907000052,0,'风冷','admin','admin',null),
(907001186,907000052,2,'其他','admin','admin',null),
(907001187,907000053,0,'主用','admin','admin',null),
(907001188,907000053,1,'备用','admin','admin',null),
(907001189,907000053,2,'其他','admin','admin',null),
(907001190,907000054,2,'微型断路器','admin','admin',null),
(907001191,907000054,3,'刀闸开关','admin','admin',null),
(907001192,907000054,4,'熔断器','admin','admin',null),
(907001193,907000054,5,'母排','admin','admin',null),
(907001194,907000054,6,'设备','admin','admin',null),
(907001195,907000054,1,'塑壳断路器','admin','admin',null),
(907001196,907000054,0,'框架断路器','admin','admin',null),
(907001197,907000054,7,'其他','admin','admin',null),
(907001198,907000055,1,'否','admin','admin',null),
(907001199,907000055,0,'是','admin','admin',null),
(907001200,907000055,2,'其他','admin','admin',null);

--entitytype：无线
insert into dims_mm_entitytype (ID, NAME, CODE, SPECIALITYNAME, CORETABLE, EXTENSIONTABLE, EXTENSIONATTR, EXTENSIONVALUE, CREATOR, UPDATER, MEMO) values
(901000001,'OMC','OMC', '无线', null,'OMC', null, null, 'admin', 'admin', null),
(901000002,'BSC','BSC', '无线', null,'BSC', null, null, 'admin', 'admin', null),
(901000003,'BTS','BTS', '无线', null,'BTS', null, null, 'admin', 'admin', null),
(901000004,'E-NODEB','ENODEB', '无线', null,'ENODEB', null, null, 'admin', 'admin', null),
(901000005,'G-NODEB','GNODEB', '无线', null,'GNODEB', null, null, 'admin', 'admin', null),
(901000006,'RTK基准站','RTK', '无线', null,'RTK', null, null, 'admin', 'admin', null),
(901000007,'CELL','CELL', '无线', null,'CELL', null, null, 'admin', 'admin', null),
(901000008,'E-UTRANCELL','EUTRANCELL', '无线', null,'EUTRANCELL', null, null, 'admin', 'admin', null),
(901000009,'NR-CELL','NRCELL', '无线', null,'NRCELL', null, null, 'admin', 'admin', null),
(901000010,'扼流天线圈','ANTENNACHOKECOIL', '无线', null,'ANTENNACHOKECOIL', null, null, 'admin','admin', null),
(901000011,'BBU','BBU', '无线', null,'BBU', null, null, 'admin', 'admin', null),
(901000012,'RRU','RRU', '无线', null,'RRU', null, null, 'admin', 'admin', null),
(901000013,'DU','DU', '无线', null,'DU', null, null, 'admin', 'admin', null),
(901000014,'CU','CU', '无线', null,'CU', null, null, 'admin', 'admin', null),
(901000015,'AAU','AAU', '无线', null,'AAU', null, null, 'admin', 'admin', null),
(901000016,'板卡','BOARD', '无线', null,'BOARD', null, null, 'admin', 'admin', null),
(901000017,'端口','PORT', '无线', null,'PORT', null, null, 'admin', 'admin', null),
(901000018,'天线','ANTENNA', '无线', null,'ANTENNA', null, null, 'admin', 'admin', null),
(901000019,'天线工参','ANTENNAPARA', '无线', null,'ANTENNAPARA', null, null, 'admin', 'admin', null),
(901000020,'铁塔','TOWER', '无线', null,'TOWER', null, null, 'admin', 'admin', null),
(901000021,'直放站','RPT', '无线', null,'RPT', null, null, 'admin', 'admin', null),
(901000022,'分布系统','SPEARD', '无线', null,'SPEARD', null, null, 'admin', 'admin', null),
(901000023,'一体化皮站AP','PICOAP', '无线', null,'PICOAP', null, null, 'admin', 'admin', null),
(901000024,'扩展型皮站AU','PICOAU', '无线', null,'PICOAU', null, null, 'admin', 'admin', null),
(901000025,'扩展型皮站交换机','PICOSWITCH', '无线', null,'PICOSWITCH', null, null, 'admin', 'admin', null);

insert into dims_mm_attributetype (ID, NAME, CODE, ENTITYTYPE_ID, COLUMNNAME, DATATYPE, DICTIONARYTYPE_ID, CREATOR, UPDATER, MEMO) values
(901000600,'资源标识','int_id',901000001,'INT_ID', 'string', null, 'admin', 'admin', null),
(901000601,'OMC名称','zh_label',901000001,'ZH_LABEL', 'string', null, 'admin', 'admin', null),
(901000602,'设备厂家','vendor_id',901000001,'VENDOR_ID', 'string',901000200, 'admin', 'admin', null),
(901000603,'IP地址','ip_addr',901000001,'IP_ADDR', 'string', null, 'admin', 'admin', null),
(901000604,'所属省份','province_id',901000001,'PROVINCE_ID', 'string', null, 'admin', 'admin', null),
(901000605,'所属地市','city_id',901000001,'CITY_ID', 'string', null, 'admin', 'admin', null),
(901000606,'所属区县','county_id',901000001,'COUNTY_ID', 'string', null, 'admin', 'admin', null),
(901000607,'资源标识','int_id',901000002,'INT_ID', 'string',null, 'admin', 'admin',null),
(901000608,'网管中网元名称','userlabel',901000002,'USERLABEL', 'string',null, 'admin', 'admin',null),
(901000609,'设备厂家','vendor_id',901000002,'VENDOR_ID', 'string',null, 'admin', 'admin',null),
(901000610,'设备型号','product_name',901000002,'PRODUCT_NAME', 'string',null, 'admin', 'admin',null),
(901000611,'所属机架位置','related_rackpos',901000002,'RELATED_RACKPOS', 'string',null, 'admin', 'admin',null),
(901000612,'所属OMC','related_omc',901000002,'RELATED_OMC', 'string',null, 'admin', 'admin',null),
(901000613,'本地信令点编码','local_spc',901000002,'LOCAL_SPC', 'string',null, 'admin', 'admin',null),
(901000614,'软件版本','software_version',901000002,'SOFTWARE_VERSION', 'string',null, 'admin', 'admin',null),
(901000615,'生命周期状态','lifecycle_status',901000002,'LIFECYCLE_STATUS', 'string',901000201, 'admin', 'admin',null),
(901000616,'入网时间','setup_time',901000002,'SETUP_TIME', 'date',null, 'admin', 'admin',null),
(901000617,'数据质量责任人（移动）','qualitor',901000002,'QUALITOR', 'string',null, 'admin', 'admin',null),
(901000618,'一线数据维护人（代维/一线）','maintainor',901000002,'MAINTAINOR', 'string',null, 'admin', 'admin',null),
(901000619,'所属MGW','related_mgw',901000002,'RELATED_MGW', 'string',null, 'admin', 'admin',null),
(901000620,'所属SGSN/MME','related_mme_sgsn',901000002,'RELATED_MME_SGSN', 'string',null, 'admin', 'admin',null),
(901000621,'所属省份','province_id',901000002,'PROVINCE_ID', 'string',null, 'admin', 'admin',null),
(901000622,'所属地市','city_id',901000002,'CITY_ID', 'string',null, 'admin', 'admin',null),
(901000623,'所属区县','county_id',901000002,'COUNTY_ID', 'string',null, 'admin', 'admin',null),
(901000624,'资源标识','int_id',901000003,'INT_ID', 'string',null, 'admin', 'admin',null),
(901000625,'基站名称','zh_label',901000003,'ZH_LABEL', 'string',null, 'admin', 'admin',null),
(901000626,'网管中网元名称','userlabel',901000003,'USERLABEL', 'string',null, 'admin', 'admin',null),
(901000627,'所属OMC','related_omc',901000003,'RELATED_OMC', 'string',null, 'admin', 'admin',null),
(901000628,'安装位置类型','location_type',901000003,'LOCATION_TYPE', 'string',901000202, 'admin', 'admin',null),
(901000629,'所属机房/位置点','related_room_location',901000003,'RELATED_ROOM_LOCATION', 'string',null, 'admin', 'admin',null),
(901000630,'设备厂家','vendor_id',901000003,'VENDOR_ID', 'string',901000200, 'admin', 'admin',null),
(901000631,'设备型号','product_name',901000003,'PRODUCT_NAME', 'string',null, 'admin', 'admin',null),
(901000632,'软件版本','software_version',901000003,'SOFTWARE_VERSION', 'string',null, 'admin', 'admin',null),
(901000633,'生命周期状态','lifecycle_status',901000003,'LIFECYCLE_STATUS', 'string',901000201, 'admin', 'admin',null),
(901000634,'入网时间','setup_time',901000003,'SETUP_TIME', 'date',null, 'admin', 'admin',null),
(901000635,'VIP级别','vip_type',901000003,'VIP_TYPE', 'string',901000204, 'admin', 'admin',null),
(901000636,'网络制式','net_model',901000003,'NET_MODEL', 'string',901000205, 'admin', 'admin',null),
(901000637,'设备类型','device_type',901000003,'DEVICE_TYPE', 'string',901000206, 'admin', 'admin',null),
(901000638,'覆盖类型','beehive_type',901000003,'BEEHIVE_TYPE', 'string',901000203, 'admin', 'admin',null),
(901000639,'所属核心设备','related_bsc',901000003,'RELATED_BSC', 'string',null, 'admin', 'admin',null),
(901000640,'数据质量责任人（移动）','qualitor',901000003,'QUALITOR', 'string',null, 'admin', 'admin',null),
(901000641,'一线数据维护人（代维/一线）','maintainor',901000003,'MAINTAINOR', 'string',null, 'admin', 'admin',null),
(901000642,'所属省份','province_id',901000003,'PROVINCE_ID', 'string',null, 'admin', 'admin',null),
(901000643,'所属地市','city_id',901000003,'CITY_ID', 'string',null, 'admin', 'admin',null),
(901000644,'所属区县','county_id',901000003,'COUNTY_ID', 'string',null, 'admin', 'admin',null),
(901000645,'资源标识','int_id',901000004,'INT_ID', 'string',null, 'admin', 'admin',null),
(901000646,'E-NODEB ID','nodeb_id',901000004,'NODEB_ID', 'string',null, 'admin', 'admin',null),
(901000647,'基站名称','zh_label',901000004,'ZH_LABEL', 'string',null, 'admin', 'admin',null),
(901000648,'网管中网元名称','userlabel',901000004,'USERLABEL', 'string',null, 'admin', 'admin',null),
(901000649,'所属OMC','related_omc',901000004,'RELATED_OMC', 'string',null, 'admin', 'admin',null),
(901000650,'安装位置类型','location_type',901000004,'LOCATION_TYPE', 'string',901000202, 'admin', 'admin',null),
(901000651,'所属机房/位置点','related_room_location',901000004,'RELATED_ROOM_LOCATION', 'string',null, 'admin', 'admin',null),
(901000652,'设备厂家','rated_power',901000004,'RATED_POWER', 'string',901000200, 'admin', 'admin',null),
(901000653,'设备型号','product_name',901000004,'PRODUCT_NAME', 'string',null, 'admin', 'admin',null),
(901000654,'软件版本','software_version',901000004,'SOFTWARE_VERSION', 'string',null, 'admin', 'admin',null),
(901000655,'生命周期状态','lifecycle_status',901000004,'LIFECYCLE_STATUS', 'string',901000201, 'admin', 'admin',null),
(901000656,'入网时间','setup_time',901000004,'SETUP_TIME', 'date',null, 'admin', 'admin',null),
(901000657,'VIP级别','vip_type',901000004,'VIP_TYPE', 'string',901000204, 'admin', 'admin',null),
(901000658,'网络制式','net_model',901000004,'NET_MODEL', 'string',901000205, 'admin', 'admin',null),
(901000659,'设备类型','device_type',901000004,'DEVICE_TYPE', 'string',901000206, 'admin', 'admin',null),
(901000660,'覆盖类型','beehive_type',901000004,'BEEHIVE_TYPE', 'string',901000203, 'admin', 'admin',null),
(901000661,'所属核心设备','related_bsc',901000004,'RELATED_BSC', 'string',null, 'admin', 'admin',null),
(901000662,'S1接口地址','s1_ipaddress',901000004,'S1_IPADDRESS', 'string',null, 'admin', 'admin',null),
(901000663,'构建方式','construction_type',901000004,'CONSTRUCTION_TYPE', 'string',901000207, 'admin', 'admin',null),
(901000664,'数据质量责任人（移动）','qualitor',901000004,'QUALITOR', 'string',null, 'admin', 'admin',null),
(901000665,'一线数据维护人（代维/一线）','maintainor',901000004,'MAINTAINOR', 'string',null, 'admin', 'admin',null),
(901000666,'所属省份','province_id',901000004,'PROVINCE_ID', 'string',null, 'admin', 'admin',null),
(901000667,'所属地市','city_id',901000004,'CITY_ID', 'string',null, 'admin', 'admin',null),
(901000668,'所属区县','county_id',901000004,'COUNTY_ID', 'string',null, 'admin', 'admin',null),
(901000669,'资源标识','int_id',901000005,'INT_ID', 'string',null, 'admin', 'admin',null),
(901000670,'G-NODEB ID','nodeb_id',901000005,'NODEB_ID', 'string',null, 'admin', 'admin',null),
(901000671,'基站名称','zh_label',901000005,'ZH_LABEL', 'string',null, 'admin', 'admin',null),
(901000672,'网管中网元名称','userlabel',901000005,'USERLABEL', 'string',null, 'admin', 'admin',null),
(901000673,'所属OMC','related_omc',901000005,'RELATED_OMC', 'string',null, 'admin', 'admin',null),
(901000674,'安装位置类型','location_type',901000005,'LOCATION_TYPE', 'string',901000202, 'admin', 'admin',null),
(901000675,'所属机房/位置点','related_room_location',901000005,'RELATED_ROOM_LOCATION', 'string',null, 'admin', 'admin',null),
(901000676,'设备厂家','rated_power',901000005,'RATED_POWER', 'string',901000200, 'admin', 'admin',null),
(901000677,'设备型号','product_name',901000005,'PRODUCT_NAME', 'string',null, 'admin', 'admin',null),
(901000678,'软件版本','software_version',901000005,'SOFTWARE_VERSION', 'string',null, 'admin', 'admin',null),
(901000679,'生命周期状态','lifecycle_status',901000005,'LIFECYCLE_STATUS', 'string',901000201, 'admin', 'admin',null),
(901000680,'入网时间','setup_time',901000005,'SETUP_TIME', 'date',null, 'admin', 'admin',null),
(901000681,'VIP级别','vip_type',901000005,'VIP_TYPE', 'string',901000204, 'admin', 'admin',null),
(901000682,'网络制式','net_model',901000005,'NET_MODEL', 'string',901000205, 'admin', 'admin',null),
(901000683,'设备类型','device_type',901000005,'DEVICE_TYPE', 'string',901000206, 'admin', 'admin',null),
(901000684,'覆盖类型','beehive_type',901000005,'BEEHIVE_TYPE', 'string',901000203, 'admin', 'admin',null),
(901000685,'所属核心设备','related_bsc',901000005,'RELATED_BSC', 'string',null, 'admin', 'admin',null),
(901000686,'数据质量责任人（移动）','qualitor',901000005,'QUALITOR', 'string',null, 'admin', 'admin',null),
(901000687,'一线数据维护人（代维/一线）','maintainor',901000005,'MAINTAINOR', 'string',null, 'admin', 'admin',null),
(901000688,'所属省份','province_id',901000005,'PROVINCE_ID', 'string',null, 'admin', 'admin',null),
(901000689,'所属地市','city_id',901000005,'CITY_ID', 'string',null, 'admin', 'admin',null),
(901000690,'所属区县','county_id',901000005,'COUNTY_ID', 'string',null, 'admin', 'admin',null),
(901000691,'资源标识','int_id',901000006,'INT_ID', 'string',null, 'admin', 'admin',null),
(901000692,'RTK-CORS ID','cors_id',901000006,'CORS_ID', 'string',null, 'admin', 'admin',null),
(901000693,'安装方式','place_type',901000006,'PLACE_TYPE', 'string',901000212, 'admin', 'admin',null),
(901000694,'网管中网元名称','userlabel',901000006,'USERLABEL', 'string',null, 'admin', 'admin',null),
(901000695,'安装位置类型','location_type',901000006,'LOCATION_TYPE', 'string',901000202, 'admin', 'admin',null),
(901000696,'所属机房/位置点','related_room_location',901000006,'RELATED_ROOM_LOCATION', 'string',null, 'admin', 'admin',null),
(901000697,'软件版本','software_version',901000006,'SOFTWARE_VERSION', 'string',null, 'admin', 'admin',null),
(901000698,'生命周期状态','lifecycle_status',901000006,'LIFECYCLE_STATUS', 'string',901000201, 'admin', 'admin',null),
(901000699,'入网时间','setup_time',901000006,'SETUP_TIME', 'date',null, 'admin', 'admin',null),
(901000700,'数据质量责任人（移动）','qualitor',901000006,'QUALITOR', 'string',null, 'admin', 'admin',null),
(901000701,'一线数据维护人（代维/一线）','maintainor',901000006,'MAINTAINOR', 'string',null, 'admin', 'admin',null),
(901000702,'设备厂家','vendor_id',901000006,'VENDOR_ID', 'string',901000200, 'admin', 'admin',null),
(901000703,'设备型号','product_name',901000006,'PRODUCT_NAME', 'string',null, 'admin', 'admin',null),
(901000704,'RTK基准站名称','zh_label',901000006,'ZH_LABEL', 'string',null, 'admin', 'admin',null),
(901000705,'设备序列号','device_sn',901000006,'DEVICE_SN', 'string',null, 'admin', 'admin',null),
(901000706,'所属省份','province_id',901000006,'PROVINCE_ID', 'string',null, 'admin', 'admin',null),
(901000707,'所属地市','city_id',901000006,'CITY_ID', 'string',null, 'admin', 'admin',null),
(901000708,'所属区县','county_id',901000006,'COUNTY_ID', 'string',null, 'admin', 'admin',null),
(901000709,'资源标识','int_id',901000007,'INT_ID', 'string',null, 'admin', 'admin',null),
(901000710,'小区码 ','ci',901000007,'CI', 'string',null, 'admin', 'admin',null),
(901000711,'位置区码','lac',901000007,'LAC', 'string',null, 'admin', 'admin',null),
(901000712,'小区名称','zh_label',901000007,'ZH_LABEL', 'string',null, 'admin', 'admin',null),
(901000713,'网管中网元名称','userlabel',901000007,'USERLABEL', 'string',null, 'admin', 'admin',null),
(901000714,'所属基站','related_bs',901000007,'RELATED_BS', 'string',null, 'admin', 'admin',null),
(901000715,'安装位置类型','location_type',901000007,'LOCATION_TYPE', 'string',901000202, 'admin', 'admin',null),
(901000716,'所属机房/位置点','related_room_location',901000007,'RELATED_ROOM_LOCATION', 'string',null, 'admin', 'admin',null),
(901000717,'生命周期状态','lifecycle_status',901000007,'LIFECYCLE_STATUS', 'string',901000201, 'admin', 'admin',null),
(901000718,'入网时间','setup_time',901000007,'SETUP_TIME', 'date',null, 'admin', 'admin',null),
(901000719,'网络制式','net_model',901000007,'NET_MODEL', 'string',901000205, 'admin', 'admin',null),
(901000720,'使用频段','frequency',901000007,'FREQUENCY', 'string',901000208, 'admin', 'admin',null),
(901000721,'是否拉远','if_remote',901000007,'IF_REMOTE', 'string',901000210, 'admin', 'admin',null),
(901000722,'覆盖类型','beehive_type',901000007,'BEEHIVE_TYPE', 'string',901000203, 'admin', 'admin',null),
(901000723,'覆盖场景','cover_scene',901000007,'COVER_SCENE', 'string',901000209, 'admin', 'admin',null),
(901000724,'覆盖场景细化','cover_scene_label',901000007,'COVER_SCENE_LABEL', 'string',null, 'admin', 'admin',null),
(901000725,'二级覆盖场景','secondary_cover_scene',901000007,'SECONDARY_COVER_SCENE', 'string',null, 'admin', 'admin',null),
(901000726,'二级覆盖场景细化','secondary_cover_scene_label',901000007,'SECONDARY_COVER_SCENE_LABEL', 'string',null, 'admin', 'admin',null),
(901000727,'所属省份','province_id',901000007,'PROVINCE_ID', 'string',null, 'admin', 'admin',null),
(901000728,'所属地市','city_id',901000007,'CITY_ID', 'string',null, 'admin', 'admin',null),
(901000729,'所属区县','county_id',901000007,'COUNTY_ID', 'string',null, 'admin', 'admin',null),
(901000730,'资源标识','int_id',901000008,'INT_ID', 'string',null, 'admin', 'admin',null),
(901000731,'E-CGI','e_cgi',901000008,'E_CGI', 'string',null, 'admin', 'admin',null),
(901000732,'TAC','tac',901000008,'TAC', 'string',null, 'admin', 'admin',null),
(901000733,'PCI','pci',901000008,'PCI', 'string',null, 'admin', 'admin',null),
(901000734,'小区名称','zh_label',901000008,'ZH_LABEL', 'string',null, 'admin', 'admin',null),
(901000735,'网管中网元名称','userlabel',901000008,'USERLABEL', 'string',null, 'admin', 'admin',null),
(901000736,'所属基站','related_bs',901000008,'RELATED_BS', 'string',null, 'admin', 'admin',null),
(901000737,'安装位置类型','location_type',901000008,'LOCATION_TYPE', 'string',901000202, 'admin', 'admin',null),
(901000738,'所属机房/位置点','related_room_location',901000008,'RELATED_ROOM_LOCATION', 'string',null, 'admin', 'admin',null),
(901000739,'生命周期状态','lifecycle_status',901000008,'LIFECYCLE_STATUS', 'string',901000201, 'admin', 'admin',null),
(901000740,'入网时间','setup_time',901000008,'SETUP_TIME', 'date',null, 'admin', 'admin',null),
(901000741,'网络制式','net_model',901000008,'NET_MODEL', 'string',901000205, 'admin', 'admin',null),
(901000742,'使用频段','frequency',901000008,'FREQUENCY', 'string',901000208, 'admin', 'admin',null),
(901000743,'是否拉远','if_remote',901000008,'IF_REMOTE', 'string',901000210, 'admin', 'admin',null),
(901000744,'覆盖类型','beehive_type',901000008,'BEEHIVE_TYPE', 'string',901000203, 'admin', 'admin',null),
(901000745,'覆盖场景','cover_scene',901000008,'COVER_SCENE', 'string',901000209, 'admin', 'admin',null),
(901000746,'覆盖场景细化','cover_scene_label',901000008,'COVER_SCENE_LABEL', 'string',null, 'admin', 'admin',null),
(901000747,'二级覆盖场景','secondary_cover_scene',901000008,'SECONDARY_COVER_SCENE', 'string',null, 'admin', 'admin',null),
(901000748,'二级覆盖场景细化','secondary_cover_scene_label',901000008,'SECONDARY_COVER_SCENE_LABEL', 'string',null, 'admin', 'admin',null),
(901000749,'所属省份','province_id',901000008,'PROVINCE_ID', 'string',null, 'admin', 'admin',null),
(901000750,'所属地市','city_id',901000008,'CITY_ID', 'string',null, 'admin', 'admin',null),
(901000751,'所属区县','county_id',901000008,'COUNTY_ID', 'string',null, 'admin', 'admin',null),
(901000752,'资源标识','int_id',901000009,'INT_ID', 'string',null, 'admin', 'admin',null),
(901000753,'N-CGI','n_cgi',901000009,'N_CGI', 'string',null, 'admin', 'admin',null),
(901000754,'TAC','tac',901000009,'TAC', 'string',null, 'admin', 'admin',null),
(901000755,'PCI','pci',901000009,'PCI', 'string',null, 'admin', 'admin',null),
(901000756,'小区名称','zh_label',901000009,'ZH_LABEL', 'string',null, 'admin', 'admin',null),
(901000757,'网管中网元名称','userlabel',901000009,'USERLABEL', 'string',null, 'admin', 'admin',null),
(901000758,'所属基站','related_bs',901000009,'RELATED_BS', 'string',null, 'admin', 'admin',null),
(901000759,'安装位置类型','location_type',901000009,'LOCATION_TYPE', 'string',901000202, 'admin', 'admin',null),
(901000760,'所属机房/位置点','related_room_location',901000009,'RELATED_ROOM_LOCATION', 'string',null, 'admin', 'admin',null),
(901000761,'生命周期状态','lifecycle_status',901000009,'LIFECYCLE_STATUS', 'string',901000201, 'admin', 'admin',null),
(901000762,'入网时间','setup_time',901000009,'SETUP_TIME', 'date',null, 'admin', 'admin',null),
(901000763,'网络制式','net_model',901000009,'NET_MODEL', 'string',901000205, 'admin', 'admin',null),
(901000764,'使用频段','frequency',901000009,'FREQUENCY', 'string',901000208, 'admin', 'admin',null),
(901000765,'是否拉远','if_remote',901000009,'IF_REMOTE', 'string',901000210, 'admin', 'admin',null),
(901000766,'覆盖类型','beehive_type',901000009,'BEEHIVE_TYPE', 'string',901000203, 'admin', 'admin',null),
(901000767,'覆盖场景','cover_scene',901000009,'COVER_SCENE', 'string',901000209, 'admin', 'admin',null),
(901000768,'覆盖场景细化','cover_scene_label',901000009,'COVER_SCENE_LABEL', 'string',null, 'admin', 'admin',null),
(901000769,'二级覆盖场景','secondary_cover_scene',901000009,'SECONDARY_COVER_SCENE', 'string',null, 'admin', 'admin',null),
(901000770,'二级覆盖场景细化','secondary_cover_scene_label',901000009,'SECONDARY_COVER_SCENE_LABEL', 'string',null, 'admin', 'admin',null),
(901000771,'所属省份','province_id',901000009,'PROVINCE_ID', 'string',null, 'admin', 'admin',null),
(901000772,'所属地市','city_id',901000009,'CITY_ID', 'string',null, 'admin', 'admin',null),
(901000773,'所属区县','county_id',901000009,'COUNTY_ID', 'string',null, 'admin', 'admin',null),
(901000774,'资源标识','int_id',901000010,'INT_ID', 'string',null, 'admin', 'admin',null),
(901000775,'天线名称','userlabel',901000010,'USERLABEL', 'string',null, 'admin', 'admin',null),
(901000776,'所属RTK基准站','rtkcors',901000010,'RTKCORS', 'string',null, 'admin', 'admin',null),
(901000777,'设备厂家','vendor_id',901000010,'VENDOR_ID', 'string',901000200, 'admin', 'admin',null),
(901000778,'设备型号','device_type',901000010,'DEVICE_TYPE', 'string',901000206, 'admin', 'admin',null),
(901000779,'设备序列号','device_sn',901000010,'DEVICE_SN', 'string',null, 'admin', 'admin',null),
(901000780,'所属铁塔','related_tower',901000010,'RELATED_TOWER', 'string',null, 'admin', 'admin',null),
(901000781,'所在铁塔平台','setup_location',901000010,'SETUP_LOCATION', 'string',null, 'admin', 'admin',null),
(901000782,'生命周期状态','lifecycle_status',901000010,'LIFECYCLE_STATUS', 'string',901000201, 'admin', 'admin',null),
(901000783,'入网时间','setup_time',901000010,'SETUP_TIME', 'date',null, 'admin', 'admin',null),
(901000784,'安装方式','install_type',901000010,'INSTALL_TYPE', 'string',901000213, 'admin', 'admin',null),
(901000785,'所属省份','province_id',901000010,'PROVINCE_ID', 'string',null, 'admin', 'admin',null),
(901000786,'所属地市','city_id',901000010,'CITY_ID', 'string',null, 'admin', 'admin',null),
(901000787,'所属区县','county_id',901000010,'COUNTY_ID', 'string',null, 'admin', 'admin',null),
(901000788,'资源标识','int_id',901000011,'INT_ID', 'string',null, 'admin', 'admin',null),
(901000789,'BBU名称','zh_label',901000011,'ZH_LABEL', 'string',null, 'admin', 'admin',null),
(901000790,'BBU串号','bbu_serial',901000011,'BBU_SERIAL', 'string',null, 'admin', 'admin',null),
(901000791,'所属基站','related_bs',901000011,'RELATED_BS', 'string',null, 'admin', 'admin',null),
(901000792,'额定功率','rated_power',901000011,'RATED_POWER', 'string',null, 'admin', 'admin',null),
(901000793,'网络制式','net_model',901000011,'NET_MODEL', 'string',901000205, 'admin', 'admin',null),
(901000794,'所属省份','province_id',901000011,'PROVINCE_ID', 'string',null, 'admin', 'admin',null),
(901000795,'所属地市','city_id',901000011,'CITY_ID', 'string',null, 'admin', 'admin',null),
(901000796,'所属区县','county_id',901000011,'COUNTY_ID', 'string',null, 'admin', 'admin',null),
(901000797,'资源标识','int_id',901000012,'INT_ID', 'string',null, 'admin', 'admin',null),
(901000798,'网管中网元名称','zh_label',901000012,'ZH_LABEL', 'string',null, 'admin', 'admin',null),
(901000799,'安装位置类型','location_type',901000012,'LOCATION_TYPE', 'string',901000202, 'admin', 'admin',null),
(901000800,'所属机房/位置点','related_room_location',901000012,'RELATED_ROOM_LOCATION', 'string',null, 'admin', 'admin',null),
(901000801,'设备详细安装位置','location',901000012,'LOCATION', 'string',null, 'admin', 'admin',null),
(901000802,'关联小区','related_cell',901000012,'RELATED_CELL', 'string',null, 'admin', 'admin',null),
(901000803,'额定功率','rated_power',901000012,'RATED_POWER', 'string',null, 'admin', 'admin',null),
(901000804,'接入方式','connect_model',901000012,'CONNECT_MODEL', 'string',901000211, 'admin', 'admin',null),
(901000805,'RRU串号','rru_serial',901000012,'RRU_SERIAL', 'string',null, 'admin', 'admin',null),
(901000806,'RRU设备型号','product_name',901000012,'PRODUCT_NAME', 'string',null, 'admin', 'admin',null),
(901000807,'所属省份','province_id',901000012,'PROVINCE_ID', 'string',null, 'admin', 'admin',null),
(901000808,'所属地市','city_id',901000012,'CITY_ID', 'string',null, 'admin', 'admin',null),
(901000809,'所属区县','county_id',901000012,'COUNTY_ID', 'string',null, 'admin', 'admin',null),
(901000810,'资源标识','int_id',901000013,'INT_ID', 'string',null, 'admin', 'admin',null),
(901000811,'DU名称','zh_label',901000013,'ZH_LABEL', 'string',null, 'admin', 'admin',null),
(901000812,'DU串号','du_serial',901000013,'DU_SERIAL', 'string',null, 'admin', 'admin',null),
(901000813,'所属基站','related_bs',901000013,'RELATED_BS', 'string',null, 'admin', 'admin',null),
(901000814,'额定功率','rated_power',901000013,'RATED_POWER', 'string',null, 'admin', 'admin',null),
(901000815,'网络制式','net_model',901000013,'NET_MODEL', 'string',901000205, 'admin', 'admin',null),
(901000816,'归属CU','related_cu',901000013,'RELATED_CU', 'string',null, 'admin', 'admin',null),
(901000817,'安装位置类型','location_type',901000013,'LOCATION_TYPE', 'string',901000202, 'admin', 'admin',null),
(901000818,'所属机房/位置点','related_room_location',901000013,'RELATED_ROOM_LOCATION', 'string',null, 'admin', 'admin',null),
(901000819,'所属省份','province_id',901000013,'PROVINCE_ID', 'string',null, 'admin', 'admin',null),
(901000820,'所属地市','city_id',901000013,'CITY_ID', 'string',null, 'admin', 'admin',null),
(901000821,'所属区县','county_id',901000013,'COUNTY_ID', 'string',null, 'admin', 'admin',null),
(901000822,'资源标识','int_id',901000014,'INT_ID', 'string',null, 'admin', 'admin',null),
(901000823,'CU名称','zh_label',901000014,'ZH_LABEL', 'string',null, 'admin', 'admin',null),
(901000824,'CU串号','cu_serial',901000014,'CU_SERIAL', 'string',null, 'admin', 'admin',null),
(901000825,'额定功率','rated_power',901000014,'RATED_POWER', 'string',null, 'admin', 'admin',null),
(901000826,'网络制式','net_model',901000014,'NET_MODEL', 'string',901000205, 'admin', 'admin',null),
(901000827,'安装位置类型','location_type',901000014,'LOCATION_TYPE', 'string',901000202, 'admin', 'admin',null),
(901000828,'所属机房/位置点','related_room_location',901000014,'RELATED_ROOM_LOCATION', 'string',null, 'admin', 'admin',null),
(901000829,'所属省份','province_id',901000014,'PROVINCE_ID', 'string',null, 'admin', 'admin',null),
(901000830,'所属地市','city_id',901000014,'CITY_ID', 'string',null, 'admin', 'admin',null),
(901000831,'所属区县','county_id',901000014,'COUNTY_ID', 'string',null, 'admin', 'admin',null),
(901000832,'资源标识','int_id',901000015,'INT_ID', 'string',null, 'admin', 'admin',null),
(901000833,'AAU名称','zh_label',901000015,'ZH_LABEL', 'string',null, 'admin', 'admin',null),
(901000834,'安装位置类型','location_type',901000015,'LOCATION_TYPE', 'string',901000202, 'admin', 'admin',null),
(901000835,'所属机房/位置点','related_room_location',901000015,'RELATED_ROOM_LOCATION', 'string',null, 'admin', 'admin',null),
(901000836,'设备详细安装位置','location',901000015,'LOCATION', 'string',null, 'admin', 'admin',null),
(901000837,'关联小区','related_cell',901000015,'RELATED_CELL', 'string',null, 'admin', 'admin',null),
(901000838,'额定功率','rated_power',901000015,'RATED_POWER', 'string',null, 'admin', 'admin',null),
(901000839,'接入方式','connect_model',901000015,'CONNECT_MODEL', 'string',901000211, 'admin', 'admin',null),
(901000840,'AAU串号','aau_serial',901000015,'AAU_SERIAL', 'string',null, 'admin', 'admin',null),
(901000841,'AAU设备型号','product_name',901000015,'PRODUCT_NAME', 'string',null, 'admin', 'admin',null),
(901000842,'所属省份','province_id',901000015,'PROVINCE_ID', 'string',null, 'admin', 'admin',null),
(901000843,'所属地市','city_id',901000015,'CITY_ID', 'string',null, 'admin', 'admin',null),
(901000844,'所属区县','county_id',901000015,'COUNTY_ID', 'string',null, 'admin', 'admin',null),
(901000845,'资源标识','int_id',901000016,'INT_ID', 'string',null, 'admin', 'admin',null),
(901000846,'板卡串号','board_serial',901000016,'BOARD_SERIAL', 'string',null, 'admin', 'admin',null),
(901000847,'板卡型号','product_name',901000016,'PRODUCT_NAME', 'string',null, 'admin', 'admin',null),
(901000848,'物理位置信息','physical_location',901000016,'PHYSICAL_LOCATION', 'string',null, 'admin', 'admin',null),
(901000849,'板卡功能类型','board_function_type',901000016,'BOARD_FUNCTION_TYPE', 'string',901000214, 'admin', 'admin',null),
(901000850,'所属网元','related_bs',901000016,'RELATED_BS', 'string',null, 'admin', 'admin',null),
(901000851,'所属省份','province_id',901000016,'PROVINCE_ID', 'string',null, 'admin', 'admin',null),
(901000852,'所属地市','city_id',901000016,'CITY_ID', 'string',null, 'admin', 'admin',null),
(901000853,'所属区县','county_id',901000016,'COUNTY_ID', 'string',null, 'admin', 'admin',null),
(901000854,'资源标识','int_id',901000017,'INT_ID', 'string',null, 'admin', 'admin',null),
(901000855,'端口编号','port_no',901000017,'PORT_NO', 'string',null, 'admin', 'admin',null),
(901000856,'物理位置信息','location',901000017,'LOCATION', 'string',null, 'admin', 'admin',null),
(901000857,'电路名称','circuit_name',901000017,'CIRCUIT_NAME', 'string',null, 'admin', 'admin',null),
(901000858,'无线侧DDF/ODF端子','fiber_id',901000017,'FIBER_ID', 'string',null, 'admin', 'admin',null),
(901000859,'端口状态','port_status',901000017,'PORT_STATUS', 'string',901000215, 'admin', 'admin',null),
(901000860,'接口类型','port_type',901000017,'PORT_TYPE', 'string',901000216, 'admin', 'admin',null),
(901000861,'所属网元','related_ne',901000017,'RELATED_NE', 'string',null, 'admin', 'admin',null),
(901000862,'所属省份','province_id',901000017,'PROVINCE_ID', 'string',null, 'admin', 'admin',null),
(901000863,'所属地市','city_id',901000017,'CITY_ID', 'string',null, 'admin', 'admin',null),
(901000864,'所属区县','county_id',901000017,'COUNTY_ID', 'string',null, 'admin', 'admin',null),
(901000865,'资源标识','int_id',901000018,'INT_ID', 'string',null, 'admin', 'admin',null),
(901000866,'天线名称','zh_label',901000018,'ZH_LABEL', 'string',null, 'admin', 'admin',null),
(901000867,'设备厂家','vendor_id',901000018,'VENDOR_ID', 'string',901000200, 'admin', 'admin',null),
(901000868,'设备型号','product_name',901000018,'PRODUCT_NAME', 'string',null, 'admin', 'admin',null),
(901000869,'所属铁塔','related_tower',901000018,'RELATED_TOWER', 'string',null, 'admin', 'admin',null),
(901000870,'所在铁塔平台','setup_location',901000018,'SETUP_LOCATION', 'string',null, 'admin', 'admin',null),
(901000871,'天线挂高','height',901000018,'HEIGHT', 'string',null, 'admin', 'admin',null),
(901000872,'入网时间','setup_time',901000018,'SETUP_TIME', 'date',null, 'admin', 'admin',null),
(901000873,'天线类型','antenna_type',901000018,'ANTENNA_TYPE', 'string',901000217, 'admin', 'admin',null),
(901000874,'是否与AAU一体化','if_aau',901000018,'IF_AAU', 'string',901000218, 'admin', 'admin',null),
(901000875,'关联AAU名称','related_aau',901000018,'RELATED_AAU', 'string',null, 'admin', 'admin',null),
(901000876,'所属省份','province_id',901000018,'PROVINCE_ID', 'string',null, 'admin', 'admin',null),
(901000877,'所属地市','city_id',901000018,'CITY_ID', 'string',null, 'admin', 'admin',null),
(901000878,'所属区县','county_id',901000018,'COUNTY_ID', 'string',null, 'admin', 'admin',null),
(901000879,'资源标识','int_id',901000019,'INT_ID', 'string',null, 'admin', 'admin',null),
(901000880,'方位角','azimuth',901000019,'AZIMUTH', 'string',null, 'admin', 'admin',null),
(901000881,'关联小区','related_cell',901000019,'RELATED_CELL', 'string',null, 'admin', 'admin',null),
(901000882,'所属天线','related_antenna',901000019,'RELATED_ANTENNA', 'string',null, 'admin', 'admin',null),
(901000883,'电下倾角','ele_bend',901000019,'ELE_BEND', 'string',null, 'admin', 'admin',null),
(901000884,'机械下倾角','machine_cor',901000019,'MACHINE_COR', 'string',null, 'admin', 'admin',null),
(901000885,'关联频段','related_frequency',901000019,'RELATED_FREQUENCY', 'string',null, 'admin', 'admin',null),
(901000886,'所属省份','province_id',901000019,'PROVINCE_ID', 'string',null, 'admin', 'admin',null),
(901000887,'所属地市','city_id',901000019,'CITY_ID', 'string',null, 'admin', 'admin',null),
(901000888,'所属区县','county_id',901000019,'COUNTY_ID', 'string',null, 'admin', 'admin',null),
(901000889,'资源标识','int_id',901000020,'INT_ID', 'string',null, 'admin', 'admin',null),
(901000890,'铁塔名称','zh_label',901000020,'ZH_LABEL', 'string',null, 'admin', 'admin',null),
(901000891,'铁塔塔身高度','tower_stature',901000020,'TOWER_STATURE', 'string',null, 'admin', 'admin',null),
(901000892,'铁塔平台数量','tower_platnum',901000020,'TOWER_PLATNUM', 'string',null, 'admin', 'admin',null),
(901000893,'安装位置类型','location_type',901000020,'LOCATION_TYPE', 'string',901000202, 'admin', 'admin',null),
(901000894,'所属机房/位置点','related_room_location',901000020,'RELATED_ROOM_LOCATION', 'string',null, 'admin', 'admin',null),
(901000895,'铁塔类型','tower_type',901000020,'TOWER_TYPE', 'string',901000219, 'admin', 'admin',null),
(901000896,'产权性质','property_right',901000020,'PROPERTY_RIGHT', 'string',901000220, 'admin', 'admin',null),
(901000897,'产权单位','property_unit',901000020,'PROPERTY_UNIT', 'string',901000221, 'admin', 'admin',null),
(901000898,'共享单位','share_unit',901000020,'SHARE_UNIT', 'string',901000222, 'admin', 'admin',null),
(901000899,'入网时间','setup_time',901000020,'SETUP_TIME', 'date',null, 'admin', 'admin',null),
(901000900,'铁塔产品种类','production_type',901000020,'PRODUCTION_TYPE', 'string',901000223, 'admin', 'admin',null),
(901000901,'所属铁塔公司站址编码','tc_res_id',901000020,'TC_RES_ID', 'string',null, 'admin', 'admin',null),
(901000902,'所属省份','province_id',901000020,'PROVINCE_ID', 'string',null, 'admin', 'admin',null),
(901000903,'所属地市','city_id',901000020,'CITY_ID', 'string',null, 'admin', 'admin',null),
(901000904,'所属区县','county_id',901000020,'COUNTY_ID', 'string',null, 'admin', 'admin',null),
(901000905,'资源标识','int_id',901000021,'INT_ID', 'string',null, 'admin', 'admin',null),
(901000906,'直放站名称','zh_label',901000021,'ZH_LABEL', 'string',null, 'admin', 'admin',null),
(901000907,'设备厂家','vendor_id',901000021,'VENDOR_ID', 'string',901000200, 'admin', 'admin',null),
(901000908,'信号接收方式','signal_receive_type',901000021,'SIGNAL_RECEIVE_TYPE', 'string',901000224, 'admin', 'admin',null),
(901000909,'供电方式','power_supply_type',901000021,'POWER_SUPPLY_TYPE', 'string',901000225, 'admin', 'admin',null),
(901000910,'安装位置类型','location_type',901000021,'LOCATION_TYPE', 'string',901000202, 'admin', 'admin',null),
(901000911,'所属机房/位置点','related_room_location',901000021,'RELATED_ROOM_LOCATION', 'string',null, 'admin', 'admin',null),
(901000912,'设备详细安装位置','location',901000021,'LOCATION', 'string',null, 'admin', 'admin',null),
(901000913,'生命周期状态','lifecycle_status',901000021,'LIFECYCLE_STATUS', 'string',901000201, 'admin', 'admin',null),
(901000914,'数据质量责任人（移动）','qualitor',901000021,'QUALITOR', 'string',null, 'admin', 'admin',null),
(901000915,'一线数据维护人（代维/一线）','maintainor',901000021,'MAINTAINOR', 'string',null, 'admin', 'admin',null),
(901000916,'直放站类型','repeater_type',901000021,'REPEATER_TYPE', 'string',null, 'admin', 'admin',null),
(901000917,'覆盖类型','beehive_type',901000021,'BEEHIVE_TYPE', 'string',901000203, 'admin', 'admin',null),
(901000918,'信源小区','related_cell',901000021,'RELATED_CELL', 'string',null, 'admin', 'admin',null),
(901000919,'额定功率','rated_power',901000021,'RATED_POWER', 'string',null, 'admin', 'admin',null),
(901000920,'所属省份','province_id',901000021,'PROVINCE_ID', 'string',null, 'admin', 'admin',null),
(901000921,'所属地市','city_id',901000021,'CITY_ID', 'string',null, 'admin', 'admin',null),
(901000922,'所属区县','county_id',901000021,'COUNTY_ID', 'string',null, 'admin', 'admin',null),
(901000923,'资源标识','int_id',901000022,'INT_ID', 'string',null, 'admin', 'admin',null),
(901000924,'分布系统名称','zh_label',901000022,'ZH_LABEL', 'string',null, 'admin', 'admin',null),
(901000925,'集成厂家','integrated_vendor',901000022,'INTEGRATED_VENDOR', 'string',null, 'admin', 'admin',null),
(901000926,'所属位置点','related_location',901000022,'RELATED_LOCATION', 'string',null, 'admin', 'admin',null),
(901000927,'天线数量','antenna_num',901000022,'ANTENNA_NUM', 'string',null, 'admin', 'admin',null),
(901000928,'干放数量','trunk_amplifier_num',901000022,'TRUNK_AMPLIFIER_NUM', 'string',null, 'admin', 'admin',null),
(901000929,'关联基站','related_bs',901000022,'RELATED_BS', 'string',null, 'admin', 'admin',null),
(901000930,'信源小区','related_cell',901000022,'RELATED_CELL', 'string',null, 'admin', 'admin',null),
(901000931,'无源器件厂家','passive_device_vendor',901000022,'PASSIVE_DEVICE_VENDOR', 'string',null, 'admin', 'admin',null),
(901000932,'馈线厂家','feeder_vendor',901000022,'FEEDER_VENDOR', 'string',null, 'admin', 'admin',null),
(901000933,'天线厂家','antenna_vendor_id',901000022,'ANTENNA_VENDOR_ID', 'string',null, 'admin', 'admin',null),
(901000934,'所属省份','province_id',901000022,'PROVINCE_ID', 'string',null, 'admin', 'admin',null),
(901000935,'所属地市','city_id',901000022,'CITY_ID', 'string',null, 'admin', 'admin',null),
(901000936,'所属区县','county_id',901000022,'COUNTY_ID', 'string',null, 'admin', 'admin',null),
(901000937,'资源标识','int_id',901000023,'INT_ID', 'string',null, 'admin', 'admin',null),
(901000938,'AP名称','zh_label',901000023,'ZH_LABEL', 'string',null, 'admin', 'admin',null),
(901000939,'串号','ap_serial',901000023,'AP_SERIAL', 'string',null, 'admin', 'admin',null),
(901000940,'所属基站','related_femto',901000023,'RELATED_FEMTO', 'string',null, 'admin', 'admin',null),
(901000941,'额定功率','rated_pawer',901000023,'RATED_PAWER', 'string',null, 'admin', 'admin',null),
(901000942,'设备详细安装位置','location',901000023,'LOCATION', 'string',null, 'admin', 'admin',null),
(901000943,'设备厂家','vendor_id',901000023,'VENDOR_ID', 'string',901000200, 'admin', 'admin',null),
(901000944,'设备型号','product_name',901000023,'PRODUCT_NAME', 'string',null, 'admin', 'admin',null),
(901000945,'所属省份','province_id',901000023,'PROVINCE_ID', 'string',null, 'admin', 'admin',null),
(901000946,'所属地市','city_id',901000023,'CITY_ID', 'string',null, 'admin', 'admin',null),
(901000947,'所属区县','county_id',901000023,'COUNTY_ID', 'string',null, 'admin', 'admin',null),
(901000948,'资源标识','int_id',901000024,'INT_ID', 'string',null, 'admin', 'admin',null),
(901000949,'AU名称','zh_label',901000024,'ZH_LABEL', 'string',null, 'admin', 'admin',null),
(901000950,'串号','au_serial',901000024,'AU_SERIAL', 'string',null, 'admin', 'admin',null),
(901000951,'所属基站','related_femto',901000024,'RELATED_FEMTO', 'string',null, 'admin', 'admin',null),
(901000952,'额定功率','rated_pawer',901000024,'RATED_PAWER', 'string',null, 'admin', 'admin',null),
(901000953,'设备详细安装位置','location',901000024,'LOCATION', 'string',null, 'admin', 'admin',null),
(901000954,'设备厂家','vendor_id',901000024,'VENDOR_ID', 'string',901000200, 'admin', 'admin',null),
(901000955,'设备型号','product_name',901000024,'PRODUCT_NAME', 'string',null, 'admin', 'admin',null),
(901000956,'所属省份','province_id',901000024,'PROVINCE_ID', 'string',null, 'admin', 'admin',null),
(901000957,'所属地市','city_id',901000024,'CITY_ID', 'string',null, 'admin', 'admin',null),
(901000958,'所属区县','county_id',901000024,'COUNTY_ID', 'string',null, 'admin', 'admin',null),
(901000959,'资源标识','int_id',901000025,'INT_ID', 'string',null, 'admin', 'admin',null),
(901000960,'交换机名称','zh_label',901000025,'ZH_LABEL', 'string',null, 'admin', 'admin',null),
(901000961,'串号','serial',901000025,'SERIAL', 'string',null, 'admin', 'admin',null),
(901000962,'所属基站','related_femto',901000025,'RELATED_FEMTO', 'string',null, 'admin', 'admin',null),
(901000963,'额定功率','rated_pawer',901000025,'RATED_PAWER', 'string',null, 'admin', 'admin',null),
(901000964,'设备详细安装位置','location',901000025,'LOCATION', 'string',null, 'admin', 'admin',null),
(901000965,'设备厂家','vendor_id',901000025,'VENDOR_ID', 'string',901000200, 'admin', 'admin',null),
(901000966,'设备型号','product_name',901000025,'PRODUCT_NAME', 'string',null, 'admin', 'admin',null),
(901000967,'所属省份','province_id',901000025,'PROVINCE_ID', 'string',null, 'admin', 'admin',null),
(901000968,'所属地市','city_id',901000025,'CITY_ID', 'string',null, 'admin', 'admin',null),
(901000969,'所属区县','county_id',901000025,'COUNTY_ID', 'string',null, 'admin', 'admin',null);

--entitytype：承载网
insert into dims_mm_entitytype (ID, NAME, CODE, SPECIALITYNAME, CORETABLE, EXTENSIONTABLE, EXTENSIONATTR, EXTENSIONVALUE, CREATOR, UPDATER, MEMO) values
(905000500,'设备','CM_DEVICE_IP', '承载网', null,'CM_DEVICE_IP', null, null, 'admin', 'admin', null),
(905000501,'板卡','CM_WARE_IP_BOARD', '承载网', null,'CM_WARE_IP_BOARD', null, null, 'admin', 'admin', null),
(905000502,'物理端口','CE_PORT_IP_PTP', '承载网', null,'CE_PORT_IP_PTP', null, null, 'admin', 'admin', null),
(905000503,'逻辑端口','CE_PORT_IP_FTP', '承载网', null,'CE_PORT_IP_FTP', null, null, 'admin', 'admin', null),
(905000504,'物理链路','CE_LINK_PHYSICS', '承载网', null,'CE_LINK_PHYSICS', null, null, 'admin', 'admin', null),
(905000505,'逻辑链路','CE_LINK_IP_LOGIC', '承载网', null,'CE_LINK_IP_LOGIC', null, null, 'admin', 'admin', null);

insert into dims_mm_attributetype (ID, NAME, CODE, ENTITYTYPE_ID, COLUMNNAME, DATATYPE, DICTIONARYTYPE_ID, CREATOR, UPDATER, MEMO) values
(905000600,'资源标识','int_id',905000500,'INT_ID', 'string', null, 'admin', 'admin', null),
(905000601,'设备名称','equipment_name',905000500,'EQUIPMENT_NAME', 'string', null, 'admin', 'admin', null),
(905000602,'设备型号','equipment_model',905000500,'EQUIPMENT_MODEL', 'string', null, 'admin', 'admin', null),
(905000603,'设备别名','alisa_name',905000500,'ALISA_NAME', 'string', null, 'admin', 'admin', null),
(905000604,'5G-CE','ce_type',905000500,'CE_TYPE', 'integer', null, 'admin', 'admin', null),
(905000605,'所属机架位置','rackpos_id',905000500,'RACKPOS_ID', 'string', null, 'admin', 'admin', null),
(905000606,'网元类型','network_element_type',905000500,'NETWORK_ELEMENT_TYPE', 'string',905000010, 'admin', 'admin', null),
(905000607,'IPv4管理地址','ipv4_management_address',905000500,'IPV4_MANAGEMENT_ADDRESS', 'string', null, 'admin', 'admin', null),
(905000608,'IPv6管理地址','ipv6_management_address',905000500,'IPV6_MANAGEMENT_ADDRESS', 'string', null, 'admin', 'admin', null),
(905000609,'软件版本','soft_version',905000500,'SOFT_VERSION', 'string', null, 'admin', 'admin', null),
(905000610,'生命周期状态','lifecycle_status',905000500,'LIFECYCLE_STATUS', 'string',905000001, 'admin', 'admin', null),
(905000611,'入网时间','cutin_date',905000500,'CUTIN_DATE', 'date', null, 'admin', 'admin', null),
(905000612,'数据质量责任人','qualitor',905000500,'QUALITOR', 'string', null, 'admin', 'admin', null),
(905000613,'所属业务系统','business_system',905000500,'BUSINESS_SYSTEM', 'string',905000002, 'admin', 'admin', null),
(905000614,'设备类型','equipment_type',905000500,'EQUIPMENT_TYPE', 'string',905000003, 'admin', 'admin', null),
(905000615,'网络层次','network_level',905000500,'NETWORK_LEVEL', 'string',905000004, 'admin', 'admin', null),
(905000616,'成对设备','pair_equipment_name',905000500,'PAIR_EQUIPMENT_NAME', 'string', null, 'admin', 'admin', null),
(905000617,'额定功率（W）','rated_power',905000500,'RATED_POWER', 'string', null, 'admin', 'admin', null),
(905000618,'集群属性','cluster_attributes',905000500,'CLUSTER_ATTRIBUTES', 'string',905000009, 'admin', 'admin', null),
(905000619,'所属机房','related_equiproom',905000500,'RELATED_EQUIPROOM', 'string', null, 'admin', 'admin', null),
(905000620,'所属站点','related_site',905000500,'RELATED_SITE', 'string', null, 'admin', 'admin', null),
(905000621,'资产编码','assets_no',905000500,'ASSETS_NO', 'string', null, 'admin', 'admin', null),
(905000622,'生产厂家','manufacturer',905000500,'MANUFACTURER', 'string',905000000, 'admin', 'admin', null),
(905000623,'所属省份','province_id',905000500,'PROVINCE_ID', 'string', null, 'admin', 'admin', null),
(905000624,'所属地市','city_id',905000500,'CITY_ID', 'string', null, 'admin', 'admin', null),
(905000625,'所属区县','county_id',905000500,'COUNTY_ID', 'string', null, 'admin', 'admin', null),
(905000626,'资源标识','int_id',905000501,'INT_ID', 'string', null, 'admin', 'admin', null),
(905000627,'板卡名称','board_name',905000501,'BOARD_NAME', 'string', null, 'admin', 'admin', null),
(905000628,'板卡型号','board_type',905000501,'BOARD_TYPE', 'string', null, 'admin', 'admin', null),
(905000629,'子卡编号','board_number',905000501,'BOARD_NUMBER', 'string', null, 'admin', 'admin', null),
(905000630,'母卡编号','master_board_number',905000501,'MASTER_BOARD_NUMBER', 'string', null, 'admin', 'admin', null),
(905000631,'槽位编号','slot_no',905000501,'SLOT_NO', 'string', null, 'admin', 'admin', null),
(905000632,'所属机框','related_shelf',905000501,'RELATED_SHELF', 'string', null, 'admin', 'admin', null),
(905000633,'所属设备','equipment_id',905000501,'EQUIPMENT_ID', 'string', null, 'admin', 'admin', null),
(905000634,'序列号','series_no',905000501,'SERIES_NO', 'string', null, 'admin', 'admin', null),
(905000635,'生产厂家','manufacturer',905000501,'MANUFACTURER', 'string',905000000, 'admin', 'admin', null),
(905000636,'所属省份','province_id',905000501,'PROVINCE_ID', 'string', null, 'admin', 'admin', null),
(905000637,'所属地市','city_id',905000501,'CITY_ID', 'string', null, 'admin', 'admin', null),
(905000638,'所属区县','county_id',905000501,'COUNTY_ID', 'string', null, 'admin', 'admin', null),
(905000639,'资源标识','int_id',905000502,'INT_ID', 'string', null, 'admin', 'admin', null),
(905000640,'物理端口名称','physical_port_name',905000502,'PHYSICAL_PORT_NAME', 'string', null, 'admin', 'admin', null),
(905000641,'端口编号','port_number',905000502,'PORT_NUMBER', 'string', null, 'admin', 'admin', null),
(905000642,'端口速率','port_rate',905000502,'PORT_RATE', 'string',905000005, 'admin', 'admin', null),
(905000643,'IPv4地址','ipv4_address',905000502,'IPV4_ADDRESS', 'string', null, 'admin', 'admin', null),
(905000644,'IPv6地址','ipv6_address',905000502,'IPV6_ADDRESS', 'string', null, 'admin', 'admin', null),
(905000645,'端口状态','port_status',905000502,'PORT_STATUS', 'string',905000007, 'admin', 'admin', null),
(905000646,'端口类型','port_type',905000502,'PORT_TYPE', 'string',905000006, 'admin', 'admin', null),
(905000647,'所属设备','equipment_id',905000502,'EQUIPMENT_ID', 'string', null, 'admin', 'admin', null),
(905000648,'连接类型','line_type',905000502,'LINE_TYPE', 'string',905000008, 'admin', 'admin', null),
(905000649,'所属板卡','related_board',905000502,'RELATED_BOARD', 'string', null, 'admin', 'admin', null),
(905000650,'所属地市','city_id',905000502,'CITY_ID', 'string', null, 'admin', 'admin', null),
(905000651,'所属省份','province_id',905000502,'PROVINCE_ID', 'string', null, 'admin', 'admin', null),
(905000652,'所属区县','county_id',905000502,'COUNTY_ID', 'string', null, 'admin', 'admin', null),
(905000653,'资源标识','int_id',905000503,'INT_ID', 'string', null, 'admin', 'admin', null),
(905000654,'逻辑端口名称','logical_port_name',905000503,'LOGICAL_PORT_NAME', 'string', null, 'admin', 'admin', null),
(905000655,'IPv4地址','ipv4_address',905000503,'IPV4_ADDRESS', 'string', null, 'admin', 'admin', null),
(905000656,'IPv6地址','ipv6_address',905000503,'IPV6_ADDRESS', 'string', null, 'admin', 'admin', null),
(905000657,'关联的上一级端口','relation_port',905000503,'RELATION_PORT', 'string', null, 'admin', 'admin', null),
(905000658,'所属设备','equipment_id',905000503,'EQUIPMENT_ID', 'string', null, 'admin', 'admin', null),
(905000659,'所属VPN','related_vpn',905000503,'RELATED_VPN', 'string', null, 'admin', 'admin', null),
(905000660,'VLAN ID','vlan_id',905000503,'VLAN_ID', 'string', null, 'admin', 'admin', null),
(905000661,'所属地市','city_id',905000503,'CITY_ID', 'string', null, 'admin', 'admin', null),
(905000662,'所属省份','province_id',905000503,'PROVINCE_ID', 'string', null, 'admin', 'admin', null),
(905000663,'所属区县','county_id',905000503,'COUNTY_ID', 'string', null, 'admin', 'admin', null),
(905000664,'资源标识','int_id',905000504,'INT_ID', 'string', null, 'admin', 'admin', null),
(905000665,'物理链路名称','physical_link_name',905000504,'PHYSICAL_LINK_NAME', 'string', null, 'admin', 'admin', null),
(905000666,'传输电路名称','transmission_circuit_name',905000504,'TRANSMISSION_CIRCUIT_NAME', 'string', null, 'admin', 'admin', null),
(905000667,'电路带宽','circuit_bandwidth',905000504,'CIRCUIT_BANDWIDTH', 'string', null, 'admin', 'admin', null),
(905000668,'A端设备','a_equipment',905000504,'A_EQUIPMENT', 'string', null, 'admin', 'admin', null),
(905000669,'A端端口','a_port',905000504,'A_PORT', 'string', null, 'admin', 'admin', null),
(905000670,'A端IP地址','a_ip',905000504,'A_IP', 'string', null, 'admin', 'admin', null),
(905000671,'Z端设备','z_equipment',905000504,'Z_EQUIPMENT', 'string', null, 'admin', 'admin', null),
(905000672,'Z端端口','z_port',905000504,'Z_PORT', 'string', null, 'admin', 'admin', null),
(905000673,'Z端IP地址','z_ip',905000504,'Z_IP', 'string', null, 'admin', 'admin', null),
(905000674,'所属省份','province_id',905000504,'PROVINCE_ID', 'string', null, 'admin', 'admin', null),
(905000675,'所属地市','city_id',905000504,'CITY_ID', 'string', null, 'admin', 'admin', null),
(905000676,'所属区县','county_id',905000504,'COUNTY_ID', 'string', null, 'admin', 'admin', null),
(905000677,'资源标识','int_id',905000505,'INT_ID', 'string', null, 'admin', 'admin', null),
(905000678,'逻辑链路名称','logic_link_name',905000505,'LOGIC_LINK_NAME', 'string', null, 'admin', 'admin', null),
(905000679,'链路带宽','circuit_bandwidth',905000505,'CIRCUIT_BANDWIDTH', 'string', null, 'admin', 'admin', null),
(905000680,'A端设备','a_equipment',905000505,'A_EQUIPMENT', 'string', null, 'admin', 'admin', null),
(905000681,'A端端口','a_port',905000505,'A_PORT', 'string', null, 'admin', 'admin', null),
(905000682,'Z端设备','z_equipment',905000505,'Z_EQUIPMENT', 'string', null, 'admin', 'admin', null),
(905000683,'Z端端口','z_port',905000505,'Z_PORT', 'string', null, 'admin', 'admin', null),
(905000684,'所属省份','province_id',905000505,'PROVINCE_ID', 'string', null, 'admin', 'admin', null),
(905000685,'所属地市','city_id',905000505,'CITY_ID', 'string', null, 'admin', 'admin', null),
(905000686,'所属区县','county_id',905000505,'COUNTY_ID', 'string', null, 'admin', 'admin', null);

---entity:家客
insert into dims_mm_entitytype (ID, NAME, CODE, SPECIALITYNAME, CORETABLE, EXTENSIONTABLE, EXTENSIONATTR, EXTENSIONVALUE, CREATOR, UPDATER, MEMO) values
(908000001, '家庭客户实例', 'CM_HOME_CUST_BUSINESS', '家客', null, 'CM_HOME_CUST_BUSINESS', null, null, 'admin', 'admin', null) ,
(908000002, '宽带业务信息', 'CE_BROADBAND_BUSINESS', '家客', null, 'CE_BROADBAND_BUSINESS', null, null, 'admin', 'admin', null) ,
(908000003, 'IMS业务信息', 'CE_IMS_BUSINESS', '家客', null, 'CE_IMS_BUSINESS', null, null, 'admin', 'admin', null) ,
(908000004, '互联网电视业务信息', 'CE_TV_BUSINESS', '家客', null, 'CE_TV_BUSINESS', null, null, 'admin', 'admin', null) ,
(908000005, '小区信息表', 'RM_AREA_RESIDENTIAL', '家客', null, 'RM_AREA_RESIDENTIAL', null, null, 'admin', 'admin', null) ,
(908000006, '家客小区网格', 'RM_GRID', '家客', null, 'RM_GRID', null, null, 'admin', 'admin', null) ,
(908000007, '资源覆盖信息表', 'CUST_RELATION_RESOURCES', '家客', null, 'CUST_RELATION_RESOURCES', null, null, 'admin', 'admin', null) ,
(908000008, 'ONU', 'CM_DEVICE_ONU', '家客', null, 'CM_DEVICE_ONU', null, null, 'admin', 'admin', null) ,
(908000009, 'ONU端口', 'CM_ONU_PORT', '家客', null, 'CM_ONU_PORT', null, null, 'admin', 'admin', null) ,
(908000010, '分光器', 'CM_DEVICE_OBD', '家客', null, 'CM_DEVICE_OBD', null, null, 'admin', 'admin', null) ,
(908000011, '分光器端口', 'CM_OBD_PORT', '家客', null, 'CM_OBD_PORT', null, null, 'admin', 'admin', null) ,
(908000012, '多媒体箱', 'CE_DEVICE_DMT', '家客', null, 'CE_DEVICE_DMT', null, null, 'admin', 'admin', null) ,
(908000013, '分纤箱', 'CE_DEVICE_GF', '家客', null, 'CE_DEVICE_GF', null, null, 'admin', 'admin', null) ,
(908000014, '分纤箱端子', 'CM_GF_PORT', '家客', null, 'CM_GF_PORT', null, null, 'admin', 'admin', null);

insert into dims_mm_attributetype (ID, NAME, CODE, ENTITYTYPE_ID, COLUMNNAME, DATATYPE, DICTIONARYTYPE_ID, CREATOR, UPDATER, MEMO) values
(908000600, '资源标识', 'int_id', 908000001, 'INT_ID', 'string', null, 'admin', 'admin', null) ,
(908000601, '客户编号', 'cust_num', 908000001, 'CUST_NUM', 'string', null, 'admin', 'admin', null) ,
(908000602, '客户接入地址', 'related_standard_address', 908000001, 'RELATED_STANDARD_ADDRESS', 'string', null, 'admin', 'admin', null) ,
(908000603, '所属设备', 'device_id', 908000001, 'DEVICE_ID', 'string', null, 'admin', 'admin', null) ,
(908000604, '所属设备端口', 'port_id', 908000001, 'PORT_ID', 'string', null, 'admin', 'admin', null) ,
(908000605, '所属省份', 'province_id', 908000001, 'PROVINCE_ID', 'string', null, 'admin', 'admin', null) ,
(908000606, '所属地市', 'city_id', 908000001, 'CITY_ID', 'string', null, 'admin', 'admin', null) ,
(908000607, '所属区县', 'county_id', 908000001, 'COUNTY_ID', 'string', null, 'admin', 'admin', null) ,
(908000608, '资源标识', 'int_id', 908000002, 'INT_ID', 'string', null, 'admin', 'admin', null) ,
(908000609, '宽带产品实例标识', 'broadband_inst_id', 908000002, 'BROADBAND_INST_ID', 'string', null, 'admin', 'admin', null) ,
(908000610, '客户编号', 'cust_num', 908000002, 'CUST_NUM', 'string', null, 'admin', 'admin', null) ,
(908000611, '接入方式', 'enter_type', 908000002, 'ENTER_TYPE', 'string', null, 'admin', 'admin', null) ,
(908000612, '客户业务状态', 'service_status', 908000002, 'SERVICE_STATUS', 'string', null, 'admin', 'admin', null) ,
(908000613, '带宽速率', 'band_rate', 908000002, 'BAND_RATE', 'string', null, 'admin', 'admin', null) ,
(908000614, '所属省份', 'province_id', 908000002, 'PROVINCE_ID', 'string', null, 'admin', 'admin', null) ,
(908000615, '所属地市', 'city_id', 908000002, 'CITY_ID', 'string', null, 'admin', 'admin', null) ,
(908000616, '所属区县', 'county_id', 908000002, 'COUNTY_ID', 'string', null, 'admin', 'admin', null) ,
(908000617, '资源标识', 'int_id', 908000003, 'INT_ID', 'string', null, 'admin', 'admin', null) ,
(908000618, 'IMS业务产品实例标识', 'ims_inst_id', 908000003, 'IMS_INST_ID', 'string', null, 'admin', 'admin', null) ,
(908000619, '客户编号', 'cust_num', 908000003, 'CUST_NUM', 'string', null, 'admin', 'admin', null) ,
(908000620, '客户业务状态', 'service_status', 908000003, 'SERVICE_STATUS', 'string', null, 'admin', 'admin', null) ,
(908000621, '所属省份', 'province_id', 908000003, 'PROVINCE_ID', 'string', null, 'admin', 'admin', null) ,
(908000622, '所属地市', 'city_id', 908000003, 'CITY_ID', 'string', null, 'admin', 'admin', null) ,
(908000623, '所属区县', 'county_id', 908000003, 'COUNTY_ID', 'string', null, 'admin', 'admin', null) ,
(908000624, '资源标识', 'int_id', 908000004, 'INT_ID', 'string', null, 'admin', 'admin', null) ,
(908000625, '互联网电视业务产品实例标识', 'tv_inst_id', 908000004, 'TV_INST_ID', 'string', null, 'admin', 'admin', null) ,
(908000626, '客户编号', 'cust_num', 908000004, 'CUST_NUM', 'string', null, 'admin', 'admin', null) ,
(908000627, '客户业务状态', 'service_status', 908000004, 'SERVICE_STATUS', 'string', null, 'admin', 'admin', null) ,
(908000628, '所属省份', 'province_id', 908000004, 'PROVINCE_ID', 'string', null, 'admin', 'admin', null) ,
(908000629, '所属地市', 'city_id', 908000004, 'CITY_ID', 'string', null, 'admin', 'admin', null) ,
(908000630, '所属区县', 'county_id', 908000004, 'COUNTY_ID', 'string', null, 'admin', 'admin', null) ,
(908000631, '资源标识', 'int_id', 908000005, 'INT_ID', 'string', null, 'admin', 'admin', null) ,
(908000632, '小区名称', 'zh_label', 908000005, 'ZH_LABEL', 'string', null, 'admin', 'admin', null) ,
(908000633, '标准地址id', 'location_id', 908000005, 'LOCATION_ID', 'string', null, 'admin', 'admin', null) ,
(908000634, '地域属性', 'attributes', 908000005, 'ATTRIBUTES', 'string', null, 'admin', 'admin', null) ,
(908000635, '所属省份', 'province_id', 908000005, 'PROVINCE_ID', 'string', null, 'admin', 'admin', null) ,
(908000636, '所属地市', 'city_id', 908000005, 'CITY_ID', 'string', null, 'admin', 'admin', null) ,
(908000637, '所属区县', 'county_id', 908000005, 'COUNTY_ID', 'string', null, 'admin', 'admin', null) ,
(908000638, '所属网格编号', 'related_grid', 908000005, 'RELATED_GRID', 'string', null, 'admin', 'admin', null) ,
(908000639, '生命周期状态', 'lifecycle_status', 908000005, 'LIFECYCLE_STATUS', 'string', null, 'admin', 'admin', null) ,
(908000640, '数据质量责任人（移动）', 'qualitor', 908000005, 'QUALITOR', 'string', null, 'admin', 'admin', null) ,
(908000641, '资源标识', 'int_id', 908000006, 'INT_ID', 'string', null, 'admin', 'admin', null) ,
(908000642, '网格编码', 'grid_code', 908000006, 'GRID_CODE', 'string', null, 'admin', 'admin', null) ,
(908000643, '网格名称（选配字段）', 'zh_label', 908000006, 'ZH_LABEL', 'string', null, 'admin', 'admin', null) ,
(908000644, '小区名称', 'related_area', 908000006, 'RELATED_AREA', 'string', null, 'admin', 'admin', null) ,
(908000645, '所属省份', 'province_id', 908000006, 'PROVINCE_ID', 'string', null, 'admin', 'admin', null) ,
(908000646, '所属地市', 'city_id', 908000006, 'CITY_ID', 'string', null, 'admin', 'admin', null) ,
(908000647, '所属区县', 'county_id', 908000006, 'COUNTY_ID', 'string', null, 'admin', 'admin', null) ,
(908000648, '生命周期状态', 'lifecycle_status', 908000006, 'LIFECYCLE_STATUS', 'string', null, 'admin', 'admin', null) ,
(908000649, '资源标识', 'int_id', 908000007, 'INT_ID', 'string', null, 'admin', 'admin', null) ,
(908000650, '覆盖地址', 'room_address_id', 908000007, 'ROOM_ADDRESS_ID', 'string', null, 'admin', 'admin', null) ,
(908000651, '覆盖箱体/设备/资源点', 'relation_device_id', 908000007, 'RELATION_DEVICE_ID', 'string', null, 'admin', 'admin', null) ,
(908000652, '接入类型', 'enter_type', 908000007, 'ENTER_TYPE', 'string', null, 'admin', 'admin', null) ,
(908000653, '覆盖设备空闲端口数量', 'relation_device_free_num', 908000007, 'RELATION_DEVICE_FREE_NUM', 'string', null, 'admin', 'admin', null) ,
(908000654, '归属小区', 'residential_id', 908000007, 'RESIDENTIAL_ID', 'string', null, 'admin', 'admin', null) ,
(908000655, '所属省份', 'province_id', 908000007, 'PROVINCE_ID', 'string', null, 'admin', 'admin', null) ,
(908000656, '所属地市', 'city_id', 908000007, 'CITY_ID', 'string', null, 'admin', 'admin', null) ,
(908000657, '所属区县', 'county_id', 908000007, 'COUNTY_ID', 'string', null, 'admin', 'admin', null) ,
(908000658, '资源标识', 'int_id', 908000008, 'INT_ID', 'string', null, 'admin', 'admin', null) ,
(908000659, 'ONU名称', 'zh_label', 908000008, 'ZH_LABEL', 'string', null, 'admin', 'admin', null) ,
(908000660, '认证码', 'loid_password', 908000008, 'LOID_PASSWORD', 'string', null, 'admin', 'admin', null) ,
(908000661, '厂家', 'manufacturer', 908000008, 'MANUFACTURER', 'string', null, 'admin', 'admin', null) ,
(908000662, '规格型号', 'model', 908000008, 'MODEL', 'string', null, 'admin', 'admin', null) ,
(908000663, '接入方式', 'enter_type', 908000008, 'ENTER_TYPE', 'string', null, 'admin', 'admin', null) ,
(908000664, '上联设备', 'relation_up_device_id', 908000008, 'RELATION_UP_DEVICE_ID', 'string', null, 'admin', 'admin', null) ,
(908000665, '上联设备端口', 'relation_up_device_port', 908000008, 'RELATION_UP_DEVICE_PORT', 'string', null, 'admin', 'admin', null) ,
(908000666, '宽带端口数量', 'port_num', 908000008, 'PORT_NUM', 'string', null, 'admin', 'admin', null) ,
(908000667, '安装位置', 'install_box_id', 908000008, 'INSTALL_BOX_ID', 'string', null, 'admin', 'admin', null) ,
(908000668, '数据质量责任人', 'qualitor', 908000008, 'QUALITOR', 'string', null, 'admin', 'admin', null) ,
(908000669, '一线数据维护人（代维/一线）', 'maintainor', 908000008, 'MAINTAINOR', 'string', null, 'admin', 'admin', null) ,
(908000670, '生命周期状态', 'lifecycle_status', 908000008, 'LIFECYCLE_STATUS', 'string', null, 'admin', 'admin', null) ,
(908000671, '所属省份', 'province_id', 908000008, 'PROVINCE_ID', 'string', null, 'admin', 'admin', null) ,
(908000672, '所属地市', 'city_id', 908000008, 'CITY_ID', 'string', null, 'admin', 'admin', null) ,
(908000673, '所属区县', 'county_id', 908000008, 'COUNTY_ID', 'string', null, 'admin', 'admin', null) ,
(908000674, '资源标识', 'int_id', 908000009, 'INT_ID', 'string', null, 'admin', 'admin', null) ,
(908000675, '所属onu', 'onu_id', 908000009, 'ONU_ID', 'string', null, 'admin', 'admin', null) ,
(908000676, '端口号', 'port_num', 908000009, 'PORT_NUM', 'string', null, 'admin', 'admin', null) ,
(908000677, '端口状态', 'port_status', 908000009, 'PORT_STATUS', 'string', null, 'admin', 'admin', null) ,
(908000678, '所属省份', 'province_id', 908000009, 'PROVINCE_ID', 'string', null, 'admin', 'admin', null) ,
(908000679, '所属地市', 'city_id', 908000009, 'CITY_ID', 'string', null, 'admin', 'admin', null) ,
(908000680, '所属区县', 'county_id', 908000009, 'COUNTY_ID', 'string', null, 'admin', 'admin', null) ,
(908000681, '资源标识', 'int_id', 908000010, 'INT_ID', 'string', null, 'admin', 'admin', null) ,
(908000682, '分光器名称', 'zh_label', 908000010, 'ZH_LABEL', 'string', null, 'admin', 'admin', null) ,
(908000683, '安装位置', 'up_to_device', 908000010, 'UP_TO_DEVICE', 'string', null, 'admin', 'admin', null) ,
(908000684, '分光比', 'splitter_ratio', 908000010, 'SPLITTER_RATIO', 'string', null, 'admin', 'admin', null) ,
(908000685, '上联设备', 'link_to_device', 908000010, 'LINK_TO_DEVICE', 'string', null, 'admin', 'admin', null) ,
(908000686, '上联设备主用端口', 'link_to_device_port', 908000010, 'LINK_TO_DEVICE_PORT', 'string', null, 'admin', 'admin', null) ,
(908000687, '上联设备备用端口', 'link_to_device_sub_port', 908000010, 'LINK_TO_DEVICE_SUB_PORT', 'string', null, 'admin', 'admin', null) ,
(908000688, '生命周期状态', 'lifecycle_status', 908000010, 'LIFECYCLE_STATUS', 'string', null, 'admin', 'admin', null) ,
(908000689, '数据质量责任人', 'qualitor', 908000010, 'QUALITOR', 'string', null, 'admin', 'admin', null) ,
(908000690, '所属省份', 'province_id', 908000010, 'PROVINCE_ID', 'string', null, 'admin', 'admin', null) ,
(908000691, '所属地市', 'city_id', 908000010, 'CITY_ID', 'string', null, 'admin', 'admin', null) ,
(908000692, '所属区县', 'county_id', 908000010, 'COUNTY_ID', 'string', null, 'admin', 'admin', null) ,
(908000693, '资源标识', 'int_id', 908000011, 'INT_ID', 'string', null, 'admin', 'admin', null) ,
(908000694, '端口序号', 'port_no', 908000011, 'PORT_NO', 'string', null, 'admin', 'admin', null) ,
(908000695, '端口状态', 'port_status', 908000011, 'PORT_STATUS', 'string', null, 'admin', 'admin', null) ,
(908000696, '所属分光器', 'related_device', 908000011, 'RELATED_DEVICE', 'string', null, 'admin', 'admin', null) ,
(908000697, '所属省份', 'province_id', 908000011, 'PROVINCE_ID', 'string', null, 'admin', 'admin', null) ,
(908000698, '所属地市', 'city_id', 908000011, 'CITY_ID', 'string', null, 'admin', 'admin', null) ,
(908000699, '所属区县', 'county_id', 908000011, 'COUNTY_ID', 'string', null, 'admin', 'admin', null) ,
(908000700, '资源标识', 'int_id', 908000012, 'INT_ID', 'string', null, 'admin', 'admin', null) ,
(908000701, '多媒体箱名称', 'zh_label', 908000012, 'ZH_LABEL', 'string', null, 'admin', 'admin', null) ,
(908000702, '生命周期状态', 'lifecycle_status', 908000012, 'LIFECYCLE_STATUS', 'string', null, 'admin', 'admin', null) ,
(908000703, '数据质量责任人', 'qualitor', 908000012, 'QUALITOR', 'string', null, 'admin', 'admin', null) ,
(908000704, '所属省份', 'province_id', 908000012, 'PROVINCE_ID', 'string', null, 'admin', 'admin', null) ,
(908000705, '所属地市', 'city_id', 908000012, 'CITY_ID', 'string', null, 'admin', 'admin', null) ,
(908000706, '所属区县', 'county_id', 908000012, 'COUNTY_ID', 'string', null, 'admin', 'admin', null) ,
(908000707, '资源标识', 'int_id', 908000013, 'INT_ID', 'string', null, 'admin', 'admin', null) ,
(908000708, '分纤箱名称', 'zh_label', 908000013, 'ZH_LABEL', 'string', null, 'admin', 'admin', null) ,
(908000709, '箱体内设备类型', 'sub_device_type', 908000013, 'SUB_DEVICE_TYPE', 'string', null, 'admin', 'admin', null) ,
(908000710, '生命周期状态', 'lifecycle_status', 908000013, 'LIFECYCLE_STATUS', 'string', null, 'admin', 'admin', null) ,
(908000711, '数据质量责任人', 'qualitor', 908000013, 'QUALITOR', 'string', null, 'admin', 'admin', null) ,
(908000712, '所属省份', 'province_id', 908000013, 'PROVINCE_ID', 'string', null, 'admin', 'admin', null) ,
(908000713, '所属地市', 'city_id', 908000013, 'CITY_ID', 'string', null, 'admin', 'admin', null) ,
(908000714, '所属区县', 'county_id', 908000013, 'COUNTY_ID', 'string', null, 'admin', 'admin', null) ,
(908000715, '资源标识', 'int_id', 908000014, 'INT_ID', 'string', null, 'admin', 'admin', null) ,
(908000716, '端子号', 'port_no', 908000014, 'PORT_NO', 'string', null, 'admin', 'admin', null) ,
(908000717, '端子状态', 'port_status', 908000014, 'PORT_STATUS', 'string', null, 'admin', 'admin', null) ,
(908000718, '所属分纤箱', 'related_device', 908000014, 'RELATED_DEVICE', 'string', null, 'admin', 'admin', null) ,
(908000719, '所属省份', 'province_id', 908000014, 'PROVINCE_ID', 'string', null, 'admin', 'admin', null) ,
(908000720, '所属地市', 'city_id', 908000014, 'CITY_ID', 'string', null, 'admin', 'admin', null) ,
(908000721, '所属区县', 'county_id', 908000014, 'COUNTY_ID', 'string', null, 'admin', 'admin', null);

--插入空间 dims_mm_entitytype
insert into dims_mm_entitytype (ID, NAME, CODE, SPECIALITYNAME, CORETABLE, EXTENSIONTABLE, EXTENSIONATTR, EXTENSIONVALUE, CREATOR, UPDATER, MEMO) values
(902001001, '站点', 'RM_AREA_SITE', '空间', null, 'RM_AREA_SITE', null, null, 'admin', 'admin', null),
(902001002, '位置点（资源点）', 'RM_AREA_RESPOINT', '空间', null, 'RM_AREA_RESPOINT', null, null, 'admin', 'admin', null),
(902001003, '机房', 'RM_AREA_ROOM', '空间', null, 'RM_AREA_ROOM', null, null, 'admin', 'admin', null),
(902001004, '机架位置', 'RM_AREA_RACKPOS', '空间', null, 'RM_AREA_RACKPOS', null, null, 'admin', 'admin', null);
--插入空间 dims_mm_attributetype
--RM_AREA_SITE
insert into dims_mm_attributetype (ID, NAME, CODE, ENTITYTYPE_ID, COLUMNNAME, DATATYPE, DICTIONARYTYPE_ID, CREATOR, UPDATER, MEMO) values
(902001301, '资源标识', 'int_id', 902001001, 'INT_ID', 'string', null, 'admin', 'admin', null),
(902001302, '站点名称', 'zh_label', 902001001, 'ZH_LABEL', 'string', null, 'admin', 'admin', null),
(902001303, '所属铁塔公司站址编码', 'china_tower_station_code', 902001001, 'CHINA_TOWER_STATION_CODE', 'string', null, 'admin', 'admin', null),
(902001304, '数据质量责任人（移动）', 'qualitor', 902001001, 'QUALITOR', 'string', null, 'admin', 'admin', null),
(902001305, '站点类别', 'site_type', 902001001, 'SITE_TYPE', 'string', 902000001, 'admin', 'admin', null),
(902001306, '详细地址', 'address', 902001001, 'ADDRESS', 'string', null, 'admin', 'admin', null),
(902001307, '经度', 'longitude', 902001001, 'LONGITUDE', 'double', null, 'admin', 'admin', null),
(902001308, '纬度', 'latitude', 902001001, 'LATITUDE', 'double', null, 'admin', 'admin', null),
(902001309, '所属省份', 'province_id', 902001001, 'PROVINCE_ID', 'string', null, 'admin', 'admin', null),
(902001310, '所属地市', 'city_id', 902001001, 'CITY_ID', 'string', null, 'admin', 'admin', null),
(902001311, '所属区县', 'county_id', 902001001, 'COUNTY_ID', 'string', null, 'admin', 'admin', null),
(902001312, '所属数据中心', 'related_dc', 902001001, 'RELATED_DC', 'string', null, 'admin', 'admin', null),
(902001313, '别名', 'alias_name', 902001001, 'ALIAS_NAME', 'string', null, 'admin', 'admin', null),
--RM_AREA_RESPOINT
(902001314, '资源标识', 'int_id', 902001002, 'INT_ID', 'string', null, 'admin', 'admin', null),
(902001315, '位置点名称', 'zh_label', 902001002, 'ZH_LABEL', 'string', null, 'admin', 'admin', null),
(902001316, '经度', 'longitude', 902001002, 'LONGITUDE', 'double', null, 'admin', 'admin', null),
(902001317, '纬度', 'latitude', 902001002, 'LATITUDE', 'double', null, 'admin', 'admin', null),
(902001318, '详细地址', 'address', 902001002, 'ADDRESS', 'string', null, 'admin', 'admin', null),
(902001319, '位置点类型', 'res_type', 902001002, 'RES_TYPE', 'string', 902000002, 'admin', 'admin', null),
(902001320, '所属铁塔公司站址编码', 'china_tower_address_code', 902001002, 'CHINA_TOWER_ADDRESS_CODE', 'string', null, 'admin', 'admin', null),
(902001321, '数据质量责任人（移动）', 'qualitor', 902001002, 'QUALITOR', 'string', null, 'admin', 'admin', null),
(902001322, '别名', 'alias_name', 902001002, 'ALIAS_NAME', 'string', null, 'admin', 'admin', null),
(902001323, '所属省份', 'province_id', 902001002, 'PROVINCE_ID', 'string', null, 'admin', 'admin', null),
(902001324, '所属地市', 'city_id', 902001002, 'CITY_ID', 'string', null, 'admin', 'admin', null),
(902001325, '所属区县', 'county_id', 902001002, 'COUNTY_ID', 'string', null, 'admin', 'admin', null),
(902001326, '产权性质', 'property_right', 902001002, 'PROPERTY_RIGHT', 'string', 902000004, 'admin', 'admin', null),
(902001327, '产权单位', 'property_unit', 902001002, 'PROPERTY_UNIT', 'string', 902000005, 'admin', 'admin', null),
--RM_AREA_ROOM
(902001328, '资源标识', 'int_id', 902001003, 'INT_ID', 'string', null, 'admin', 'admin', null),
(902001329, '机房名称', 'zh_label', 902001003, 'ZH_LABEL', 'string', null, 'admin', 'admin', null),
(902001330, '所属铁塔公司机房编码', 'china_tower_station_code', 902001003, 'CHINA_TOWER_STATION_CODE', 'string', null, 'admin', 'admin', null),
(902001331, '所属站点', 'related_site', 902001003, 'RELATED_SITE', 'string', null, 'admin', 'admin', null),
(902001332, '所在楼层', 'floor_num', 902001003, 'FLOOR_NUM', 'string', null, 'admin', 'admin', null),
(902001333, '产权性质', 'property_right', 902001003, 'PROPERTY_RIGHT', 'string', 902000004, 'admin', 'admin', null),
(902001334, '产权单位', 'property_unit', 902001003, 'PROPERTY_UNIT', 'string', 902000005, 'admin', 'admin', null),
(902001335, '生命周期状态', 'lifecycle_status', 902001003, 'LIFECYCLE_STATUS', 'string', 902000003, 'admin', 'admin', null),
(902001336, '入网时间', 'cutin_date', 902001003, 'CUTIN_DATE', 'date', null, 'admin', 'admin', null),
(902001337, '数据质量责任人（移动）', 'qualitor', 902001003, 'QUALITOR', 'string', null, 'admin', 'admin', null),
(902001338, '机房类型', 'equiproom_type', 902001003, 'EQUIPROOM_TYPE', 'string', 902000006, 'admin', 'admin', null),
(902001339, '机房级别', 'equiproom_level', 902001003, 'EQUIPROOM_LEVEL', 'string', 902000007, 'admin', 'admin', null),
(902001340, '机房面积（平方米）', 'room_area', 902001003, 'ROOM_AREA', 'integer', null, 'admin', 'admin', null),
(902001341, '铁塔机房产品分类', 'china_tower_room_type', 902001003, 'CHINA_TOWER_ROOM_TYPE', 'string', 902000008, 'admin', 'admin', null),
(902001342, '共享单位', 'shared_unit', 902001003, 'SHARED_UNIT', 'string', 902000009, 'admin', 'admin', null),
(902001343, '别名', 'alias_name', 902001003, 'alias_name', 'string', null, 'admin', 'admin', null),
(902001344, '所属省份', 'province_id', 902001003, 'PROVINCE_ID', 'string', null, 'admin', 'admin', null),
(902001345, '所属地市', 'city_id', 902001003, 'CITY_ID', 'string', null, 'admin', 'admin', null),
(902001346, '所属区县', 'county_id', 902001003, 'COUNTY_ID', 'string', null, 'admin', 'admin', null),
--RM_AREA_RACKPOS
(902001347, '资源标识', 'int_id', 902001004, 'INT_ID', 'string', null, 'admin', 'admin', null),
(902001348, '名称', 'zh_label', 902001004, 'ZH_LABEL', 'string', null, 'admin', 'admin', null),
(902001349, '机架位置编号', 'serial', 902001004, 'SERIAL', 'string', null, 'admin', 'admin', null),
(902001350, '所属机房', 'equiproom_id', 902001004, 'EQUIPROOM_ID', 'string', null, 'admin', 'admin', null),
(902001351, '所在行', 'row_id', 902001004, 'ROW_ID', 'string', null, 'admin', 'admin', null),
(902001352, '所在列', 'line_id', 902001004, 'LINE_ID', 'string', null, 'admin', 'admin', null),
(902001353, '机架位置状态', 'using_status', 902001004, 'using_status', 'string', 902000010, 'admin', 'admin', null),
(902001354, '所属省份', 'province_id', 902001004, 'PROVINCE_ID', 'string', null, 'admin', 'admin', null),
(902001355, '所属地市', 'city_id', 902001004, 'CITY_ID', 'string', null, 'admin', 'admin', null),
(902001356, '所属区县', 'county_id', 902001004, 'COUNTY_ID', 'string', null, 'admin', 'admin', null);

--插入公共 dims_mm_entitytype
insert into dims_mm_entitytype (ID, NAME, CODE, SPECIALITYNAME, CORETABLE, EXTENSIONTABLE, EXTENSIONATTR, EXTENSIONVALUE, CREATOR, UPDATER, MEMO) values
(900001001, '机架', 'CM_DEVICE_RACK', '公共', null, 'CM_DEVICE_RACK', null, null, 'admin', 'admin', null),
(900001002, 'DDM模块', 'CE_WARE_DDM', '公共', null, 'CE_WARE_DDM', null, null, 'admin', 'admin', null),
(900001003, 'ODM模块', 'CE_WARE_ODM', '公共', null, 'CE_WARE_ODM', null, null, 'admin', 'admin', null),
(900001004, 'DDF端子', 'CM_PORT_DDF', '公共', null, 'CM_PORT_DDF', null, null, 'admin', 'admin', null),
(900001005, 'ODF端子', 'CM_PORT_ODF', '公共', null, 'CM_PORT_ODF', null, null, 'admin', 'admin', null);
--插入公共 dims_mm_attributetype
--CM_DEVICE_RACK
insert into dims_mm_attributetype (ID, NAME, CODE, ENTITYTYPE_ID, COLUMNNAME, DATATYPE, DICTIONARYTYPE_ID, CREATOR, UPDATER, MEMO) values
(900001301, '资源标识', 'int_id', 900001001, 'INT_ID', 'string', null, 'admin', 'admin', null),
(900001302, '机架名称', 'zh_label', 900001001, 'ZH_LABEL', 'string', null, 'admin', 'admin', null),
(900001303, '机架类型', 'rack_type', 900001001, 'RACK_TYPE', 'string', 900000002, 'admin', 'admin', null),
(900001304, '所属空间类型', 'related_type', 900001001, 'RELATED_TYPE', 'string', 900000001, 'admin', 'admin', null),
(900001305, '所属机房/资源点', 'related_room', 900001001, 'RELATED_ROOM', 'string', null, 'admin', 'admin', null),
(900001306, '所属装机位置', 'related_rackposition', 900001001, 'RELATED_RACKPOSITION', 'string', null, 'admin', 'admin', null),
(900001307, '生命周期状态', 'lifecycle_status', 900001001, 'LIFECYCLE_STATUS', 'string', 900000003, 'admin', 'admin', null),
(900001308, 'U位数量', 'rack_unit_size', 900001001, 'RACK_UNIT_SIZE', 'integer', null, 'admin', 'admin', null),
(900001309, '所属省份', 'province_id', 900001001, 'PROVINCE_ID', 'string', null, 'admin', 'admin', null),
(900001310, '所属地市', 'city_id', 900001001, 'CITY_ID', 'string', null, 'admin', 'admin', null),
(900001311, '所属区县', 'county_id', 900001001, 'COUNTY_ID', 'string', null, 'admin', 'admin', null),
--CE_WARE_DDM
(900001312, '资源标识', 'int_id', 900001002, 'INT_ID', 'string', null, 'admin', 'admin', null),
(900001313, 'DDM模块名称', 'zh_label', 900001002, 'ZH_LABEL', 'string', null, 'admin', 'admin', null),
(900001314, '端子行数', 'row_num', 900001002, 'row_num', 'integer', null, 'admin', 'admin', null),
(900001315, '端子列数', 'column_num', 900001002, 'COLUMN_NUM', 'integer', null, 'admin', 'admin', null),
(900001316, '所属机架', 'related_reackpos', 900001002, 'RELATED_REACKPOS', 'string', null, 'admin', 'admin', null),
(900001317, '数据质量责任人（移动）', 'qualitor', 900001002, 'QUALITOR', 'string', null, 'admin', 'admin', null),
(900001318, '一线数据维护人（代维/一线）', 'maintainor', 900001002, 'MAINTAINOR', 'string', null, 'admin', 'admin', null),
--CE_WARE_ODM
(900001319, '资源标识', 'int_id', 900001003, 'INT_ID', 'string', null, 'admin', 'admin', null),
(900001320, 'ODM模块名称', 'zh_label', 900001003, 'ZH_LABEL', 'string', null, 'admin', 'admin', null),
(900001321, '框号', 'shelf_id', 900001003, 'SHELF_ID', 'string', null, 'admin', 'admin', null),
(900001322, '所属设备类型', 'related_equipment_type', 900001003, 'RELATED_EQUIPMENT_TYPE', 'string', 900000004, 'admin', 'admin', null),
(900001323, '所属设备', 'related_device_id', 900001003, 'RELATED_DEVICE_ID', 'string', null, 'admin', 'admin', null),
(900001324, '数据质量责任人（移动）', 'qualitor', 900001003, 'QUALITOR', 'string', null, 'admin', 'admin', null),
(900001325, '一线数据维护人（代维/一线）', 'maintainor', 900001003, 'MAINTAINOR', 'string', null, 'admin', 'admin', null),
(900001326, '端子行数', 'row_num', 900001003, 'ROW_NUM', 'integer', null, 'admin', 'admin', null),
(900001327, '端子列数', 'column_num', 900001003, 'COLUMN_NUM', 'integer', null, 'admin', 'admin', null),
--CM_PORT_DDF
(900001328, '资源标识', 'int_id', 900001004, 'INT_ID', 'string', null, 'admin', 'admin', null),
(900001329, 'DDF端子名称', 'zh_label', 900001004, 'ZH_LABEL', 'string', null, 'admin', 'admin', null),
(900001330, '端子位置', 'row_column_num', 900001004, 'ROW_COLUMN_NUM', 'string', null, 'admin', 'admin', null),
(900001331, '端子状态', 'port_status', 900001004, 'PORT_STATUS', 'string', 900000004, 'admin', 'admin', null),
(900001332, '所属DDM模块', 'related_ddm', 900001004, 'RELATED_DDM', 'string', null, 'admin', 'admin', null),
--CM_PORT_ODF
(900001333, '资源标识', 'int_id', 900001005, 'INT_ID', 'string', null, 'admin', 'admin', null),
(900001334, 'ODF端子名称', 'zh_label', 900001005, 'ZH_LABEL', 'string', null, 'admin', 'admin', null),
(900001335, '端子位置', 'row_column_num', 900001005, 'ROW_COLUMN_NUM', 'string', null, 'admin', 'admin', null),
(900001336, '端子状态', 'port_status', 900001005, 'PORT_STATUS', 'string', 900000004, 'admin', 'admin', null),
(900001337, '所属ODM模块', 'related_odm', 900001005, 'related_odm', 'string', null, 'admin', 'admin', null);

--插入动环 dims_mm_entitytype
insert into dims_mm_entitytype (ID, NAME, CODE, SPECIALITYNAME, CORETABLE, EXTENSIONTABLE, EXTENSIONATTR, EXTENSIONVALUE, CREATOR, UPDATER, MEMO) values
(907001501, '位置点动环属性', 'RM_SITE_PROPERTY', '动环', null, 'RM_SITE_PROPERTY', null, null, 'admin', 'admin', null),
(907001502, '机房动环属性', 'RM_ROOM_PROPERTY', '动环', null, 'RM_ROOM_PROPERTY', null, null, 'admin', 'admin', null),
(907001503, '变压器', 'CE_DEVICE_PE_TRANSFORM', '动环', null, 'CE_DEVICE_PE_TRANSFORM', null, null, 'admin', 'admin', null),
(907001504, '变换设备', 'CE_DECIVE_PE_TRANSFORM_DEVICE', '动环', null, 'CE_DECIVE_PE_TRANSFORM_DEVICE', null, null, 'admin', 'admin', null),
(907001505, '高压配电系统', 'CE_NET_PE_HIGH_DISTRIBUTION', '动环', null, 'CE_NET_PE_HIGH_DISTRIBUTION', null, null, 'admin', 'admin', null),
(907001506, '高压配电', 'CE_DEVICE_PE_HIGH_DISTRIBUTION', '动环', null, 'CE_DEVICE_PE_HIGH_DISTRIBUTION', null, null, 'admin', 'admin', null),
(907001507, '高压直流电源系统', 'CE_NET_PE_HIGH_POWER', '动环', null, 'CE_NET_PE_HIGH_POWER', null, null, 'admin', 'admin', null),
(907001508, '高压直流电源', 'CE_DEVICE_PE_HIGH_POWER', '动环', null, 'CE_DEVICE_PE_HIGH_POWER', null, null, 'admin', 'admin', null),
(907001509, '高压直流配电', 'CE_DEVICE_PE_HIGH_DC_DISTRIBUTION', '动环', null, 'CE_DEVICE_PE_HIGH_DC_DISTRIBUTION', null, null, 'admin', 'admin', null),
(907001510, '低压配电系统', 'CE_NET_PE_LOW_DISTRIBUTION', '动环', null, 'CE_NET_PE_LOW_DISTRIBUTION', null, null, 'admin', 'admin', null),
(907001511, '低压交流配电', 'CE_DEVICE_PE_LOW_AC_DISTRIBUTION', '动环', null, 'CE_DEVICE_PE_LOW_AC_DISTRIBUTION', null, null, 'admin', 'admin', null),
(907001512, '发电系统', 'CE_NET_PE_SWITCH_POWER', '动环', null, 'CE_NET_PE_SWITCH_POWER', null, null, 'admin', 'admin', null),
(907001513, '发电机组', 'CE_DEVICE_PE_POWER_GENERATION', '动环', null, 'CE_DEVICE_PE_POWER_GENERATION', null, null, 'admin', 'admin', null),
(907001514, '开关电源系统', 'CE_NET_PE_OPEN_POWER', '动环', null, 'CE_NET_PE_OPEN_POWER', null, null, 'admin', 'admin', null),
(907001515, '开关电源', 'CE_DEVICE_PE_SWITCH_POWER', '动环', null, 'CE_DEVICE_PE_SWITCH_POWER', null, null, 'admin', 'admin', null),
(907001516, '低压直流配电', 'CE_DEVICE_PE_LOW_DC_DISTRIBUTION', '动环', null, 'CE_DEVICE_PE_LOW_DC_DISTRIBUTION', null, null, 'admin', 'admin', null),
(907001517, 'UPS系统', 'CE_NET_PE_UPS', '动环', null, 'CE_NET_PE_UPS', null, null, 'admin', 'admin', null),	
(907001518, 'UPS设备', 'CE_DEVICE_PE_UPS', '动环', null, 'CE_DEVICE_PE_UPS', null, null, 'admin', 'admin', null),
(907001519, '蓄电池', 'CE_DEVICE_PE_BATTERY', '动环', null, 'CE_DEVICE_PE_BATTERY', null, null, 'admin', 'admin', null),
(907001520, '空调', 'CE_DEVICE_PE_AIR', '动环', null, 'CE_DEVICE_PE_AIR', null, null, 'admin', 'admin', null),
(907001521, '节能设备', 'CE_DEVICE_PE_ENERY_SAVE', '动环', null, 'CE_DEVICE_PE_ENERY_SAVE', null, null, 'admin', 'admin', null),
(907001522, '动环监控', 'CE_DEVICE_PE_POWER_MONITOR', '动环', null, 'CE_DEVICE_PE_POWER_MONITOR', null, null, 'admin', 'admin', null),
(907001523, '智能电表', 'CE_DEVICE_PE_SMART_METER', '动环', null, 'CE_DEVICE_PE_SMART_METER', null, null, 'admin', 'admin', null),
(907001524, '动环专业内输出分路', 'CE_LINK_PE_IN', '动环', null, 'CE_LINK_PE_IN', null, null, 'admin', 'admin', null),	
(907001525, '跨专业输出分路', 'CE_LINK_PE_OUT', '动环', null, 'CE_LINK_PE_OUT', null, null, 'admin', 'admin', null),	
(907001526, '其它设备', 'CE_DEVICE_PE_OTHER', '动环', null, 'CE_DEVICE_PE_OTHER', null, null, 'admin', 'admin', null);
	
	
--插入动环 dims_mm_attributetype
--RM_SITE_PROPERTY
insert into dims_mm_attributetype (ID, NAME, CODE, ENTITYTYPE_ID, COLUMNNAME, DATATYPE, DICTIONARYTYPE_ID, CREATOR, UPDATER, MEMO) values
(907001801, '资源标识', 'int_id', 907001501, 'INT_ID', 'string', null, 'admin', 'admin', null),
(907001802, '所属省份', 'province_id', 907001501, 'PROVINCE_ID', 'string', null, 'admin', 'admin', null),
(907001803, '所属地市', 'city_id', 907001501, 'CITY_ID', 'string', null, 'admin', 'admin', null),
(907001804, '所属区县', 'county_id', 907001501, 'COUNTY_ID', 'string', null, 'admin', 'admin', null),
(907001805, '站点名称', 'zh_label', 907001501, 'ZH_LABEL', 'string', null, 'admin', 'admin', null),
(907001806, '动环专业站点级别', 'power_site_level', 907001501, 'POWER_SITE_LEVEL', 'string', 907000031, 'admin', 'admin', null),
(907001807, '市电备份方式', 'mains_backup_method', 907001501, 'MAINS_BACKUP_METHOD', 'string', 907000016, 'admin', 'admin', null),
(907001808, '市电是否来自不同变电站', 'power_is_substations', 907001501, 'power_is_substations', 'string', 907000018, 'admin', 'admin', null),
(907001809, '市电电压等级', 'mains_voltage_level', 907001501, 'MAINS_VOLTAGE_LEVEL', 'string', 907000012, 'admin', 'admin', null),
(907001810, '市电性质', 'mains_nature', 907001501, 'MAINS_NATURE', 'string', 907000015, 'admin', 'admin', null),
(907001811, '市电总路数（路）', 'total_mains_number', 907001501, 'TOTAL_MAINS_NUMBER', 'string', null, 'admin', 'admin', null),
(907001812, '市电容量（KVA）', 'mains_capacity', 907001501, 'MAINS_CAPACITY', 'string', null, 'admin', 'admin', null),
(907001813, '市电油机配置级别', 'mains_configuration_level', 907001501, 'MAINS_CONFIGURATION_LEVEL', 'string', 907000025, 'admin', 'admin', null),
(907001814, '地下油罐总数量（个）', 'total_tank_number', 907001501, 'TOTAL_TANK_NUMBER', 'string', null, 'admin', 'admin', null),
(907001815, '地下油罐总容积（m³）', 'tatal_tank_volume', 907001501, 'TATAL_TANK_VOLUME', 'string', null, 'admin', 'admin', null),
(907001816, '产权单位', 'property_unit', 907001501, 'PROPERTY_UNIT', 'string', 907000045, 'admin', 'admin', null),
	
--RM_ROOM_PROPERTY
(907001817, '资源标识', 'int_id', 907001502, 'INT_ID', 'string', null, 'admin', 'admin', null),
(907001818, '所属省份', 'province_id', 907001502, 'PROVINCE_ID', 'string', null, 'admin', 'admin', null),
(907001819, '所属地市', 'city_id', 907001502, 'CITY_ID', 'string', null, 'admin', 'admin', null),
(907001820, '所属区县', 'county_id', 907001502, 'COUNTY_ID', 'string', null, 'admin', 'admin', null),
(907001821, '机房名称', 'zh_label', 907001502, 'ZH_LABEL', 'string', null, 'admin', 'admin', null),
(907001822, '动环专业机房类型', 'power_room_type', 907001502, 'POWER_ROOM_TYPE', 'string', 907000004, 'admin', 'admin', null),
(907001823, '所属站点', 'power_related_site_name', 907001502, 'POWER_RELATED_SITE_NAME', 'string', null, 'admin', 'admin', null),	
	
--CE_DEVICE_PE_TRANSFORM
(907001824, '资源标识', 'int_id', 907001503, 'INT_ID', 'string', null, 'admin', 'admin', null),
(907001825, '所属省份', 'province_id', 907001503, 'PROVINCE_ID', 'string', null, 'admin', 'admin', null),
(907001826, '所属地市', 'city_id', 907001503, 'CITY_ID', 'string', null, 'admin', 'admin', null),
(907001827, '所属区县', 'county_id', 907001503, 'COUNTY_ID', 'string', null, 'admin', 'admin', null),
(907001828, '所属站点', 'related_site', 907001503, 'RELATED_SITE', 'string', null, 'admin', 'admin', null),
(907001829, '所属机房', 'related_room', 907001503, 'RELATED_ROOM', 'string', null, 'admin', 'admin', null),
(907001830, '设备类型', 'device_type', 907001503, 'DEVICE_TYPE', 'string', 907000036, 'admin', 'admin', null),
(907001831, '设备子类', 'device_subclass', 907001503, 'DEVICE_SUBCLASS', 'string', 907000047, 'admin', 'admin', null),
(907001832, '设备名称', 'zh_label', 907001503, 'ZH_LABEL', 'string', null, 'admin', 'admin', null),
(907001833, '设备编码', 'device_code', 907001503, 'DEVICE_CODE', 'string', null, 'admin', 'admin', null),
(907001834, '设备型号', 'product_name', 907001503, 'PRODUCT_NAME', 'string', 907000026, 'admin', 'admin', null),
(907001835, '设备厂家', 'vendor_id', 907001503, 'VENDOR_ID', 'string', 907000006, 'admin', 'admin', null),
(907001836, '额定功率（KVA）', 'rated_power', 907001503, 'RATED_POWER', 'integer', null, 'admin', 'admin', null),
(907001837, '输入额定电压（V）', 'input_rated_voltage', 907001503, 'INPUT_RATED_VOLTAGE', 'string', 907000040, 'admin', 'admin', null),
(907001838, '低压额定电流', 'low_reted_current', 907001503, 'LOW_RETED_CURRENT', 'integer', null, 'admin', 'admin', null),
(907001839, '备份方式', 'backup_method', 907001503, 'BACKUP_METHOD', 'string', 907000049, 'admin', 'admin', null),
(907001840, '开始使用时间', 'start_time', 907001503, 'START_TIME', 'date', null, 'admin', 'admin', null),
(907001841, '预计报废时间', 'estimated_retirement_time', 907001503, 'ESTIMATED_RETIREMENT_TIME', 'date', null, 'admin', 'admin', null),
(907001842, '使用状态', 'lifecycle_status', 907001503, 'LIFECYCLE_STATUS', 'string', 907000032, 'admin', 'admin', null),
(907001843, '维护责任人', 'maintainor', 907001503, 'MAINTAINOR', 'string', null, 'admin', 'admin', null),
(907001844, '数据质量责任人（移动）', 'qualitor', 907001503, 'QUALITOR', 'string', null, 'admin', 'admin', null),
	
--CE_DECIVE_PE_TRANSFORM_DEVICE	
(907001845, '资源标识', 'int_id', 907001504, 'INT_ID', 'string', null, 'admin', 'admin', null),
(907001846, '所属省份', 'province_id', 907001504, 'PROVINCE_ID', 'string', null, 'admin', 'admin', null),
(907001847, '所属地市', 'city_id', 907001504, 'CITY_ID', 'string', null, 'admin', 'admin', null),
(907001848, '所属区县', 'county_id', 907001504, 'COUNTY_ID', 'string', null, 'admin', 'admin', null),
(907001849, '所属站点', 'related_site', 907001504, 'RELATED_SITE', 'string', null, 'admin', 'admin', null),
(907001850, '所属机房', 'related_room', 907001504, 'RELATED_ROOM', 'string', null, 'admin', 'admin', null),
(907001851, '设备类型', 'device_type', 907001504, 'DEVICE_TYPE', 'string', 907000036, 'admin', 'admin', null),
(907001852, '设备子类', 'device_subclass', 907001504, 'DEVICE_SUBCLASS', 'string', 907000047, 'admin', 'admin', null),
(907001853, '设备名称', 'zh_label', 907001504, 'ZH_LABEL', 'string', null, 'admin', 'admin', null),
(907001854, '设备编码', 'device_code', 907001504, 'DEVICE_CODE', 'string', null, 'admin', 'admin', null),
(907001855, '设备型号', 'product_name', 907001504, 'PRODUCT_NAME', 'string', 907000026, 'admin', 'admin', null),
(907001856, '设备厂家', 'vendor_id', 907001504, 'VENDOR_ID', 'string', 907000006, 'admin', 'admin', null),
(907001857, '额定输入电压（V）', 'rated_input_voltage', 907001504, 'RATED_INPUT_VOLTAGE', 'string', 907000007, 'admin', 'admin', null),
(907001858, '额定输出电压（V）', 'rated_output_voltage', 907001504, 'RATED_OUTPUT_VOLTAGE', 'string', 907000017, 'admin', 'admin', null),
(907001859, '输出类型', 'output_type', 907001504, 'OUTPUT_TYPE', 'string', 907000008, 'admin', 'admin', null),
(907001860, '可装变换模块总数（块）', 'total_loading_modules_number', 907001504, 'TOTAL_LOADING_MODULES_NUMBER', 'integer', null, 'admin', 'admin', null),
(907001861, '实配变换模块总数（块）', 'total_match_modules_number', 907001504, 'TOTAL_MATCH_MODULES_NUMBER', 'integer', null, 'admin', 'admin', null),
(907001862, '单个模块额定输出电流（A)', 'single_module_output_current', 907001504, 'SINGLE_MODULE_OUTPUT_CURRENT', 'string', null, 'admin', 'admin', null),
(907001863, '开始使用时间', 'start_time', 907001504, 'START_TIME', 'date', null, 'admin', 'admin', null),
(907001864, '预计报废时间', 'estimated_retirement_time', 907001504, 'ESTIMATED_RETIREMENT_TIME', 'date', null, 'admin', 'admin', null),
(907001865, '使用状态', 'lifecycle_status', 907001504, 'LIFECYCLE_STATUS', 'string', 907000032, 'admin', 'admin', null),
(907001866, '维护责任人', 'maintainor', 907001504, 'MAINTAINOR', 'string', null, 'admin', 'admin', null),
(907001867, '数据质量责任人（移动）', 'qualitor', 907001504, 'QUALITOR', 'string', null, 'admin', 'admin', null),	
	
--CE_NET_PE_HIGH_DISTRIBUTION	
(907001868, '资源标识', 'int_id', 907001505, 'INT_ID', 'string', null, 'admin', 'admin', null),
(907001869, '所属省份', 'province_id', 907001505, 'PROVINCE_ID', 'string', null, 'admin', 'admin', null),
(907001870, '所属地市', 'city_id', 907001505, 'CITY_ID', 'string', null, 'admin', 'admin', null),
(907001871, '所属区县', 'county_id', 907001505, 'COUNTY_ID', 'string', null, 'admin', 'admin', null),
(907001872, '所属站点', 'related_site', 907001505, 'RELATED_SITE', 'string', null, 'admin', 'admin', null),
(907001873, '所属机房', 'related_room', 907001505, 'RELATED_ROOM', 'string', null, 'admin', 'admin', null),
(907001874, '系统类型', 'system_type', 907001505, 'SYSTEM_TYPE', 'string', 907000020, 'admin', 'admin', null),
(907001875, '系统名称', 'zh_label', 907001505, 'ZH_LABEL', 'string', null, 'admin', 'admin', null),
(907001876, '系统编码', 'system_code', 907001505, 'SYSTEM_CODE', 'string', null, 'admin', 'admin', null),
(907001877, '系统额定容量(A)', 'system_rated_capacity', 907001505, 'SYSTEM_RATED_CAPACITY', 'string', null, 'admin', 'admin', null),
(907001878, '使用状态', 'lifecycle_status', 907001505, 'LIFECYCLE_STATUS', 'string', 907000032, 'admin', 'admin', null),
(907001879, '数据质量责任人（移动）', 'qualitor', 907001505, 'QUALITOR', 'string', null, 'admin', 'admin', null),	
	
--CE_DEVICE_PE_HIGH_DISTRIBUTION
(907001880, '资源标识', 'int_id', 907001506, 'INT_ID', 'string', null, 'admin', 'admin', null),
(907001881, '所属省份', 'province_id', 907001506, 'PROVINCE_ID', 'string', null, 'admin', 'admin', null),
(907001882, '所属地市', 'city_id', 907001506, 'CITY_ID', 'string', null, 'admin', 'admin', null),
(907001883, '所属区县', 'county_id', 907001506, 'COUNTY_ID', 'string', null, 'admin', 'admin', null),
(907001884, '所属站点', 'related_site', 907001506, 'RELATED_SITE', 'string', null, 'admin', 'admin', null),
(907001885, '所属机房', 'related_room', 907001506, 'RELATED_ROOM', 'string', null, 'admin', 'admin', null),
(907001886, '设备类型', 'device_type', 907001506, 'DEVICE_TYPE', 'string', 907000036, 'admin', 'admin', null),
(907001887, '设备子类', 'device_subclass', 907001506, 'device_subclass', 'string', 907000047, 'admin', 'admin', null),
(907001888, '设备名称', 'zh_label', 907001506, 'ZH_LABEL', 'string', null, 'admin', 'admin', null),
(907001889, '设备编码', 'device_code', 907001506, 'DEVICE_CODE', 'string', null, 'admin', 'admin', null),
(907001890, '设备型号', 'product_name', 907001506, 'PRODUCT_NAME', 'string', 907000026, 'admin', 'admin', null),
(907001891, '设备厂家', 'vendor_id', 907001506, 'VENDOR_ID', 'string', 907000006, 'admin', 'admin', null),
(907001892, '所属系统', 'related_system', 907001506, 'RELATED_SYSTEM', 'string', null, 'admin', 'admin', null),
(907001893, '额定容量（A)', 'reted_capacity', 907001506, 'RETED_CAPACITY', 'string', null, 'admin', 'admin', null),
(907001894, '开始使用时间', 'start_time', 907001506, 'START_TIME', 'date', null, 'admin', 'admin', null),
(907001895, '预计报废时间', 'estimated_retirement_time', 907001506, 'ESTIMATED_RETIREMENT_TIME', 'date', null, 'admin', 'admin', null),
(907001896, '使用状态', 'lifecycle_status', 907001506, 'LIFECYCLE_STATUS', 'string', 907000032, 'admin', 'admin', null),
(907001897, '维护责任人', 'maintainor', 907001506, 'MAINTAINOR', 'string', null, 'admin', 'admin', null),
(907001898, '数据质量责任人（移动）', 'qualitor', 907001506, 'QUALITOR', 'string', null, 'admin', 'admin', null),	
	
--CE_NET_PE_HIGH_POWER
(907001899, '资源标识', 'int_id', 907001507, 'INT_ID', 'string', null, 'admin', 'admin', null),
(907001900, '所属省份', 'province_id', 907001507, 'PROVINCE_ID', 'string', null, 'admin', 'admin', null),
(907001901, '所属地市', 'city_id', 907001507, 'CITY_ID', 'string', null, 'admin', 'admin', null),
(907001902, '所属区县', 'county_id', 907001507, 'COUNTY_ID', 'string', null, 'admin', 'admin', null),
(907001903, '所属站点', 'related_site', 907001507, 'RELATED_SITE', 'string', null, 'admin', 'admin', null),
(907001904, '所属机房', 'related_room', 907001507, 'RELATED_ROOM', 'string', null, 'admin', 'admin', null),
(907001905, '系统类型', 'system_type', 907001507, 'SYSTEM_TYPE', 'string', 907000020, 'admin', 'admin', null),
(907001906, '系统名称', 'zh_label', 907001507, 'ZH_LABEL', 'string', null, 'admin', 'admin', null),
(907001907, '系统编码', 'system_code', 907001507, 'SYSTEM_CODE', 'string', null, 'admin', 'admin', null),
(907001908, '系统额定容量(A)', 'system_rated_capacity', 907001507, 'SYSTEM_RATED_CAPACITY', 'string', null, 'admin', 'admin', null),
(907001909, '使用状态', 'lifecycle_status', 907001507, 'LIFECYCLE_STATUS', 'string', 907000032, 'admin', 'admin', null),
(907001910, '数据质量责任人（移动）', 'qualitor', 907001507, 'QUALITOR', 'string', null, 'admin', 'admin', null),
--CE_DEVICE_PE_HIGH_POWER
(907001911, '资源标识', 'int_id', 907001508, 'INT_ID', 'string', null, 'admin', 'admin', null),
(907001912, '所属省份', 'province_id', 907001508, 'PROVINCE_ID', 'string', null, 'admin', 'admin', null),
(907001913, '所属地市', 'city_id', 907001508, 'CITY_ID', 'string', null, 'admin', 'admin', null),
(907001914, '所属区县', 'county_id', 907001508, 'COUNTY_ID', 'string', null, 'admin', 'admin', null),
(907001915, '所属站点', 'related_site', 907001508, 'RELATED_SITE', 'string', null, 'admin', 'admin', null),
(907001916, '所属机房', 'related_room', 907001508, 'RELATED_ROOM', 'string', null, 'admin', 'admin', null),
(907001917, '设备类型', 'device_type', 907001508, 'DEVICE_TYPE', 'string', 907000036, 'admin', 'admin', null),
(907001918, '设备子类', 'device_subclass', 907001508, 'device_subclass', 'string', 907000047, 'admin', 'admin', null),
(907001919, '设备名称', 'zh_label', 907001508, 'ZH_LABEL', 'string', null, 'admin', 'admin', null),
(907001920, '设备编码', 'device_code', 907001508, 'DEVICE_CODE', 'string', null, 'admin', 'admin', null),
(907001921, '设备型号', 'product_name', 907001508, 'PRODUCT_NAME', 'string', 907000026, 'admin', 'admin', null),
(907001922, '设备厂家', 'vendor_id', 907001508, 'VENDOR_ID', 'string', 907000006, 'admin', 'admin', null),
(907001923, '所属系统', 'related_system', 907001508, 'RELATED_SYSTEM', 'string', null, 'admin', 'admin', null),
(907001924, '额定输出电压（V）', 'rated_output_voltage', 907001508, 'RATED_OUTPUT_VOLTAGE', 'string', 907000017, 'admin', 'admin', null),
(907001925, '监控模块型号', 'monitoring_module_model', 907001508, 'MONITORING_MODULE_MODEL', 'string', null, 'admin', 'admin', null),
(907001926, '本机架可装整流模块总数（块）', 'total_rack_loading_modules_number', 907001508, 'TOTAL_RACK_LOADING_MODULES_NUMBER', 'integer', null, 'admin', 'admin', null),
(907001927, '本机架实配整流模块总数（块）', 'total_rack_match_modules_number', 907001508, 'TOTAL_RACK_MATCH_MODULES_NUMBER', 'integer', null, 'admin', 'admin', null),
(907001928, '单个整流模块额定输出容量（A）', 'signal_output_rated_capacity', 907001508, 'SIGNAL_OUTPUT_RATED_CAPACITY', 'string', null, 'admin', 'admin', null),
(907001929, '开始使用时间', 'start_time', 907001508, 'START_TIME', 'date', null, 'admin', 'admin', null),
(907001930, '预计报废时间', 'estimated_retirement_time', 907001508, 'ESTIMATED_RETIREMENT_TIME', 'date', null, 'admin', 'admin', null),
(907001931, '使用状态', 'lifecycle_status', 907001508, 'LIFECYCLE_STATUS', 'string', 907000032, 'admin', 'admin', null),
(907001932, '维护责任人', 'maintainor', 907001508, 'MAINTAINOR', 'string', null, 'admin', 'admin', null),
(907001933, '数据质量责任人（移动）', 'qualitor', 907001508, 'QUALITOR', 'string', null, 'admin', 'admin', null),
--CE_DEVICE_PE_HIGH_DC_DISTRIBUTION
(907001934, '资源标识', 'int_id', 907001509, 'INT_ID', 'string', null, 'admin', 'admin', null),
(907001935, '所属省份', 'province_id', 907001509, 'PROVINCE_ID', 'string', null, 'admin', 'admin', null),
(907001936, '所属地市', 'city_id', 907001509, 'CITY_ID', 'string', null, 'admin', 'admin', null),
(907001937, '所属区县', 'county_id', 907001509, 'COUNTY_ID', 'string', null, 'admin', 'admin', null),
(907001938, '所属站点', 'related_site', 907001509, 'RELATED_SITE', 'string', null, 'admin', 'admin', null),
(907001939, '所属机房', 'related_room', 907001509, 'RELATED_ROOM', 'string', null, 'admin', 'admin', null),
(907001940, '设备类型', 'device_type', 907001509, 'DEVICE_TYPE', 'string', 907000036, 'admin', 'admin', null),
(907001941, '设备子类', 'device_subclass', 907001509, 'device_subclass', 'string', 907000047, 'admin', 'admin', null),
(907001942, '设备名称', 'zh_label', 907001509, 'ZH_LABEL', 'string', null, 'admin', 'admin', null),
(907001943, '设备编码', 'device_code', 907001509, 'DEVICE_CODE', 'string', null, 'admin', 'admin', null),
(907001944, '设备型号', 'product_name', 907001509, 'PRODUCT_NAME', 'string', 907000026, 'admin', 'admin', null),
(907001945, '设备厂家', 'vendor_id', 907001509, 'VENDOR_ID', 'string', 907000006, 'admin', 'admin', null),
(907001946, '所属系统', 'related_system', 907001509, 'RELATED_SYSTEM', 'string', null, 'admin', 'admin', null),
(907001947, '额定容量（A）', 'reted_capacity', 907001509, 'RETED_CAPACITY', 'string', null, 'admin', 'admin', null),
(907001948, '输人端口总数（路）', 'total_input_port', 907001509, 'TOTAL_INPUT_PORT', 'integer', null, 'admin', 'admin', null),
(907001949, '输出端口总数（路）', 'total_onput_port', 907001509, 'TOTAL_ONPUT_PORT', 'integer', null, 'admin', 'admin', null),
(907001950, '开始使用时间', 'start_time', 907001509, 'START_TIME', 'date', null, 'admin', 'admin', null),
(907001951, '预计报废时间', 'estimated_retirement_time', 907001509, 'ESTIMATED_RETIREMENT_TIME', 'date', null, 'admin', 'admin', null),
(907001952, '使用状态', 'lifecycle_status', 907001509, 'LIFECYCLE_STATUS', 'string', 907000032, 'admin', 'admin', null),
(907001953, '维护责任人', 'maintainor', 907001509, 'MAINTAINOR', 'string', null, 'admin', 'admin', null),
(907001954, '数据质量责任人（移动）', 'qualitor', 907001509, 'QUALITOR', 'string', null, 'admin', 'admin', null),
--CE_NET_PE_LOW_DISTRIBUTION
(907001955, '资源标识', 'int_id', 907001510, 'INT_ID', 'string', null, 'admin', 'admin', null),
(907001956, '所属省份', 'province_id', 907001510, 'PROVINCE_ID', 'string', null, 'admin', 'admin', null),
(907001957, '所属地市', 'city_id', 907001510, 'CITY_ID', 'string', null, 'admin', 'admin', null),
(907001958, '所属区县', 'county_id', 907001510, 'COUNTY_ID', 'string', null, 'admin', 'admin', null),
(907001959, '所属站点', 'related_site', 907001510, 'RELATED_SITE', 'string', null, 'admin', 'admin', null),
(907001960, '所属机房', 'related_room', 907001510, 'RELATED_ROOM', 'string', null, 'admin', 'admin', null),
(907001961, '系统类型', 'system_type', 907001510, 'SYSTEM_TYPE', 'string', 907000020, 'admin', 'admin', null),
(907001962, '资源系统类型', 'res_type', 907001510, 'RES_TYPE', 'string', 907000023, 'admin', 'admin', null),
(907001963, '系统名称', 'zh_label', 907001510, 'ZH_LABEL', 'string', null, 'admin', 'admin', null),
(907001964, '系统编码', 'system_code', 907001510, 'SYSTEM_CODE', 'string', null, 'admin', 'admin', null),
(907001965, '系统额定容量(A)', 'system_rated_capacity', 907001510, 'SYSTEM_RATED_CAPACITY', 'string', null, 'admin', 'admin', null),
(907001966, '使用状态', 'lifecycle_status', 907001510, 'LIFECYCLE_STATUS', 'string', 907000032, 'admin', 'admin', null),
(907001967, '数据质量责任人（移动）', 'qualitor', 907001510, 'QUALITOR', 'string', null, 'admin', 'admin', null),
--CE_DEVICE_PE_LOW_AC_DISTRIBUTION
(907001968, '资源标识', 'int_id', 907001511, 'INT_ID', 'string', null, 'admin', 'admin', null),
(907001969, '所属省份', 'province_id', 907001511, 'PROVINCE_ID', 'string', null, 'admin', 'admin', null),
(907001970, '所属地市', 'city_id', 907001511, 'CITY_ID', 'string', null, 'admin', 'admin', null),
(907001971, '所属区县', 'county_id', 907001511, 'COUNTY_ID', 'string', null, 'admin', 'admin', null),
(907001972, '所属站点', 'related_site', 907001511, 'RELATED_SITE', 'string', null, 'admin', 'admin', null),
(907001973, '所属机房', 'related_room', 907001511, 'RELATED_ROOM', 'string', null, 'admin', 'admin', null),
(907001974, '设备类型', 'device_type', 907001511, 'DEVICE_TYPE', 'string', 907000036, 'admin', 'admin', null),
(907001975, '设备子类', 'device_subclass', 907001511, 'device_subclass', 'string', 907000047, 'admin', 'admin', null),
(907001976, '设备名称', 'zh_label', 907001511, 'ZH_LABEL', 'string', null, 'admin', 'admin', null),
(907001977, '设备编码', 'device_code', 907001511, 'DEVICE_CODE', 'string', null, 'admin', 'admin', null),
(907001978, '设备型号', 'product_name', 907001511, 'PRODUCT_NAME', 'string', 907000026, 'admin', 'admin', null),
(907001979, '设备厂家', 'vendor_id', 907001511, 'VENDOR_ID', 'string', 907000006, 'admin', 'admin', null),
(907001980, '所属系统', 'related_system', 907001511, 'RELATED_SYSTEM', 'string', null, 'admin', 'admin', null),
(907001981, '额定容量(A)', 'reted_capacity', 907001511, 'RETED_CAPACITY', 'string', null, 'admin', 'admin', null),
(907001982, '输入端口数（路）', 'total_input_port', 907001511, 'TOTAL_INPUT_PORT', 'string', 907000019, 'admin', 'admin', null),
(907001983, '输出端口总数（路）', 'total_output_port', 907001511, 'TOTAL_OUTPUT_PORT', 'integer', null, 'admin', 'admin', null),
(907001984, '设备配置的SPD品牌', 'device_configuration_spd_brand', 907001511, 'DEVICE_CONFIGURATION_SPD_BRAND', 'string', null, 'admin', 'admin', null),
(907001985, 'SPD最大通流量（KA）', 'spd_max_rate', 907001511, 'SPD_MAX_RATE', 'string', null, 'admin', 'admin', null),
(907001986, '开始使用时间', 'start_time', 907001511, 'START_TIME', 'date', null, 'admin', 'admin', null),
(907001987, '预计报废时间', 'estimated_retirement_time', 907001511, 'ESTIMATED_RETIREMENT_TIME', 'date', null, 'admin', 'admin', null),
(907001988, '使用状态', 'lifecycle_status', 907001511, 'LIFECYCLE_STATUS', 'string', 907000032, 'admin', 'admin', null),
(907001989, '维护责任人', 'maintainor', 907001511, 'MAINTAINOR', 'string', null, 'admin', 'admin', null),
(907001990, '数据质量责任人（移动）', 'qualitor', 907001511, 'QUALITOR', 'string', null, 'admin', 'admin', null),
--CE_NET_PE_SWITCH_POWER
(907001991, '资源标识', 'int_id', 907001512, 'INT_ID', 'string', null, 'admin', 'admin', null),
(907001992, '所属省份', 'province_id', 907001512, 'PROVINCE_ID', 'string', null, 'admin', 'admin', null),
(907001993, '所属地市', 'city_id', 907001512, 'CITY_ID', 'string', null, 'admin', 'admin', null),
(907001994, '所属区县', 'county_id', 907001512, 'COUNTY_ID', 'string', null, 'admin', 'admin', null),
(907001995, '所属站点', 'related_site', 907001512, 'RELATED_SITE', 'string', null, 'admin', 'admin', null),
(907001996, '所属机房', 'related_room', 907001512, 'RELATED_ROOM', 'string', null, 'admin', 'admin', null),
(907001997, '系统类型', 'system_type', 907001512, 'SYSTEM_TYPE', 'string', 907000020, 'admin', 'admin', null),
(907001998, '资源系统类型', 'res_type', 907001512, 'RES_TYPE', 'string', 907000023, 'admin', 'admin', null),
(907001999, '系统名称', 'zh_label', 907001512, 'ZH_LABEL', 'string', null, 'admin', 'admin', null),
(907002000, '系统编码', 'system_code', 907001512, 'SYSTEM_CODE', 'string', null, 'admin', 'admin', null),
(907002001, '系统额定容量(KW)', 'system_rated_capacity', 907001512, 'SYSTEM_RATED_CAPACITY', 'string', null, 'admin', 'admin', null),
(907002002, '使用状态', 'lifecycle_status', 907001512, 'LIFECYCLE_STATUS', 'string', 907000032, 'admin', 'admin', null),
(907002003, '数据质量责任人（移动）', 'qualitor', 907001512, 'QUALITOR', 'string', null, 'admin', 'admin', null),
--CE_DEVICE_PE_POWER_GENERATION
(907002004, '资源标识', 'int_id', 907001513, 'INT_ID', 'string', null, 'admin', 'admin', null),
(907002005, '所属省份', 'province_id', 907001513, 'PROVINCE_ID', 'string', null, 'admin', 'admin', null),
(907002006, '所属地市', 'city_id', 907001513, 'CITY_ID', 'string', null, 'admin', 'admin', null),
(907002007, '所属区县', 'county_id', 907001513, 'COUNTY_ID', 'string', null, 'admin', 'admin', null),
(907002008, '所属站点', 'related_site', 907001513, 'RELATED_SITE', 'string', null, 'admin', 'admin', null),
(907002009, '所属机房', 'related_room', 907001513, 'RELATED_ROOM', 'string', null, 'admin', 'admin', null),
(907002010, '设备类型', 'device_type', 907001513, 'DEVICE_TYPE', 'string', 907000036, 'admin', 'admin', null),
(907002011, '设备子类', 'device_subclass', 907001513, 'device_subclass', 'string', 907000047, 'admin', 'admin', null),
(907002012, '设备名称', 'zh_label', 907001513, 'ZH_LABEL', 'string', null, 'admin', 'admin', null),
(907002013, '设备编码', 'device_code', 907001513, 'DEVICE_CODE', 'string', null, 'admin', 'admin', null),
(907002014, '设备型号', 'product_name', 907001513, 'PRODUCT_NAME', 'string', 907000026, 'admin', 'admin', null),
(907002015, '设备厂家', 'vendor_id', 907001513, 'VENDOR_ID', 'string', 907000006, 'admin', 'admin', null),
(907002016, '额定功率（KW）', 'rated_power', 907001513, 'RATED_POWER', 'integer', null, 'admin', 'admin', null),
(907002017, '额定输出电压（V)', 'rated_output_voltage', 907001513, 'RATED_OUTPUT_VOLTAGE', 'string', null, 'admin', 'admin', null),
(907002018, '输出电压类型', 'output_voltage_type', 907001513, 'OUTPUT_VOLTAGE_TYPE', 'string', 907000029, 'admin', 'admin', null),
(907002019, '自启动功能', 'self_start_function', 907001513, 'SELF_START_FUNCTION', 'string', 907000030, 'admin', 'admin', null),
(907002020, '冷却方式', 'cooling_method', 907001513, 'COOLING_METHOD', 'string', 907000052, 'admin', 'admin', null),
(907002021, '安装方式', 'installation_method', 907001513, 'INSTALLATION_METHOD', 'string', 907000042, 'admin', 'admin', null),
(907002022, '备份方式', 'backup_method', 907001513, 'BACKUP_METHOD', 'string', 907000049, 'admin', 'admin', null),
(907002023, '所属系统', 'related_system', 907001513, 'RELATED_SYSTEM', 'string', null, 'admin', 'admin', null),
(907002024, '开始使用时间', 'start_time', 907001513, 'START_TIME', 'date', null, 'admin', 'admin', null),
(907002025, '预计报废时间', 'estimated_retirement_time', 907001513, 'ESTIMATED_RETIREMENT_TIME', 'date', null, 'admin', 'admin', null),
(907002026, '使用状态', 'lifecycle_status', 907001513, 'LIFECYCLE_STATUS', 'string', 907000032, 'admin', 'admin', null),
(907002027, '维护责任人', 'maintainor', 907001513, 'MAINTAINOR', 'string', null, 'admin', 'admin', null),
(907002028, '数据质量责任人（移动）', 'qualitor', 907001513, 'QUALITOR', 'string', null, 'admin', 'admin', null),
--CE_NET_PE_OPEN_POWER
(907002029, '资源标识', 'int_id', 907001514, 'INT_ID', 'string', null, 'admin', 'admin', null),
(907002030, '所属省份', 'province_id', 907001514, 'PROVINCE_ID', 'string', null, 'admin', 'admin', null),
(907002031, '所属地市', 'city_id', 907001514, 'CITY_ID', 'string', null, 'admin', 'admin', null),
(907002032, '所属区县', 'county_id', 907001514, 'COUNTY_ID', 'string', null, 'admin', 'admin', null),
(907002033, '所属站点', 'related_site', 907001514, 'RELATED_SITE', 'string', null, 'admin', 'admin', null),
(907002034, '所属机房', 'related_room', 907001514, 'RELATED_ROOM', 'string', null, 'admin', 'admin', null),
(907002035, '系统类型', 'system_type', 907001514, 'SYSTEM_TYPE', 'string', 907000020, 'admin', 'admin', null),
(907002036, '资源系统类型', 'res_type', 907001514, 'RES_TYPE', 'string', 907000023, 'admin', 'admin', null),
(907002037, '系统名称', 'zh_label', 907001514, 'ZH_LABEL', 'string', null, 'admin', 'admin', null),
(907002038, '系统编码', 'system_code', 907001514, 'SYSTEM_CODE', 'string', null, 'admin', 'admin', null),
(907002039, '系统额定容量(A)', 'system_rated_capacity', 907001514, 'SYSTEM_RATED_CAPACITY', 'string', null, 'admin', 'admin', null),
(907002040, '使用状态', 'lifecycle_status', 907001514, 'LIFECYCLE_STATUS', 'string', 907000032, 'admin', 'admin', null),
(907002041, '数据质量责任人（移动）', 'qualitor', 907001514, 'QUALITOR', 'string', null, 'admin', 'admin', null),
--CE_DEVICE_PE_SWITCH_POWER
(907002042, '资源标识', 'int_id', 907001515, 'INT_ID', 'string', null, 'admin', 'admin', null),
(907002043, '所属省份', 'province_id', 907001515, 'PROVINCE_ID', 'string', null, 'admin', 'admin', null),
(907002044, '所属地市', 'city_id', 907001515, 'CITY_ID', 'string', null, 'admin', 'admin', null),
(907002045, '所属区县', 'county_id', 907001515, 'COUNTY_ID', 'string', null, 'admin', 'admin', null),
(907002046, '所属站点', 'related_site', 907001515, 'RELATED_SITE', 'string', null, 'admin', 'admin', null),
(907002047, '所属机房', 'related_room', 907001515, 'RELATED_ROOM', 'string', null, 'admin', 'admin', null),
(907002048, '设备类型', 'device_type', 907001515, 'DEVICE_TYPE', 'string', 907000036, 'admin', 'admin', null),
(907002049, '设备子类', 'device_subclass', 907001515, 'device_subclass', 'string', 907000047, 'admin', 'admin', null),
(907002050, '设备名称', 'zh_label', 907001515, 'ZH_LABEL', 'string', null, 'admin', 'admin', null),
(907002051, '设备编码', 'device_code', 907001515, 'DEVICE_CODE', 'string', null, 'admin', 'admin', null),
(907002052, '设备型号', 'product_name', 907001515, 'PRODUCT_NAME', 'string', 907000026, 'admin', 'admin', null),
(907002053, '设备厂家', 'vendor_id', 907001515, 'VENDOR_ID', 'string', 907000006, 'admin', 'admin', null),
(907002054, '所属系统', 'related_system', 907001515, 'RELATED_SYSTEM', 'string', null, 'admin', 'admin', null),
(907002055, '额定输出电压（V）', 'rated_output_voltage', 907001515, 'RATED_OUTPUT_VOLTAGE', 'string', 907000017, 'admin', 'admin', null),
(907002056, '监控模块型号', 'monitoring_module_model', 907001515, 'MONITORING_MODULE_MODEL', 'string', null, 'admin', 'admin', null),
(907002057, '本机架可装整流模块总数（块）', 'total_rack_loading_modules_number', 907001515, 'TOTAL_RACK_LOADING_MODULES_NUMBER', 'integer', null, 'admin', 'admin', null),
(907002058, '本机架实配整流模块总数（块）', 'total_rack_match_modules_number', 907001515, 'TOTAL_RACK_MATCH_MODULES_NUMBER', 'integer', null, 'admin', 'admin', null),
(907002059, '单个整流模块额定输出容量（A）', 'signal_output_rated_capacity', 907001515, 'SIGNAL_OUTPUT_RATED_CAPACITY', 'string', null, 'admin', 'admin', null),
(907002060, '开始使用时间', 'start_time', 907001515, 'START_TIME', 'date', null, 'admin', 'admin', null),
(907002061, '预计报废时间', 'estimated_retirement_time', 907001515, 'ESTIMATED_RETIREMENT_TIME', 'date', null, 'admin', 'admin', null),
(907002062, '使用状态', 'lifecycle_status', 907001515, 'LIFECYCLE_STATUS', 'string', 907000032, 'admin', 'admin', null),
(907002063, '维护责任人', 'maintainor', 907001515, 'MAINTAINOR', 'string', null, 'admin', 'admin', null),
(907002064, '数据质量责任人（移动）', 'qualitor', 907001515, 'QUALITOR', 'string', null, 'admin', 'admin', null),
--CE_DEVICE_PE_LOW_DC_DISTRIBUTION
(907002065, '资源标识', 'int_id', 907001516, 'INT_ID', 'string', null, 'admin', 'admin', null),
(907002066, '所属省份', 'province_id', 907001516, 'PROVINCE_ID', 'string', null, 'admin', 'admin', null),
(907002067, '所属地市', 'city_id', 907001516, 'CITY_ID', 'string', null, 'admin', 'admin', null),
(907002068, '所属区县', 'county_id', 907001516, 'COUNTY_ID', 'string', null, 'admin', 'admin', null),
(907002069, '所属站点', 'related_site', 907001516, 'RELATED_SITE', 'string', null, 'admin', 'admin', null),
(907002070, '所属机房', 'related_room', 907001516, 'RELATED_ROOM', 'string', null, 'admin', 'admin', null),
(907002071, '设备类型', 'device_type', 907001516, 'DEVICE_TYPE', 'string', 907000036, 'admin', 'admin', null),
(907002072, '设备子类', 'device_subclass', 907001516, 'device_subclass', 'string', 907000047, 'admin', 'admin', null),
(907002073, '设备名称', 'zh_label', 907001516, 'ZH_LABEL', 'string', null, 'admin', 'admin', null),
(907002074, '设备编码', 'device_code', 907001516, 'DEVICE_CODE', 'string', null, 'admin', 'admin', null),
(907002075, '设备型号', 'product_name', 907001516, 'PRODUCT_NAME', 'string', 907000026, 'admin', 'admin', null),
(907002076, '设备厂家', 'vendor_id', 907001516, 'VENDOR_ID', 'string', 907000006, 'admin', 'admin', null),
(907002077, '所属系统', 'related_system', 907001516, 'RELATED_SYSTEM', 'string', null, 'admin', 'admin', null),
(907002078, '额定容量（A）', 'reted_capacity', 907001516, 'RETED_CAPACITY', 'string', null, 'admin', 'admin', null),
(907002079, '输人端口总数（路）', 'total_input_port', 907001516, 'TOTAL_INPUT_PORT', 'integer', null, 'admin', 'admin', null),
(907002080, '输出端口总数（路）', 'total_onput_port', 907001516, 'TOTAL_ONPUT_PORT', 'integer', null, 'admin', 'admin', null),
(907002081, '开始使用时间', 'start_time', 907001516, 'START_TIME', 'date', null, 'admin', 'admin', null),
(907002082, '预计报废时间', 'estimated_retirement_time', 907001516, 'ESTIMATED_RETIREMENT_TIME', 'date', null, 'admin', 'admin', null),
(907002083, '使用状态', 'lifecycle_status', 907001516, 'LIFECYCLE_STATUS', 'string', 907000032, 'admin', 'admin', null),
(907002084, '维护责任人', 'maintainor', 907001516, 'MAINTAINOR', 'string', null, 'admin', 'admin', null),
(907002085, '数据质量责任人（移动）', 'qualitor', 907001516, 'QUALITOR', 'string', null, 'admin', 'admin', null),
--CE_NET_PE_UPS
(907002086, '资源标识', 'int_id', 907001517, 'INT_ID', 'string', null, 'admin', 'admin', null),
(907002087, '所属省份', 'province_id', 907001517, 'PROVINCE_ID', 'string', null, 'admin', 'admin', null),
(907002088, '所属地市', 'city_id', 907001517, 'CITY_ID', 'string', null, 'admin', 'admin', null),
(907002089, '所属区县', 'county_id', 907001517, 'COUNTY_ID', 'string', null, 'admin', 'admin', null),
(907002090, '所属站点', 'related_site', 907001517, 'RELATED_SITE', 'string', null, 'admin', 'admin', null),
(907002091, '所属机房', 'related_room', 907001517, 'RELATED_ROOM', 'string', null, 'admin', 'admin', null),
(907002092, '系统类型', 'system_type', 907001517, 'SYSTEM_TYPE', 'string', 907000020, 'admin', 'admin', null),
(907002093, '资源系统类型', 'res_type', 907001517, 'RES_TYPE', 'string', 907000023, 'admin', 'admin', null),
(907002094, '系统名称', 'zh_label', 907001517, 'ZH_LABEL', 'string', null, 'admin', 'admin', null),
(907002095, '系统编码', 'system_code', 907001517, 'SYSTEM_CODE', 'string', null, 'admin', 'admin', null),
(907002096, '系统额定容量(KVA)', 'system_rated_capacity', 907001517, 'SYSTEM_RATED_CAPACITY', 'string', null, 'admin', 'admin', null),
(907002097, '工作方式', 'work_method', 907001517, 'WORK_METHOD', 'string', 907000028, 'admin', 'admin', null),
(907002098, '母线类型', 'bus_type', 907001517, 'BUS_TYPE', 'string', 907000024, 'admin', 'admin', null),
(907002099, '使用状态', 'lifecycle_status', 907001517, 'LIFECYCLE_STATUS', 'string', 907000032, 'admin', 'admin', null),
(907002100, '数据质量责任人（移动）', 'qualitor', 907001517, 'QUALITOR', 'string', null, 'admin', 'admin', null),
--CE_DEVICE_PE_UPS
(907002101, '资源标识', 'int_id', 907001518, 'INT_ID', 'string', null, 'admin', 'admin', null),
(907002102, '所属省份', 'province_id', 907001518, 'PROVINCE_ID', 'string', null, 'admin', 'admin', null),
(907002103, '所属地市', 'city_id', 907001518, 'CITY_ID', 'string', null, 'admin', 'admin', null),
(907002104, '所属区县', 'county_id', 907001518, 'COUNTY_ID', 'string', null, 'admin', 'admin', null),
(907002105, '所属站点', 'related_site', 907001518, 'RELATED_SITE', 'string', null, 'admin', 'admin', null),
(907002106, '所属机房', 'related_room', 907001518, 'RELATED_ROOM', 'string', null, 'admin', 'admin', null),
(907002107, '设备类型', 'device_type', 907001518, 'DEVICE_TYPE', 'string', 907000036, 'admin', 'admin', null),
(907002108, '设备子类', 'device_subclass', 907001518, 'device_subclass', 'string', 907000047, 'admin', 'admin', null),
(907002109, '设备名称', 'zh_label', 907001518, 'ZH_LABEL', 'string', null, 'admin', 'admin', null),
(907002110, '设备编码', 'device_code', 907001518, 'DEVICE_CODE', 'string', null, 'admin', 'admin', null),
(907002111, '设备型号', 'product_name', 907001518, 'PRODUCT_NAME', 'string', 907000026, 'admin', 'admin', null),
(907002112, '设备厂家', 'vendor_id', 907001518, 'VENDOR_ID', 'string', 907000006, 'admin', 'admin', null),
(907002113, '所属系统', 'related_system', 907001518, 'RELATED_SYSTEM', 'string', null, 'admin', 'admin', null),
(907002114, '额定容量（KVA）', 'rated_capacity', 907001518, 'RATED_CAPACITY', 'integer', null, 'admin', 'admin', null),
(907002115, '额定输出电压（V）', 'rated_output_voltage', 907001518, 'RATED_OUTPUT_VOLTAGE', 'string', 907000017, 'admin', 'admin', null),
(907002116, '开始使用时间', 'start_time', 907001518, 'START_TIME', 'date', null, 'admin', 'admin', null),
(907002117, '预计报废时间', 'estimated_retirement_time', 907001518, 'ESTIMATED_RETIREMENT_TIME', 'date', null, 'admin', 'admin', null),
(907002118, '使用状态', 'lifecycle_status', 907001518, 'LIFECYCLE_STATUS', 'string', 907000032, 'admin', 'admin', null),
(907002119, '维护责任人', 'maintainor', 907001518, 'MAINTAINOR', 'string', null, 'admin', 'admin', null),
(907002120, '数据质量责任人（移动）', 'qualitor', 907001518, 'QUALITOR', 'string', null, 'admin', 'admin', null),	
--CE_DEVICE_PE_BATTERY
(907002121, '资源标识', 'int_id', 907001519, 'INT_ID', 'string', null, 'admin', 'admin', null),
(907002122, '所属省份', 'province_id', 907001519, 'PROVINCE_ID', 'string', null, 'admin', 'admin', null),
(907002123, '所属地市', 'city_id', 907001519, 'CITY_ID', 'string', null, 'admin', 'admin', null),
(907002124, '所属区县', 'county_id', 907001519, 'COUNTY_ID', 'string', null, 'admin', 'admin', null),
(907002125, '所属站点', 'related_site', 907001519, 'RELATED_SITE', 'string', null, 'admin', 'admin', null),
(907002126, '所属机房', 'related_room', 907001519, 'RELATED_ROOM', 'string', null, 'admin', 'admin', null),
(907002127, '设备类型', 'device_type', 907001519, 'DEVICE_TYPE', 'string', 907000036, 'admin', 'admin', null),
(907002128, '设备子类', 'device_subclass', 907001519, 'device_subclass', 'string', 907000047, 'admin', 'admin', null),
(907002129, '设备名称', 'zh_label', 907001519, 'ZH_LABEL', 'string', null, 'admin', 'admin', null),
(907002130, '设备编码', 'device_code', 907001519, 'DEVICE_CODE', 'string', null, 'admin', 'admin', null),
(907002131, '设备型号', 'product_name', 907001519, 'PRODUCT_NAME', 'string', 907000026, 'admin', 'admin', null),
(907002132, '设备厂家', 'vendor_id', 907001519, 'VENDOR_ID', 'string', 907000006, 'admin', 'admin', null),
(907002133, '所属电源设备', 'ralated_power_device', 907001519, 'RALATED_POWER_DEVICE', 'string', null, 'admin', 'admin', null),
(907002134, '额定容量（AH）', 'reted_capacity', 907001519, 'RETED_CAPACITY', 'string', null, 'admin', 'admin', null),
(907002135, '单体电压等级（V）', 'cell_voltage_level', 907001519, 'CELL_VOLTAGE_LEVEL', 'string', 907000039, 'admin', 'admin', null),
(907002136, '组内单体总数（只）', 'total_monomers_number', 907001519, 'TOTAL_MONOMERS_NUMBER', 'integer', null, 'admin', 'admin', null),
(907002137, '开始使用时间', 'start_time', 907001519, 'START_TIME', 'date', null, 'admin', 'admin', null),
(907002138, '预计报废时间', 'estimated_retirement_time', 907001519, 'ESTIMATED_RETIREMENT_TIME', 'date', null, 'admin', 'admin', null),
(907002139, '使用状态', 'lifecycle_status', 907001519, 'LIFECYCLE_STATUS', 'string', 907000032, 'admin', 'admin', null),
(907002140, '维护责任人', 'maintainor', 907001519, 'MAINTAINOR', 'string', null, 'admin', 'admin', null),
(907002141, '数据质量责任人（移动）', 'qualitor', 907001519, 'QUALITOR', 'string', null, 'admin', 'admin', null),	
--CE_DEVICE_PE_AIR
(907002142, '资源标识', 'int_id', 907001520, 'INT_ID', 'string', null, 'admin', 'admin', null),
(907002143, '所属省份', 'province_id', 907001520, 'PROVINCE_ID', 'string', null, 'admin', 'admin', null),
(907002144, '所属地市', 'city_id', 907001520, 'CITY_ID', 'string', null, 'admin', 'admin', null),
(907002145, '所属区县', 'county_id', 907001520, 'COUNTY_ID', 'string', null, 'admin', 'admin', null),
(907002146, '所属站点', 'related_site', 907001520, 'RELATED_SITE', 'string', null, 'admin', 'admin', null),
(907002147, '所属机房', 'related_room', 907001520, 'RELATED_ROOM', 'string', null, 'admin', 'admin', null),
(907002148, '设备类型', 'device_type', 907001520, 'DEVICE_TYPE', 'string', 907000036, 'admin', 'admin', null),
(907002149, '设备子类', 'device_subclass', 907001520, 'device_subclass', 'string', 907000047, 'admin', 'admin', null),
(907002150, '设备名称', 'zh_label', 907001520, 'ZH_LABEL', 'string', null, 'admin', 'admin', null),
(907002151, '设备编码', 'device_code', 907001520, 'DEVICE_CODE', 'string', null, 'admin', 'admin', null),
(907002152, '设备型号', 'product_name', 907001520, 'PRODUCT_NAME', 'string', 907000026, 'admin', 'admin', null),
(907002153, '设备厂家', 'vendor_id', 907001520, 'VENDOR_ID', 'string', 907000006, 'admin', 'admin', null),
(907002154, '额定制冷量（KW）', 'rated_cooling_capacity', 907001520, 'RATED_COOLING_CAPACITY', 'string', null, 'admin', 'admin', null),
(907002155, '额定输入功率（W）', 'rated_input_power', 907001520, 'RATED_INPUT_POWER', 'string', null, 'admin', 'admin', null),
(907002156, '额定工作电压（V）', 'rated_operating_voltage', 907001520, 'RATED_OPERATING_VOLTAGE', 'string', 907000001, 'admin', 'admin', null),
(907002157, '开始使用时间', 'start_time', 907001520, 'START_TIME', 'date', null, 'admin', 'admin', null),
(907002158, '预计报废时间', 'estimated_retirement_time', 907001520, 'ESTIMATED_RETIREMENT_TIME', 'date', null, 'admin', 'admin', null),
(907002159, '使用状态', 'lifecycle_status', 907001520, 'LIFECYCLE_STATUS', 'string', 907000032, 'admin', 'admin', null),
(907002160, '维护责任人', 'maintainor', 907001520, 'MAINTAINOR', 'string', null, 'admin', 'admin', null),
(907002161, '数据质量责任人（移动）', 'qualitor', 907001520, 'QUALITOR', 'string', null, 'admin', 'admin', null),	
--CE_DEVICE_PE_ENERY_SAVE
(907002162, '资源标识', 'int_id', 907001521, 'INT_ID', 'string', null, 'admin', 'admin', null),
(907002163, '所属省份', 'province_id', 907001521, 'PROVINCE_ID', 'string', null, 'admin', 'admin', null),
(907002164, '所属地市', 'city_id', 907001521, 'CITY_ID', 'string', null, 'admin', 'admin', null),
(907002165, '所属区县', 'county_id', 907001521, 'COUNTY_ID', 'string', null, 'admin', 'admin', null),
(907002166, '所属站点', 'related_site', 907001521, 'RELATED_SITE', 'string', null, 'admin', 'admin', null),
(907002167, '所属机房', 'related_room', 907001521, 'RELATED_ROOM', 'string', null, 'admin', 'admin', null),
(907002168, '设备类型', 'device_type', 907001521, 'DEVICE_TYPE', 'string', 907000036, 'admin', 'admin', null),
(907002169, '设备子类', 'device_subclass', 907001521, 'device_subclass', 'string', 907000047, 'admin', 'admin', null),
(907002170, '设备名称', 'zh_label', 907001521, 'ZH_LABEL', 'string', null, 'admin', 'admin', null),
(907002171, '设备编码', 'device_code', 907001521, 'DEVICE_CODE', 'string', null, 'admin', 'admin', null),
(907002172, '设备型号', 'product_name', 907001521, 'PRODUCT_NAME', 'string', 907000026, 'admin', 'admin', null),
(907002173, '设备厂家', 'vendor_id', 907001521, 'VENDOR_ID', 'string', 907000006, 'admin', 'admin', null),
(907002174, '额定制冷量（KW）', 'rated_cooling_capacity', 907001521, 'RATED_COOLING_CAPACITY', 'string', null, 'admin', 'admin', null),
(907002175, '输入额定功率（KW）', 'rated_input_power', 907001521, 'RATED_INPUT_POWER', 'string', null, 'admin', 'admin', null),
(907002176, '额定工作电压（V）', 'rated_operating_voltage', 907001521, 'RATED_OPERATING_VOLTAGE', 'string', 907000001, 'admin', 'admin', null),
(907002177, '系统总容量（W）', 'total_system_capacity', 907001521, 'TOTAL_SYSTEM_CAPACITY', 'string', null, 'admin', 'admin', null),
(907002178, '系统输出电压（V）', 'system_output_voltage', 907001521, 'SYSTEM_OUTPUT_VOLTAGE', 'string', null, 'admin', 'admin', null),
(907002179, '下挂风机总数量（台）', 'total_fan_number', 907001521, 'TOTAL_FAN_NUMBER', 'integer', null, 'admin', 'admin', null),
(907002180, '下挂风机形式', 'fan_form', 907001521, 'FAN_FORM', 'string', 907000041, 'admin', 'admin', null),
(907002181, '下挂风机品牌', 'fan_brand', 907001521, 'FAN_BRAND', 'string', null, 'admin', 'admin', null),
(907002182, '下挂风机额定功率（W）', 'fan_rated_power', 907001521, 'FAN_RATED_POWER', 'string', null, 'admin', 'admin', null),
(907002183, '下挂太阳能组件数（组）', 'solar_modules_number', 907001521, 'SOLAR_MODULES_NUMBER', 'integer', null, 'admin', 'admin', null),
(907002184, '下挂太阳能组件品牌', 'solar_modules_brand', 907001521, 'SOLAR_MODULES_BRAND', 'string', null, 'admin', 'admin', null),
(907002185, '下挂太阳能组件额定容量（W）', 'solar_modules_rated_capacity', 907001521, 'SOLAR_MODULES_RATED_CAPACITY', 'string', null, 'admin', 'admin', null),
(907002186, '开始使用时间', 'start_time', 907001521, 'START_TIME', 'date', null, 'admin', 'admin', null),
(907002187, '预计报废时间', 'estimated_retirement_time', 907001521, 'ESTIMATED_RETIREMENT_TIME', 'date', null, 'admin', 'admin', null),
(907002188, '使用状态', 'lifecycle_status', 907001521, 'LIFECYCLE_STATUS', 'string', 907000032, 'admin', 'admin', null),
(907002189, '维护责任人', 'maintainor', 907001521, 'MAINTAINOR', 'string', null, 'admin', 'admin', null),
(907002190, '数据质量责任人（移动）', 'qualitor', 907001521, 'QUALITOR', 'string', null, 'admin', 'admin', null),
--CE_DEVICE_PE_POWER_MONITOR
(907002191, '资源标识', 'int_id', 907001522, 'INT_ID', 'string', null, 'admin', 'admin', null),
(907002192, '所属省份', 'province_id', 907001522, 'PROVINCE_ID', 'string', null, 'admin', 'admin', null),
(907002193, '所属地市', 'city_id', 907001522, 'CITY_ID', 'string', null, 'admin', 'admin', null),
(907002194, '所属区县', 'county_id', 907001522, 'COUNTY_ID', 'string', null, 'admin', 'admin', null),
(907002195, '所属站点', 'related_site', 907001522, 'RELATED_SITE', 'string', null, 'admin', 'admin', null),
(907002196, '所属机房', 'related_room', 907001522, 'RELATED_ROOM', 'string', null, 'admin', 'admin', null),
(907002197, '设备类型', 'device_type', 907001522, 'DEVICE_TYPE', 'string', 907000036, 'admin', 'admin', null),
(907002198, '设备子类', 'device_subclass', 907001522, 'device_subclass', 'string', 907000047, 'admin', 'admin', null),
(907002199, '设备名称', 'zh_label', 907001522, 'ZH_LABEL', 'string', null, 'admin', 'admin', null),
(907002200, '设备编码', 'device_code', 907001522, 'DEVICE_CODE', 'string', null, 'admin', 'admin', null),
(907002201, '设备型号', 'product_name', 907001522, 'PRODUCT_NAME', 'string', 907000026, 'admin', 'admin', null),
(907002202, '设备厂家', 'vendor_id', 907001522, 'VENDOR_ID', 'string', 907000006, 'admin', 'admin', null),
(907002203, '开始使用时间', 'start_time', 907001522, 'START_TIME', 'date', null, 'admin', 'admin', null),
(907002204, '预计报废时间', 'estimated_retirement_time', 907001522, 'ESTIMATED_RETIREMENT_TIME', 'date', null, 'admin', 'admin', null),
(907002205, '使用状态', 'lifecycle_status', 907001522, 'LIFECYCLE_STATUS', 'string', 907000032, 'admin', 'admin', null),
(907002206, '维护责任人', 'maintainor', 907001522, 'MAINTAINOR', 'string', null, 'admin', 'admin', null),
(907002207, '数据质量责任人（移动）', 'qualitor', 907001522, 'QUALITOR', 'string', null, 'admin', 'admin', null),
--CE_DEVICE_PE_SMART_METER
(907002208, '资源标识', 'int_id', 907001523, 'INT_ID', 'string', null, 'admin', 'admin', null),
(907002209, '所属省份', 'province_id', 907001523, 'PROVINCE_ID', 'string', null, 'admin', 'admin', null),
(907002210, '所属地市', 'city_id', 907001523, 'CITY_ID', 'string', null, 'admin', 'admin', null),
(907002211, '所属区县', 'county_id', 907001523, 'COUNTY_ID', 'string', null, 'admin', 'admin', null),
(907002212, '所属站点', 'related_site', 907001523, 'RELATED_SITE', 'string', null, 'admin', 'admin', null),
(907002213, '所属机房', 'related_room', 907001523, 'RELATED_ROOM', 'string', null, 'admin', 'admin', null),
(907002214, '设备类型', 'device_type', 907001523, 'DEVICE_TYPE', 'string', 907000036, 'admin', 'admin', null),
(907002215, '设备子类', 'device_subclass', 907001523, 'device_subclass', 'string', 907000047, 'admin', 'admin', null),
(907002216, '设备名称', 'zh_label', 907001523, 'ZH_LABEL', 'string', null, 'admin', 'admin', null),
(907002217, '设备编码', 'device_code', 907001523, 'DEVICE_CODE', 'string', null, 'admin', 'admin', null),
(907002218, '设备型号', 'product_name', 907001523, 'PRODUCT_NAME', 'string', 907000026, 'admin', 'admin', null),
(907002219, '设备厂家', 'vendor_id', 907001523, 'VENDOR_ID', 'string', 907000006, 'admin', 'admin', null),
(907002220, '电表回路数（路）', 'meter_circuit_number', 907001523, 'METER_CIRCUIT_NUMBER', 'integer', null, 'admin', 'admin', null),
(907002221, '开始使用时间', 'start_time', 907001523, 'START_TIME', 'date', null, 'admin', 'admin', null),
(907002222, '预计报废时间', 'estimated_retirement_time', 907001523, 'ESTIMATED_RETIREMENT_TIME', 'date', null, 'admin', 'admin', null),
(907002223, '使用状态', 'lifecycle_status', 907001523, 'LIFECYCLE_STATUS', 'string', 907000032, 'admin', 'admin', null),
(907002224, '维护责任人', 'maintainor', 907001523, 'MAINTAINOR', 'string', null, 'admin', 'admin', null),
(907002225, '数据质量责任人（移动）', 'qualitor', 907001523, 'QUALITOR', 'string', null, 'admin', 'admin', null),
--CE_LINK_PE_IN
(907002226, '资源标识', 'int_id', 907001524, 'INT_ID', 'string', null, 'admin', 'admin', null),
(907002227, '所属省份', 'province_id', 907001524, 'PROVINCE_ID', 'string', null, 'admin', 'admin', null),
(907002228, '所属地市', 'city_id', 907001524, 'CITY_ID', 'string', null, 'admin', 'admin', null),
(907002229, '所属区县', 'county_id', 907001524, 'COUNTY_ID', 'string', null, 'admin', 'admin', null),
(907002230, '所属站点', 'related_site', 907001524, 'RELATED_SITE', 'string', null, 'admin', 'admin', null),
(907002231, '所属机房', 'related_room', 907001524, 'RELATED_ROOM', 'string', null, 'admin', 'admin', null),
(907002232, '资源分路类型', 'res_type', 907001524, 'RES_TYPE', 'string', 907000023, 'admin', 'admin', null),
(907002233, '所属设备类型', 'related_device_type', 907001524, 'RELATED_DEVICE_TYPE', 'string', 907000022, 'admin', 'admin', null),
(907002234, '所属设备', 'related_device', 907001524, 'RELATED_DEVICE', 'string', null, 'admin', 'admin', null),
(907002235, '分路类型', 'branch_type', 907001524, 'BRANCH_TYPE', 'string', 907000054, 'admin', 'admin', null),
(907002236, '分路类型缩写', 'branch_type_abbreviation', 907001524, 'BRANCH_TYPE_ABBREVIATION', 'string', 907000048, 'admin', 'admin', null),
(907002237, '分路顺序号', 'branch_number', 907001524, 'BRANCH_NUMBER', 'string', null, 'admin', 'admin', null),
(907002238, '分路主备', 'branch_active_standby', 907001524, 'BRANCH_ACTIVE_STANDBY', 'string', 907000051, 'admin', 'admin', null),
(907002239, '分路器件额定容量（A）', 'branch_rated_capacity', 907001524, 'BRANCH_RATED_CAPACITY', 'string', null, 'admin', 'admin', null),
(907002240, '使用状态', 'lifecycle_status', 907001524, 'LIFECYCLE_STATUS', 'string', 907000032, 'admin', 'admin', null),
(907002241, '分路名称', 'branch_name', 907001524, 'BRANCH_NAME', 'string', null, 'admin', 'admin', null),
(907002242, '下游设备所在机房', 'down_device_ralated_room', 907001524, 'DOWN_DEVICE_RALATED_ROOM', 'string', null, 'admin', 'admin', null),
(907002243, '下游设备', 'down_device_name', 907001524, 'DOWN_DEVICE_NAME', 'string', null, 'admin', 'admin', null),
(907002244, '下游分路名称', 'down_branch_name', 907001524, 'DOWN_BRANCH_NAME', 'string', null, 'admin', 'admin', null),
(907002245, '下游设备类型', 'down_device_type', 907001524, 'DOWN_DEVICE_TYPE', 'string', 907000022, 'admin', 'admin', null),
(907002246, '下游分路类型', 'down_branch_type', 907001524, 'DOWN_BRANCH_TYPE', 'string', 907000050, 'admin', 'admin', null),
(907002247, '下游分路类型缩写', 'down_branch_type_abbreviation', 907001524, 'DOWN_BRANCH_TYPE_ABBREVIATION', 'string', 907000005, 'admin', 'admin', null),
(907002248, '下游分路顺序号', 'down_branch_number', 907001524, 'down_branch_number', 'string', null, 'admin', 'admin', null),
(907002249, '下游分路器件额定容量（A）', 'down_branch_rated_capacity', 907001524, 'DOWN_BRANCH_RATED_CAPACITY', 'string', null, 'admin', 'admin', null),
(907002250, '下游分路主备', 'down_branch_active_standby', 907001524, 'DOWN_BRANCH_ACTIVE_STANDBY', 'string', 907000053, 'admin', 'admin', null),
(907002251, '下游使用状态', 'down_use_status', 907001524, 'DOWN_USE_STATUS', 'string', 907000003, 'admin', 'admin', null),
(907002252, '数据质量责任人（移动）', 'qualitor', 907001524, 'QUALITOR', 'string', null, 'admin', 'admin', null),
--CE_LINK_PE_OUT
(907002253, '资源标识', 'int_id', 907001525, 'INT_ID', 'string', null, 'admin', 'admin', null),
(907002254, '所属省份', 'province_id', 907001525, 'PROVINCE_ID', 'string', null, 'admin', 'admin', null),
(907002255, '所属地市', 'city_id', 907001525, 'CITY_ID', 'string', null, 'admin', 'admin', null),
(907002256, '所属区县', 'county_id', 907001525, 'COUNTY_ID', 'string', null, 'admin', 'admin', null),
(907002257, '所属站点', 'related_site', 907001525, 'RELATED_SITE', 'string', null, 'admin', 'admin', null),
(907002258, '所属机房', 'related_room', 907001525, 'RELATED_ROOM', 'string', null, 'admin', 'admin', null),
(907002259, '资源分路类型', 'res_type', 907001525, 'RES_TYPE', 'string', 907000023, 'admin', 'admin', null),
(907002260, '所属设备类型', 'related_device_type', 907001525, 'RELATED_DEVICE_TYPE', 'string', 907000022, 'admin', 'admin', null),
(907002261, '所属设备', 'related_device', 907001525, 'RELATED_DEVICE', 'string', null, 'admin', 'admin', null),
(907002262, '分路类型', 'branch_type', 907001525, 'BRANCH_TYPE', 'string', 907000054, 'admin', 'admin', null),
(907002263, '分路类型缩写', 'branch_type_abbreviation', 907001525, 'BRANCH_TYPE_ABBREVIATION', 'string', 907000048, 'admin', 'admin', null),
(907002264, '分路顺序号', 'branch_number', 907001525, 'BRANCH_NUMBER', 'string', null, 'admin', 'admin', null),
(907002265, '分路主备', 'branch_active_standby', 907001525, 'BRANCH_ACTIVE_STANDBY', 'string', 907000051, 'admin', 'admin', null),
(907002266, '使用状态', 'lifecycle_status', 907001525, 'LIFECYCLE_STATUS', 'string', 907000032, 'admin', 'admin', null),
(907002267, '分路名称', 'branch_name', 907001525, 'BRANCH_NAME', 'string', null, 'admin', 'admin', null),
(907002268, '下游设备所在机房', 'down_device_ralated_room', 907001525, 'DOWN_DEVICE_RALATED_ROOM', 'string', null, 'admin', 'admin', null),
(907002269, '下游设备类型', 'down_device_type', 907001525, 'DOWN_DEVICE_TYPE', 'string', 907000022, 'admin', 'admin', null),
(907002270, '分路器件额定容量（A）', 'branch_rated_capacity', 907001525, 'BRANCH_RATED_CAPACITY', 'string', null, 'admin', 'admin', null),
(907002271, '下游负载名称', 'down_device_name', 907001525, 'DOWN_DEVICE_NAME', 'string', null, 'admin', 'admin', null),
(907002272, '专业类型', 'major_type', 907001525, 'MAJOR_TYPE', 'string', 907000013, 'admin', 'admin', null),
(907002273, '下游设备所在机架位置', 'down_device_related_rack', 907001525, 'DOWN_DEVICE_RELATED_RACK', 'string', null, 'admin', 'admin', null),
(907002274, '机架内开关顺序号', 'rack_switch_name', 907001525, 'RACK_SWITCH_NAME', 'string', null, 'admin', 'admin', null),
(907002275, '下游负载名称加载功率', 'down_device_power', 907001525, 'DOWN_DEVICE_POWER', 'string', null, 'admin', 'admin', null),
(907002276, '数据质量责任人（移动）', 'qualitor', 907001525, 'QUALITOR', 'string', null, 'admin', 'admin', null),
--CE_DEVICE_PE_OTHER	
(907002277, '资源标识', 'int_id', 907001526, 'INT_ID', 'string', null, 'admin', 'admin', null),
(907002278, '所属省份', 'province_id', 907001526, 'PROVINCE_ID', 'string', null, 'admin', 'admin', null),
(907002279, '所属地市', 'city_id', 907001526, 'CITY_ID', 'string', null, 'admin', 'admin', null),
(907002280, '所属区县', 'county_id', 907001526, 'COUNTY_ID', 'string', null, 'admin', 'admin', null),
(907002281, '所属站点', 'related_site', 907001526, 'RELATED_SITE', 'string', null, 'admin', 'admin', null),
(907002282, '所属机房', 'related_room', 907001526, 'RELATED_ROOM', 'string', null, 'admin', 'admin', null),
(907002283, '设备类型', 'device_type', 907001526, 'DEVICE_TYPE', 'string', 907000036, 'admin', 'admin', null),
(907002284, '设备子类', 'device_subclass', 907001526, 'DEVICE_SUBCLASS', 'string', 907000047, 'admin', 'admin', null),
(907002285, '设备名称', 'zh_label', 907001526, 'ZH_LABEL', 'string', null, 'admin', 'admin', null),
(907002286, '设备编码', 'device_code', 907001526, 'DEVICE_CODE', 'string', null, 'admin', 'admin', null),
(907002287, '设备型号', 'product_name', 907001526, 'PRODUCT_NAME', 'string', 907000026, 'admin', 'admin', null),
(907002288, '设备厂家', 'vendor_id', 907001526, 'VENDOR_ID', 'string', 907000006, 'admin', 'admin', null),
(907002289, '开始使用时间', 'start_time', 907001526, 'START_TIME', 'date', null, 'admin', 'admin', null),
(907002290, '预计报废时间', 'estimated_retirement_time', 907001526, 'ESTIMATED_RETIREMENT_TIME', 'date', null, 'admin', 'admin', null),
(907002291, '使用状态', 'lifecycle_status', 907001526, 'LIFECYCLE_STATUS', 'string', 907000032, 'admin', 'admin', null),
(907002292, '维护责任人', 'maintainor', 907001526, 'MAINTAINOR', 'string', null, 'admin', 'admin', null),
(907002293, '数据质量责任人（移动）', 'qualitor', 907001526, 'QUALITOR', 'string', null, 'admin', 'admin', null),	
(907002294, '额定容量', 'rated_capacity', 907001526, 'RATED_CAPACITY', 'string', null, 'admin', 'admin', null);

---无线整体指标待定
insert into dims_idx_index (ID, NAME, CODE, ORDERBY, ENTITYTYPE_ID, SPECIALITYNAME, TYPE, AMOUNTSQL, ERRORSQL, ISENABLE, CREATOR, UPDATER, PROCNAME, THREADNO, PRIORITY, MEMO) values
(901099001, '无线数据完整性指标', 'wireless-1-99001', 99001, null, '无线', 3, null, null, 1, 'admin', 'admin', 'PROC_CHECKONEINDEXSET', 0, 2, 'PROC_CHECKONEINDEXSET'),
(901099002, '无线数据规范性指标', 'wireless-2-99002', 99002, null, '无线', 3, null, null, 1, 'admin', 'admin', 'PROC_CHECKONEINDEXSET', 0, 2, 'PROC_CHECKONEINDEXSET'),
(901099003, '无线数据关联性指标', 'wireless-3-99003', 99003, null, '无线', 3, null, null, 1, 'admin', 'admin', 'PROC_CHECKONEINDEXSET', 0, 2, 'PROC_CHECKONEINDEXSET'),
--(901099004, '无线数据合规性指标', 'wireless-4-99004', 99004, null, '无线', 3, null, null, 1, 'admin', 'admin', 'PROC_CHECKONEINDEXSET', 0, 2, 'PROC_CHECKONEINDEXSET'),
(901099999, '无线数据整体指标', 'wireless-5-99999', 99999, null, '无线', 3, null, null, 1, 'admin', 'admin', 'PROC_CHECKONEINDEXSET', 0, 2, 'PROC_CHECKONEINDEXSET');

---无线资源完整性核查
insert into dims_idx_index (ID, NAME, CODE, ORDERBY, ENTITYTYPE_ID, SPECIALITYNAME, TYPE, AMOUNTSQL, ERRORSQL, ISENABLE, CREATOR, UPDATER, PROCNAME, THREADNO, PRIORITY, MEMO) values
(901003000,'BSC必填字段维护完整率核查','wireless-1-1',101,901000002, '无线',5, null, null,1, 'admin', 'admin', 'PROC_DH_CHECKONEINTEGRALITYINDEX',901000002,1, null),
(901003001,'BTS必填字段维护完整率核查','wireless-1-2',102,901000003, '无线',5, null, null,1, 'admin', 'admin', 'PROC_DH_CHECKONEINTEGRALITYINDEX',901000003,1, null),
(901003002,'E-NODEB必填字段维护完整率核查','wireless-1-3',103,901000004, '无线',5, null, null,1, 'admin', 'admin', 'PROC_DH_CHECKONEINTEGRALITYINDEX',901000004,1, null),
(901003003,'G-NODEB必填字段维护完整率核查','wireless-1-4',104,901000005, '无线',5, null, null,1, 'admin', 'admin', 'PROC_DH_CHECKONEINTEGRALITYINDEX',901000005,1, null),
(901003004,'RTK基准站必填字段维护完整率核查','wireless-1-5',105,901000006, '无线',5, null, null,1, 'admin', 'admin', 'PROC_DH_CHECKONEINTEGRALITYINDEX',901000006,1, null),
(901003005,'CELL必填字段维护完整率核查','wireless-1-6',106,901000007, '无线',5, null, null,1, 'admin', 'admin', 'PROC_DH_CHECKONEINTEGRALITYINDEX',901000007,1, null),
(901003006,'E-UTRANCELL必填字段维护完整率核查','wireless-1-7',107,901000008, '无线',5, null, null,1, 'admin', 'admin', 'PROC_DH_CHECKONEINTEGRALITYINDEX',901000008,1, null),
(901003007,'NR-CELL必填字段维护完整率核查','wireless-1-8',108,901000009, '无线',5, null, null,1, 'admin', 'admin', 'PROC_DH_CHECKONEINTEGRALITYINDEX',901000009,1, null),
(901003008,'BBU必填字段维护完整率核查','wireless-1-9',109,901000011, '无线',5, null, null,1, 'admin', 'admin', 'PROC_DH_CHECKONEINTEGRALITYINDEX',901000011,1, null),
(901003009,'RRU必填字段维护完整率核查','wireless-1-10',110,901000012, '无线',5, null, null,1, 'admin', 'admin', 'PROC_DH_CHECKONEINTEGRALITYINDEX',901000012,1, null),
(901003010,'CU必填字段维护完整率核查','wireless-1-11',111,901000014, '无线',5, null, null,1, 'admin', 'admin', 'PROC_DH_CHECKONEINTEGRALITYINDEX',901000014,1, null),
(901003011,'DU必填字段维护完整率核查','wireless-1-12',112,901000013, '无线',5, null, null,1, 'admin', 'admin', 'PROC_DH_CHECKONEINTEGRALITYINDEX',901000013,1, null),
(901003012,'AAU必填字段维护完整率核查','wireless-1-13',113,901000015, '无线',5, null, null,1, 'admin', 'admin', 'PROC_DH_CHECKONEINTEGRALITYINDEX',901000015,1, null),
(901003013,'板卡必填字段维护完整率核查','wireless-1-14',114,901000016, '无线',5, null, null,1, 'admin', 'admin', 'PROC_DH_CHECKONEINTEGRALITYINDEX',901000016,1, null),
(901003014,'端口必填字段维护完整率核查','wireless-1-15',115,901000017, '无线',5, null, null,1, 'admin', 'admin', 'PROC_DH_CHECKONEINTEGRALITYINDEX',901000017,1, null),
(901003015,'分布系统必填字段维护完整率核查','wireless-1-16',116,901000022, '无线',5, null, null,1, 'admin', 'admin', 'PROC_DH_CHECKONEINTEGRALITYINDEX',901000022,1, null),
(901003016,'直放站必填字段维护完整率核查','wireless-1-17',117,901000021, '无线',5, null, null,1, 'admin', 'admin', 'PROC_DH_CHECKONEINTEGRALITYINDEX',901000021,1, null),
(901003017,'天线必填字段维护完整率核查','wireless-1-18',118,901000018, '无线',5, null, null,1, 'admin', 'admin', 'PROC_DH_CHECKONEINTEGRALITYINDEX',901000018,1, null),
(901003018,'扼流圈天线必填字段维护完整率核查','wireless-1-19',119,901000010, '无线',5, null, null,1, 'admin', 'admin', 'PROC_DH_CHECKONEINTEGRALITYINDEX',901000010,1, null),
(901003019,'天线工参必填字段维护完整率核查','wireless-1-20',120,901000019, '无线',5, null, null,1, 'admin', 'admin', 'PROC_DH_CHECKONEINTEGRALITYINDEX',901000019,1, null),
(901003020,'铁塔必填字段维护完整率核查','wireless-1-21',121,901000020, '无线',5, null, null,1, 'admin', 'admin', 'PROC_DH_CHECKONEINTEGRALITYINDEX',901000020,1, null),
(901003021,'扩展型皮站AU必填字段维护完整率核查','wireless-1-22',122,901000024, '无线',5, null, null,1, 'admin', 'admin', 'PROC_DH_CHECKONEINTEGRALITYINDEX',901000024,1, null),
(901003022,'扩展型皮站交换机必填字段维护完整率核查','wireless-1-23',123,901000025, '无线',5, null, null,1, 'admin', 'admin', 'PROC_DH_CHECKONEINTEGRALITYINDEX',901000025,1, null),
(901003023,'一体化皮站AP必填字段维护完整率核查','wireless-1-24',124,901000023, '无线',5, null, null,1, 'admin', 'admin', 'PROC_DH_CHECKONEINTEGRALITYINDEX',901000023,1, null),
(901003024, 'OMC必填字段维护完整率核查', 'wireless-1-25',125,901000001, '无线',5, null, null,1, 'admin', 'admin', 'PROC_DH_CHECKONEINTEGRALITYINDEX',901000001,1, null);

--资源规范性核查
insert into dims_idx_index (ID, NAME, CODE, ORDERBY, ENTITYTYPE_ID, SPECIALITYNAME, TYPE, AMOUNTSQL, ERRORSQL, ISENABLE, CREATOR, UPDATER, PROCNAME, THREADNO, PRIORITY, MEMO) values
(901003025, 'BSC资源名称关键字查重', 'wireless-2-1',201,901000002, '无线',11, null,'update BSC t1
                   set dims_col_result=(case when dims_col_result like ''%wireless-2-1%'' then dims_col_result
                                             when dims_col_result is null then ''wireless-2-1''
                                             else dims_col_result||'',wireless-2-1'' end),
                       dims_col_rtName=(case when dims_col_rtName like ''%BSC资源名称关键字查重%'' then dims_col_rtName
                                             when dims_col_rtName is null then ''不满足规范:BSC资源名称关键字查重''
                                             else dims_col_rtName||'',BSC资源名称关键字查重'' end)
                 where exists(select 1
                                from BSC t2
                               where t2.ctid <> t1.ctid
                                 and t2.userlabel=t1.userlabel)',1, 'admin', 'admin', 'PROC_CHECKONEDYNAMICSQLINDEX',901000002,1, null);
insert into dims_idx_index (ID, NAME, CODE, ORDERBY, ENTITYTYPE_ID, SPECIALITYNAME, TYPE, AMOUNTSQL, ERRORSQL, ISENABLE, CREATOR, UPDATER, PROCNAME, THREADNO, PRIORITY, MEMO) values
(901003026,'BTS资源名称关键字查重','wireless-2-2',202,901000003, '无线',11, null,'update BTS t1
                   set dims_col_result=(case when dims_col_result like ''%wireless-2-2%'' then dims_col_result
                                             when dims_col_result is null then ''wireless-2-2''
                                             else dims_col_result||'',wireless-2-2'' end),
                       dims_col_rtName=(case when dims_col_rtName like ''%BTS资源名称关键字查重%'' then dims_col_rtName
                                             when dims_col_rtName is null then ''不满足规范:BTS资源名称关键字查重''
                                             else dims_col_rtName||'',BTS资源名称关键字查重'' end)
                 where exists(select 1
                                from BTS t2
                               where t2.ctid <> t1.ctid
                                 and t2.userlabel=t1.userlabel)',1, 'admin', 'admin', 'PROC_CHECKONEDYNAMICSQLINDEX',901000003,1, null),
(901003027,'E-NODEB资源名称关键字查重','wireless-2-3',203,901000004, '无线',11, null,'update ENODEB t1
                   set dims_col_result=(case when dims_col_result like ''%wireless-2-3%'' then dims_col_result
                                             when dims_col_result is null then ''wireless-2-3''
                                             else dims_col_result||'',wireless-2-3'' end),
                       dims_col_rtName=(case when dims_col_rtName like ''%E-NODEB资源名称关键字查重%'' then dims_col_rtName
                                             when dims_col_rtName is null then ''不满足规范:E-NODEB资源名称关键字查重''
                                             else dims_col_rtName||'',E-NODEB资源名称关键字查重'' end)
                 where exists(select 1
                                from ENODEB t2
                               where t2.ctid <> t1.ctid
                                 and t2.userlabel=t1.userlabel)',1, 'admin', 'admin', 'PROC_CHECKONEDYNAMICSQLINDEX',901000004,1, null),
(901003028,'G-NODEB资源名称关键字查重','wireless-2-4',204,901000005, '无线',11, null,'update GNODEB t1
                   set dims_col_result=(case when dims_col_result like ''%wireless-2-4%'' then dims_col_result
                                             when dims_col_result is null then ''wireless-2-4''
                                             else dims_col_result||'',wireless-2-4'' end),
                       dims_col_rtName=(case when dims_col_rtName like ''%G-NODEB资源名称关键字查重%'' then dims_col_rtName
                                             when dims_col_rtName is null then ''不满足规范:G-NODEB资源名称关键字查重''
                                             else dims_col_rtName||'',G-NODEB资源名称关键字查重'' end)
                 where exists(select 1
                                from GNODEB t2
                               where t2.ctid <> t1.ctid
                                 and t2.userlabel=t1.userlabel)',1, 'admin', 'admin', 'PROC_CHECKONEDYNAMICSQLINDEX',901000005,1, null),
(901003029,'RTK基准站资源名称关键字查重','wireless-2-5',205,901000006, '无线',11, null,'update RTK t1
                   set dims_col_result=(case when dims_col_result like ''%wireless-2-5%'' then dims_col_result
                                             when dims_col_result is null then ''wireless-2-5''
                                             else dims_col_result||'',wireless-2-5'' end),
                       dims_col_rtName=(case when dims_col_rtName like ''%RTK基准站资源名称关键字查重%'' then dims_col_rtName
                                             when dims_col_rtName is null then ''不满足规范:RTK基准站资源名称关键字查重''
                                             else dims_col_rtName||'',RTK基准站资源名称关键字查重'' end)
                 where exists(select 1
                                from RTK t2
                               where t2.ctid <> t1.ctid
                                 and t2.userlabel=t1.userlabel)',1, 'admin', 'admin', 'PROC_CHECKONEDYNAMICSQLINDEX',901000006,1, null),
(901003030,'CELL资源名称关键字查重','wireless-2-6',206,901000007, '无线',11, null,'update CELL t1
                   set dims_col_result=(case when dims_col_result like ''%wireless-2-6%'' then dims_col_result
                                             when dims_col_result is null then ''wireless-2-6''
                                             else dims_col_result||'',wireless-2-6'' end),
                       dims_col_rtName=(case when dims_col_rtName like ''%CELL资源名称关键字查重%'' then dims_col_rtName
                                             when dims_col_rtName is null then ''不满足规范:CELL资源名称关键字查重''
                                             else dims_col_rtName||'',CELL资源名称关键字查重'' end)
                 where exists(select 1
                                from CELL t2
                               where t2.ctid <> t1.ctid
                                 and t2.userlabel=t1.userlabel)',1, 'admin', 'admin', 'PROC_CHECKONEDYNAMICSQLINDEX',901000007,1, null),
(901003031,'E-UTRANCELL资源名称关键字查重','wireless-2-7',207,901000008, '无线',11, null,'update EUTRANCELL t1
                   set dims_col_result=(case when dims_col_result like ''%wireless-2-7%'' then dims_col_result
                                             when dims_col_result is null then ''wireless-2-7''
                                             else dims_col_result||'',wireless-2-7'' end),
                       dims_col_rtName=(case when dims_col_rtName like ''%E-UTRANCELL资源名称关键字查重%'' then dims_col_rtName
                                             when dims_col_rtName is null then ''不满足规范:E-UTRANCELL资源名称关键字查重''
                                             else dims_col_rtName||'',E-UTRANCELL资源名称关键字查重'' end)
                 where exists(select 1
                                from EUTRANCELL t2
                               where t2.ctid <> t1.ctid
                                 and t2.userlabel=t1.userlabel)',1, 'admin', 'admin', 'PROC_CHECKONEDYNAMICSQLINDEX',901000008,1, null),
(901003032,'NR-CELL资源名称关键字查重','wireless-2-8',208,901000009, '无线',11, null,'update NRCELL t1
                   set dims_col_result=(case when dims_col_result like ''%wireless-2-8%'' then dims_col_result
                                             when dims_col_result is null then ''wireless-2-8''
                                             else dims_col_result||'',wireless-2-8'' end),
                       dims_col_rtName=(case when dims_col_rtName like ''%NR-CELL资源名称关键字查重%'' then dims_col_rtName
                                             when dims_col_rtName is null then ''不满足规范:NR-CELL资源名称关键字查重''
                                             else dims_col_rtName||'',NR-CELL资源名称关键字查重'' end)
                 where exists(select 1
                                from NRCELL t2
                               where t2.ctid <> t1.ctid
                                 and t2.userlabel=t1.userlabel)',1, 'admin', 'admin', 'PROC_CHECKONEDYNAMICSQLINDEX',901000009,1, null),
(901003033,'BBU资源名称关键字查重','wireless-2-9',209,901000011, '无线',11, null,'update BBU t1
                   set dims_col_result=(case when dims_col_result like ''%wireless-2-9%'' then dims_col_result
                                             when dims_col_result is null then ''wireless-2-9''
                                             else dims_col_result||'',wireless-2-9'' end),
                       dims_col_rtName=(case when dims_col_rtName like ''%BBU资源名称关键字查重%'' then dims_col_rtName
                                             when dims_col_rtName is null then ''不满足规范:BBU资源名称关键字查重''
                                             else dims_col_rtName||'',BBU资源名称关键字查重'' end)
                 where exists(select 1
                                from BBU t2
                               where t2.ctid <> t1.ctid
                                 and t2.zh_label=t1.zh_label)',1, 'admin', 'admin', 'PROC_CHECKONEDYNAMICSQLINDEX',901000011,1, null),
(901003034,'RRU资源名称关键字查重','wireless-2-10',210,901000012, '无线',11, null,'update RRU t1
                   set dims_col_result=(case when dims_col_result like ''%wireless-2-10%'' then dims_col_result
                                             when dims_col_result is null then ''wireless-2-10''
                                             else dims_col_result||'',wireless-2-10'' end),
                       dims_col_rtName=(case when dims_col_rtName like ''%RRU资源名称在系统里不唯一%'' then dims_col_rtName
                                             when dims_col_rtName is null then ''不满足规范:RRU资源名称在系统里不唯一''
                                             else dims_col_rtName||'',RRU资源名称在系统里不唯一'' end)
                 where exists(select 1
                                from RRU t2
                               where t2.ctid <> t1.ctid
                                 and t2.zh_label=t1.zh_label)',1, 'admin', 'admin', 'PROC_CHECKONEDYNAMICSQLINDEX',901000012,1, null),
(901003035,'CU资源名称关键字查重','wireless-2-11',211,901000013, '无线',11, null,'update CU t1
                   set dims_col_result=(case when dims_col_result like ''%wireless-2-11%'' then dims_col_result
                                             when dims_col_result is null then ''wireless-2-11''
                                             else dims_col_result||'',wireless-2-11'' end),
                       dims_col_rtName=(case when dims_col_rtName like ''%CU资源名称关键字查重%'' then dims_col_rtName
                                             when dims_col_rtName is null then ''不满足规范:CU资源名称关键字查重''
                                             else dims_col_rtName||'',CU资源名称关键字查重'' end)
                 where exists(select 1
                                from CU t2
                               where t2.ctid <> t1.ctid
                                 and t2.zh_label=t1.zh_label)',1, 'admin', 'admin', 'PROC_CHECKONEDYNAMICSQLINDEX',901000013,1, null),
(901003036,'DU资源名称关键字查重','wireless-2-12',212,901000014, '无线',11, null,'update DU t1
                   set dims_col_result=(case when dims_col_result like ''%wireless-2-12%'' then dims_col_result
                                             when dims_col_result is null then ''wireless-2-12''
                                             else dims_col_result||'',wireless-2-12'' end),
                       dims_col_rtName=(case when dims_col_rtName like ''%DU资源名称关键字查重%'' then dims_col_rtName
                                             when dims_col_rtName is null then ''不满足规范:DU资源名称关键字查重''
                                             else dims_col_rtName||'',DU资源名称关键字查重'' end)
                 where exists(select 1
                                from DU t2
                               where t2.ctid <> t1.ctid
                                 and t2.zh_label=t1.zh_label)',1, 'admin', 'admin', 'PROC_CHECKONEDYNAMICSQLINDEX',901000014,1, null),
(901003037,'AAU资源名称关键字查重','wireless-2-13',213,901000015, '无线',11, null,'update AAU t1
                   set dims_col_result=(case when dims_col_result like ''%wireless-2-13%'' then dims_col_result
                                             when dims_col_result is null then ''wireless-2-13''
                                             else dims_col_result||'',wireless-2-13'' end),
                       dims_col_rtName=(case when dims_col_rtName like ''%AAU资源名称关键字查重%'' then dims_col_rtName
                                             when dims_col_rtName is null then ''不满足规范:AAU资源名称关键字查重''
                                             else dims_col_rtName||'',AAU资源名称关键字查重'' end)
                 where exists(select 1
                                from AAU t2
                               where t2.ctid <> t1.ctid
                                 and t2.zh_label=t1.zh_label)',1, 'admin', 'admin', 'PROC_CHECKONEDYNAMICSQLINDEX',901000015,1, null),
(901003038,'板卡资源名称关键字查重','wireless-2-14',214,901000016, '无线',11, null,'update BOARD t1
                   set dims_col_result=(case when dims_col_result like ''%wireless-2-14%'' then dims_col_result
                                             when dims_col_result is null then ''wireless-2-14''
                                             else dims_col_result||'',wireless-2-14'' end),
                       dims_col_rtName=(case when dims_col_rtName like ''%板卡资源名称关键字查重%'' then dims_col_rtName
                                             when dims_col_rtName is null then ''不满足规范:板卡资源名称关键字查重''
                                             else dims_col_rtName||'',板卡资源名称关键字查重'' end)
                 where exists(select 1
                                from BOARD t2
                               where t2.ctid <> t1.ctid
                                 and t2.userlabel=t1.userlabel)',2, 'admin', 'admin', 'PROC_CHECKONEDYNAMICSQLINDEX',901000016,1, null),
(901003039, '端口资源名称关键字查重','wireless-2-15',215,901000017, '无线',11, null,'update PORT t1
                   set dims_col_result=(case when dims_col_result like ''%wireless-2-15%'' then dims_col_result
                                             when dims_col_result is null then ''wireless-2-15''
                                             else dims_col_result||'',wireless-2-15'' end),
                       dims_col_rtName=(case when dims_col_rtName like ''%端口资源名称关键字查重%'' then dims_col_rtName
                                             when dims_col_rtName is null then ''不满足规范:端口资源名称关键字查重''
                                             else dims_col_rtName||'',端口资源名称关键字查重'' end)
                 where exists(select 1
                                from PORT t2
                               where t2.ctid <> t1.ctid
                                 and t2.port_no=t1.port_no)',1, 'admin', 'admin', 'PROC_CHECKONEDYNAMICSQLINDEX',901000017,1, null),
(901003040,'分布系统资源名称关键字查重','wireless-2-16',216,901000022, '无线',11, null,'update SPEARD t1
                   set dims_col_result=(case when dims_col_result like ''%wireless-2-16%'' then dims_col_result
                                             when dims_col_result is null then ''wireless-2-16''
                                             else dims_col_result||'',wireless-2-16'' end),
                       dims_col_rtName=(case when dims_col_rtName like ''%分布系统资源名称关键字查重%'' then dims_col_rtName
                                             when dims_col_rtName is null then ''不满足规范:分布系统资源名称关键字查重''
                                             else dims_col_rtName||'',分布系统资源名称关键字查重'' end)
                 where exists(select 1
                                from SPEARD t2
                               where t2.ctid <> t1.ctid
                                 and t2.zh_label=t1.zh_label)',1, 'admin', 'admin', 'PROC_CHECKONEDYNAMICSQLINDEX',901000022,1, null),
(901003041,'直放站资源名称关键字查重','wireless-2-17',217,901000021, '无线',11, null,'update RPT t1
                   set dims_col_result=(case when dims_col_result like ''%wireless-2-17%'' then dims_col_result
                                             when dims_col_result is null then ''wireless-2-17''
                                             else dims_col_result||'',wireless-2-17'' end),
                       dims_col_rtName=(case when dims_col_rtName like ''%直放站资源名称关键字查重%'' then dims_col_rtName
                                             when dims_col_rtName is null then ''不满足规范:直放站资源名称关键字查重''
                                             else dims_col_rtName||'',直放站资源名称关键字查重'' end)
                 where exists(select 1
                                from RPT t2
                               where t2.ctid <> t1.ctid
                                 and t2.zh_label=t1.zh_label)',1, 'admin', 'admin', 'PROC_CHECKONEDYNAMICSQLINDEX',901000021,1, null),
(901003042,'天线资源名称关键字查重','wireless-2-18',218,901000018, '无线',11, null,'update ANTENNA t1
                   set dims_col_result=(case when dims_col_result like ''%wireless-2-18%'' then dims_col_result
                                             when dims_col_result is null then ''wireless-2-18''
                                             else dims_col_result||'',wireless-2-18'' end),
                       dims_col_rtName=(case when dims_col_rtName like ''%天线资源名称关键字查重%'' then dims_col_rtName
                                             when dims_col_rtName is null then ''不满足规范:天线资源名称关键字查重''
                                             else dims_col_rtName||'',天线资源名称关键字查重'' end)
                 where exists(select 1
                                from ANTENNA t2
                               where t2.ctid <> t1.ctid
                                 and t2.zh_label=t1.zh_label)',1, 'admin', 'admin', 'PROC_CHECKONEDYNAMICSQLINDEX',901000018,1, null),
(901003043,'扼流圈天线资源名称关键字查重','wireless-2-19',219,901000010, '无线',11, null,'update ANTENNACHOKECOIL t1
                   set dims_col_result=(case when dims_col_result like ''%wireless-2-19%'' then dims_col_result
                                             when dims_col_result is null then ''wireless-2-19''
                                             else dims_col_result||'',wireless-2-19'' end),
                       dims_col_rtName=(case when dims_col_rtName like ''%扼流圈天线资源名称关键字查重%'' then dims_col_rtName
                                             when dims_col_rtName is null then ''不满足规范:扼流圈天线资源名称关键字查重''
                                             else dims_col_rtName||'',扼流圈天线资源名称关键字查重'' end)
                 where exists(select 1
                                from ANTENNACHOKECOIL t2
                               where t2.ctid <> t1.ctid
                                 and t2.userlabel=t1.userlabel)',1, 'admin', 'admin', 'PROC_CHECKONEDYNAMICSQLINDEX',901000010,1, null),
(901003044,'铁塔资源名称关键字查重','wireless-2-20',220,901000020, '无线',11, null,'update TOWER t1
                   set dims_col_result=(case when dims_col_result like ''%wireless-2-20%'' then dims_col_result
                                             when dims_col_result is null then ''wireless-2-20''
                                             else dims_col_result||'',wireless-2-20'' end),
                       dims_col_rtName=(case when dims_col_rtName like ''%铁塔资源名称关键字查重%'' then dims_col_rtName
                                             when dims_col_rtName is null then ''不满足规范:铁塔资源名称关键字查重''
                                             else dims_col_rtName||'',铁塔资源名称关键字查重'' end)
                 where exists(select 1
                                from TOWER t2
                               where t2.ctid <> t1.ctid
                                 and t2.zh_label=t1.zh_label)',1, 'admin', 'admin', 'PROC_CHECKONEDYNAMICSQLINDEX',901000020,1, null),
(901003045,'扩展型皮站AU资源名称关键字查重','wireless-2-21',221,901000024, '无线',11, null,'update PICOAU t1
                   set dims_col_result=(case when dims_col_result like ''%wireless-2-21%'' then dims_col_result
                                             when dims_col_result is null then ''wireless-2-21''
                                             else dims_col_result||'',wireless-2-21'' end),
                       dims_col_rtName=(case when dims_col_rtName like ''%扩展型皮站AU资源名称关键字查重%'' then dims_col_rtName
                                             when dims_col_rtName is null then ''不满足规范:扩展型皮站AU资源名称关键字查重''
                                             else dims_col_rtName||'',扩展型皮站AU资源名称关键字查重'' end)
                 where exists(select 1
                                from PICOAU t2
                               where t2.ctid <> t1.ctid
                                 and t2.zh_label=t1.zh_label)',1, 'admin', 'admin', 'PROC_CHECKONEDYNAMICSQLINDEX',901000024,1, null),
(901003046,'扩展型皮站交换机资源名称关键字查重','wireless-2-22',222,901000025, '无线',11, null,'update PICOSWITCH t1
                   set dims_col_result=(case when dims_col_result like ''%wireless-2-22%'' then dims_col_result
                                             when dims_col_result is null then ''wireless-2-22''
                                             else dims_col_result||'',wireless-2-22'' end),
                       dims_col_rtName=(case when dims_col_rtName like ''%扩展型皮站交换机资源名称关键字查重%'' then dims_col_rtName
                                             when dims_col_rtName is null then ''不满足规范:扩展型皮站交换机资源名称关键字查重''
                                             else dims_col_rtName||'',扩展型皮站交换机资源名称关键字查重'' end)
                 where exists(select 1
                                from PICOSWITCH t2
                               where t2.ctid <> t1.ctid
                                 and t2.zh_label=t1.zh_label)',1, 'admin', 'admin', 'PROC_CHECKONEDYNAMICSQLINDEX',901000025,1, null),
(901003047,'一体化皮站AP资源名称关键字查重','wireless-2-23',223,901000023, '无线',11, null,'update PICOAP t1
                   set dims_col_result=(case when dims_col_result like ''%wireless-2-23%'' then dims_col_result
                                             when dims_col_result is null then ''wireless-2-23''
                                             else dims_col_result||'',wireless-2-23'' end),
                       dims_col_rtName=(case when dims_col_rtName like ''%一体化皮站AP资源名称关键字查重%'' then dims_col_rtName
                                             when dims_col_rtName is null then ''不满足规范:一体化皮站AP资源名称关键字查重''
                                             else dims_col_rtName||'',一体化皮站AP资源名称关键字查重'' end)
                 where exists(select 1
                                from PICOAP t2
                               where t2.ctid <> t1.ctid
                                 and t2.zh_label=t2.zh_label)',1, 'admin', 'admin', 'PROC_CHECKONEDYNAMICSQLINDEX',901000023,1, null),
(901003048,'OMC资源名称关键字查重','wireless-2-24',224,901000001, '无线',11, null,'update OMC t1
                   set dims_col_result=(case when dims_col_result like ''%wireless-2-24%'' then dims_col_result
                                             when dims_col_result is null then ''wireless-2-24''
                                             else dims_col_result||'',wireless-2-24'' end),
                       dims_col_rtName=(case when dims_col_rtName like ''%OMC资源名称关键字查重%'' then dims_col_rtName
                                             when dims_col_rtName is null then ''不满足规范:OMC资源名称关键字查重''
                                             else dims_col_rtName||'',OMC资源名称关键字查重'' end)
                 where exists(select 1
                                from OMC t2
                               where t2.ctid <> t1.ctid
                                 and t2.zh_label=t1.zh_label)',1, 'admin', 'admin', 'PROC_CHECKONEDYNAMICSQLINDEX',901000001,1, null),
(901003049,'BBU串号关键字查重','wireless-2-25',225,901000011, '无线',11, null,'update BBU t1
                   set dims_col_result=(case when dims_col_result like ''%wireless-2-25%'' then dims_col_result
                                             when dims_col_result is null then ''wireless-2-25''
                                             else dims_col_result||'',wireless-2-25'' end),
                       dims_col_rtName=(case when dims_col_rtName like ''%BBU串号关键字查重%'' then dims_col_rtName
                                             when dims_col_rtName is null then ''不满足规范:BBU串号关键字查重''
                                             else dims_col_rtName||'',BBU串号关键字查重'' end)
                 where exists(select 1
                                from BBU t2
                               where t2.ctid <> t1.ctid
                                 and t2.bbu_serial=t1.bbu_serial)',1, 'admin', 'admin', 'PROC_CHECKONEDYNAMICSQLINDEX',901000011,1, null),
(901003050,'RRU串号关键字查重','wireless-2-26',226,901000012, '无线',11, null,'update RRU t1
                   set dims_col_result=(case when dims_col_result like ''%wireless-2-26%'' then dims_col_result
                                             when dims_col_result is null then ''wireless-2-26''
                                             else dims_col_result||'',wireless-2-26'' end),
                       dims_col_rtName=(case when dims_col_rtName like ''%RRU串号关键字查重%'' then dims_col_rtName
                                             when dims_col_rtName is null then ''不满足规范:RRU串号关键字查重''
                                             else dims_col_rtName||'',RRU串号关键字查重'' end)
                 where exists(select 1
                                from RRU t2
                               where t2.ctid <> t1.ctid
                                 and t2.rru_serial=t1.rru_serial)',1, 'admin', 'admin', 'PROC_CHECKONEDYNAMICSQLINDEX',901000012,1, null),
(901003051,'板卡串号关键字查重','wireless-2-27',227,901000016, '无线',11, null,'update BOARD t1
                   set dims_col_result=(case when dims_col_result like ''%wireless-2-27%'' then dims_col_result
                                             when dims_col_result is null then ''wireless-2-27''
                                             else dims_col_result||'',wireless-2-27'' end),
                       dims_col_rtName=(case when dims_col_rtName like ''%板卡串号关键字查重%'' then dims_col_rtName
                                             when dims_col_rtName is null then ''不满足规范:板卡串号关键字查重''
                                             else dims_col_rtName||'',板卡串号关键字查重'' end)
                 where exists(select 1
                                from BOARD t2
                               where t2.ctid <> t1.ctid
                                 and t2.board_serial=t1.board_serial)',1, 'admin', 'admin', 'PROC_CHECKONEDYNAMICSQLINDEX',901000016,1, null),
(901003052,'CU串号关键字查重','wireless-2-28',228,901000013, '无线',11, null,'update CU t1
                   set dims_col_result=(case when dims_col_result like ''%wireless-2-28%'' then dims_col_result
                                             when dims_col_result is null then ''wireless-2-28''
                                             else dims_col_result||'',wireless-2-28'' end),
                       dims_col_rtName=(case when dims_col_rtName like ''%CU串号关键字查重%'' then dims_col_rtName
                                             when dims_col_rtName is null then ''不满足规范:CU串号关键字查重''
                                             else dims_col_rtName||'',CU串号关键字查重'' end)
                 where exists(select 1
                                from CU t2
                               where t2.ctid <> t1.ctid
                                 and t2.cu_serial=t1.cu_serial)',1, 'admin', 'admin', 'PROC_CHECKONEDYNAMICSQLINDEX',901000013,1, null),
(901003053,'DU串号关键字查重','wireless-2-29',229,901000014, '无线',11, null,'update DU t1
                   set dims_col_result=(case when dims_col_result like ''%wireless-2-29%'' then dims_col_result
                                             when dims_col_result is null then ''wireless-2-29''
                                             else dims_col_result||'',wireless-2-29'' end),
                       dims_col_rtName=(case when dims_col_rtName like ''%DU串号关键字查重%'' then dims_col_rtName
                                             when dims_col_rtName is null then ''不满足规范:DU串号关键字查重''
                                             else dims_col_rtName||'',DU串号关键字查重'' end)
                 where exists(select 1
                                from DU t2
                               where t2.ctid <> t1.ctid
                                 and t2.du_serial=t1.du_serial)',1, 'admin', 'admin', 'PROC_CHECKONEDYNAMICSQLINDEX',901000014,1, null),
(901003054,'AAU串号关键字查重','wireless-2-30',230,901000015, '无线',11, null,'update AAU t1
                   set dims_col_result=(case when dims_col_result like ''%wireless-2-30%'' then dims_col_result
                                             when dims_col_result is null then ''wireless-2-30''
                                             else dims_col_result||'',wireless-2-30'' end),
                       dims_col_rtName=(case when dims_col_rtName like ''%AAU串号关键字查重%'' then dims_col_rtName
                                             when dims_col_rtName is null then ''不满足规范:AAU串号关键字查重''
                                             else dims_col_rtName||'',AAU串号关键字查重'' end)
                 where exists(select 1
                                from AAU t2
                               where t2.ctid <> t1.ctid
                                 and t2.aau_serial=t1.aau_serial)',1, 'admin', 'admin', 'PROC_CHECKONEDYNAMICSQLINDEX',901000015,1, null),
(901003055,'BSC主键查重','wireless-2-31',231,901000002, '无线',11, null,'update BSC t1
                   set dims_col_result=(case when dims_col_result like ''%wireless-2-31%'' then dims_col_result
                                             when dims_col_result is null then ''wireless-2-31''
                                             else dims_col_result||'',wireless-2-31'' end),
                       dims_col_rtName=(case when dims_col_rtName like ''%BSC主键查重%'' then dims_col_rtName
                                             when dims_col_rtName is null then ''不满足规范:BSC主键查重''
                                             else dims_col_rtName||'',BSC主键查重'' end)
                 where exists(select 1
                                from BSC t2
                               where t2.ctid <> t1.ctid
                                 and t2.int_id=t1.int_id)',1, 'admin', 'admin', 'PROC_CHECKONEDYNAMICSQLINDEX',901000002,1, null),
(901003056,'BTS主键查重','wireless-2-32',232,901000003, '无线',11, null,'update BTS t1
                   set dims_col_result=(case when dims_col_result like ''%wireless-2-32%'' then dims_col_result
                                             when dims_col_result is null then ''wireless-2-32''
                                             else dims_col_result||'',wireless-2-32'' end),
                       dims_col_rtName=(case when dims_col_rtName like ''%BTS主键查重%'' then dims_col_rtName
                                             when dims_col_rtName is null then ''不满足规范:BTS主键查重''
                                             else dims_col_rtName||'',BTS主键查重'' end)
                 where exists(select 1
                                from BTS t2
                               where t2.ctid <> t1.ctid
                                 and t2.int_id=t1.int_id)',1, 'admin', 'admin', 'PROC_CHECKONEDYNAMICSQLINDEX',901000003,1, null),
(901003057,'E-NODEB主键查重','wireless-2-33',233,901000004, '无线',11, null,'update ENODEB t1
                   set dims_col_result=(case when dims_col_result like ''%wireless-2-33%'' then dims_col_result
                                             when dims_col_result is null then ''wireless-2-33''
                                             else dims_col_result||'',wireless-2-33'' end),
                       dims_col_rtName=(case when dims_col_rtName like ''%E-NODEB主键查重%'' then dims_col_rtName
                                             when dims_col_rtName is null then ''不满足规范:E-NODEB主键查重''
                                             else dims_col_rtName||'',E-NODEB主键查重'' end)
                 where exists(select 1
                                from ENODEB t2
                               where t2.ctid <> t1.ctid
                                 and t2.int_id=t1.int_id)',1, 'admin', 'admin', 'PROC_CHECKONEDYNAMICSQLINDEX',901000004,1, null),
(901003058,'G-NODEB主键查重','wireless-2-34',234,901000005, '无线',11, null,'update GNODEB t1
                   set dims_col_result=(case when dims_col_result like ''%wireless-2-34%'' then dims_col_result
                                             when dims_col_result is null then ''wireless-2-34''
                                             else dims_col_result||'',wireless-2-34'' end),
                       dims_col_rtName=(case when dims_col_rtName like ''%G-NODEB主键查重%'' then dims_col_rtName
                                             when dims_col_rtName is null then ''不满足规范:G-NODEB主键查重''
                                             else dims_col_rtName||'',G-NODEB主键查重'' end)
                 where exists(select 1
                                from GNODEB t2
                               where t2.ctid <> t1.ctid
                                 and t2.int_id=t1.int_id)',1, 'admin', 'admin', 'PROC_CHECKONEDYNAMICSQLINDEX',901000005,1, null),
(901003059,'RTK基准站主键查重','wireless-2-35',235,901000006, '无线',11, null,'update RTK t1
                   set dims_col_result=(case when dims_col_result like ''%wireless-2-35%'' then dims_col_result
                                             when dims_col_result is null then ''wireless-2-35''
                                             else dims_col_result||'',wireless-2-35'' end),
                       dims_col_rtName=(case when dims_col_rtName like ''%RTK基准站主键查重%'' then dims_col_rtName
                                             when dims_col_rtName is null then ''不满足规范:RTK基准站主键查重''
                                             else dims_col_rtName||'',RTK基准站主键查重'' end)
                 where exists(select 1
                                from RTK t2
                               where t2.ctid <> t1.ctid
                                 and t2.int_id=t1.int_id)',1, 'admin', 'admin', 'PROC_CHECKONEDYNAMICSQLINDEX',901000006,1, null),
(901003060,'CELL主键查重','wireless-2-36',236,901000007, '无线',11, null,'update CELL t1
                   set dims_col_result=(case when dims_col_result like ''%wireless-2-36%'' then dims_col_result
                                             when dims_col_result is null then ''wireless-2-36''
                                             else dims_col_result||'',wireless-2-36'' end),
                       dims_col_rtName=(case when dims_col_rtName like ''%CELL主键查重%'' then dims_col_rtName
                                             when dims_col_rtName is null then ''不满足规范:CELL主键查重''
                                             else dims_col_rtName||'',CELL主键查重'' end)
                 where exists(select 1
                                from CELL t2
                               where t2.ctid <> t1.ctid
                                 and t2.int_id=t1.int_id)',1, 'admin', 'admin', 'PROC_CHECKONEDYNAMICSQLINDEX',901000007,1, null),
(901003061,'E-UTRANCELL主键查重','wireless-2-37',237,901000008, '无线',11, null,'update EUTRANCELL t1
                   set dims_col_result=(case when dims_col_result like ''%wireless-2-37%'' then dims_col_result
                                             when dims_col_result is null then ''wireless-2-37''
                                             else dims_col_result||'',wireless-2-37'' end),
                       dims_col_rtName=(case when dims_col_rtName like ''%E-UTRANCELL主键查重%'' then dims_col_rtName
                                             when dims_col_rtName is null then ''不满足规范:E-UTRANCELL主键查重''
                                             else dims_col_rtName||'',E-UTRANCELL主键查重'' end)
                 where exists(select 1
                                from EUTRANCELL t2
                               where t2.ctid <> t1.ctid
                                 and t2.int_id=t1.int_id)',1, 'admin', 'admin', 'PROC_CHECKONEDYNAMICSQLINDEX',901000008,1, null),
(901003062,'NR-CELL主键查重','wireless-2-38',238,901000009, '无线',11, null,'update NRCELL t1
                   set dims_col_result=(case when dims_col_result like ''%wireless-2-38%'' then dims_col_result
                                             when dims_col_result is null then ''wireless-2-38''
                                             else dims_col_result||'',wireless-2-38'' end),
                       dims_col_rtName=(case when dims_col_rtName like ''%NR-CELL主键查重%'' then dims_col_rtName
                                             when dims_col_rtName is null then ''不满足规范:NR-CELL主键查重''
                                             else dims_col_rtName||'',NR-CELL主键查重'' end)
                 where exists(select 1
                                from NRCELL t2
                               where t2.ctid <> t1.ctid
                                 and t2.int_id=t1.int_id)',1, 'admin', 'admin', 'PROC_CHECKONEDYNAMICSQLINDEX',901000009,1, null),
(901003063,'BBU主键查重','wireless-2-39',239,901000011, '无线',11, null,'update BBU t1
                   set dims_col_result=(case when dims_col_result like ''%wireless-2-39%'' then dims_col_result
                                             when dims_col_result is null then ''wireless-2-39''
                                             else dims_col_result||'',wireless-2-39'' end),
                       dims_col_rtName=(case when dims_col_rtName like ''%BBU主键查重%'' then dims_col_rtName
                                             when dims_col_rtName is null then ''不满足规范:BBU主键查重''
                                             else dims_col_rtName||'',BBU主键查重'' end)
                 where exists(select 1
                                from BBU t2
                               where t2.ctid <> t1.ctid
                                 and t2.int_id=t1.int_id)',1, 'admin', 'admin', 'PROC_CHECKONEDYNAMICSQLINDEX',901000011,1, null),
(901003064,'RRU主键查重','wireless-2-40',240,901000012, '无线',11, null,'update RRU t1
                   set dims_col_result=(case when dims_col_result like ''%wireless-2-40%'' then dims_col_result
                                             when dims_col_result is null then ''wireless-2-40''
                                             else dims_col_result||'',wireless-2-40'' end),
                       dims_col_rtName=(case when dims_col_rtName like ''%RRU主键查重%'' then dims_col_rtName
                                             when dims_col_rtName is null then ''不满足规范:RRU主键查重''
                                             else dims_col_rtName||'',RRU主键查重'' end)
                 where exists(select 1
                                from RRU t2
                               where t2.ctid <> t1.ctid
                                 and t2.int_id=t1.int_id)',1, 'admin', 'admin', 'PROC_CHECKONEDYNAMICSQLINDEX',901000012,1, null),
(901003065,'CU主键查重','wireless-2-41',241,901000013, '无线',11, null,'update CU t1
                   set dims_col_result=(case when dims_col_result like ''%wireless-2-41%'' then dims_col_result
                                             when dims_col_result is null then ''wireless-2-41''
                                             else dims_col_result||'',wireless-2-41'' end),
                       dims_col_rtName=(case when dims_col_rtName like ''%CU主键查重%'' then dims_col_rtName
                                             when dims_col_rtName is null then ''不满足规范:CU主键查重''
                                             else dims_col_rtName||'',CU主键查重'' end)
                 where exists(select 1
                                from CU t2
                               where t2.ctid <> t1.ctid
                                 and t2.int_id=t1.int_id)',1, 'admin', 'admin', 'PROC_CHECKONEDYNAMICSQLINDEX',901000013,1, null),
(901003066,'DU主键查重','wireless-2-42',242,901000014, '无线',11, null,'update DU t1
                   set dims_col_result=(case when dims_col_result like ''%wireless-2-42%'' then dims_col_result
                                             when dims_col_result is null then ''wireless-2-42''
                                             else dims_col_result||'',wireless-2-42'' end),
                       dims_col_rtName=(case when dims_col_rtName like ''%DU主键查重%'' then dims_col_rtName
                                             when dims_col_rtName is null then ''不满足规范:DU主键查重''
                                             else dims_col_rtName||'',DU主键查重'' end)
                 where exists(select 1
                                from DU t2
                               where t2.ctid <> t1.ctid
                                 and t2.int_id=t1.int_id)',1, 'admin', 'admin', 'PROC_CHECKONEDYNAMICSQLINDEX',901000014,1, null),
(901003067,'AAU主键查重','wireless-2-43',243,901000015, '无线',11, null,'update AAU t1
                   set dims_col_result=(case when dims_col_result like ''%wireless-2-43%'' then dims_col_result
                                             when dims_col_result is null then ''wireless-2-43''
                                             else dims_col_result||'',wireless-2-43'' end),
                       dims_col_rtName=(case when dims_col_rtName like ''%AAU主键查重%'' then dims_col_rtName
                                             when dims_col_rtName is null then ''不满足规范:AAU主键查重''
                                             else dims_col_rtName||'',AAU主键查重'' end)
                 where exists(select 1
                                from AAU t2
                               where t2.ctid <> t1.ctid
                                 and t2.int_id=t1.int_id)',1, 'admin', 'admin', 'PROC_CHECKONEDYNAMICSQLINDEX',901000015,1, null),
(901003068,'板卡主键查重','wireless-2-44',244,901000016, '无线',11, null,'update BOARD t1
                   set dims_col_result=(case when dims_col_result like ''%wireless-2-44%'' then dims_col_result
                                             when dims_col_result is null then ''wireless-2-44''
                                             else dims_col_result||'',wireless-2-44'' end),
                       dims_col_rtName=(case when dims_col_rtName like ''%板卡主键查重%'' then dims_col_rtName
                                             when dims_col_rtName is null then ''不满足规范:板卡主键查重''
                                             else dims_col_rtName||'',板卡主键查重'' end)
                 where exists(select 1
                                from BOARD t2
                               where t2.ctid <> t1.ctid
                                 and t2.int_id=t1.int_id)',1, 'admin', 'admin', 'PROC_CHECKONEDYNAMICSQLINDEX',901000016,1, null),
(901003069,'端口主键查重','wireless-2-45',245,901000017, '无线',11, null,'update PORT t1
                   set dims_col_result=(case when dims_col_result like ''%wireless-2-45%'' then dims_col_result
                                             when dims_col_result is null then ''wireless-2-45''
                                             else dims_col_result||'',wireless-2-45'' end),
                       dims_col_rtName=(case when dims_col_rtName like ''%端口主键查重%'' then dims_col_rtName
                                             when dims_col_rtName is null then ''不满足规范:端口主键查重''
                                             else dims_col_rtName||'',端口主键查重'' end)
                 where exists(select 1
                                from PORT t2
                               where t2.ctid <> t1.ctid
                                 and t2.int_id=t1.int_id)',1, 'admin', 'admin', 'PROC_CHECKONEDYNAMICSQLINDEX',901000017,1, null),
(901003070,'分布系统主键查重','wireless-2-46',246,901000022, '无线',11, null,'update SPEARD t1
                   set dims_col_result=(case when dims_col_result like ''%wireless-2-46%'' then dims_col_result
                                             when dims_col_result is null then ''wireless-2-46''
                                             else dims_col_result||'',wireless-2-46'' end),
                       dims_col_rtName=(case when dims_col_rtName like ''%分布系统主键查重%'' then dims_col_rtName
                                             when dims_col_rtName is null then ''不满足规范:分布系统主键查重''
                                             else dims_col_rtName||'',分布系统主键查重'' end)
                 where exists(select 1
                                from SPEARD t2
                               where t2.ctid <> t1.ctid
                                 and t2.int_id=t1.int_id)',1, 'admin', 'admin', 'PROC_CHECKONEDYNAMICSQLINDEX',901000022,1, null),
(901003071,'直放站主键查重','wireless-2-47',247,901000021, '无线',11, null,'update RPT t1
                   set dims_col_result=(case when dims_col_result like ''%wireless-2-47%'' then dims_col_result
                                             when dims_col_result is null then ''wireless-2-47''
                                             else dims_col_result||'',wireless-2-47'' end),
                       dims_col_rtName=(case when dims_col_rtName like ''%直放站主键查重%'' then dims_col_rtName
                                             when dims_col_rtName is null then ''不满足规范:直放站主键查重''
                                             else dims_col_rtName||'',直放站主键查重'' end)
                 where exists(select 1
                                from RPT t2
                               where t2.ctid <> t1.ctid
                                 and t2.int_id=t1.int_id)',1, 'admin', 'admin', 'PROC_CHECKONEDYNAMICSQLINDEX',901000021,1, null),
(901003072,'天线主键查重','wireless-2-48',248,901000018, '无线',11, null,'update ANTENNA t1
                   set dims_col_result=(case when dims_col_result like ''%wireless-2-48%'' then dims_col_result
                                             when dims_col_result is null then ''wireless-2-48''
                                             else dims_col_result||'',wireless-2-48'' end),
                       dims_col_rtName=(case when dims_col_rtName like ''%天线主键查重%'' then dims_col_rtName
                                             when dims_col_rtName is null then ''不满足规范:天线主键查重''
                                             else dims_col_rtName||'',天线主键查重'' end)
                 where exists(select 1
                                from ANTENNA t2
                               where t2.ctid <> t1.ctid
                                 and t2.int_id=t1.int_id)',1, 'admin', 'admin', 'PROC_CHECKONEDYNAMICSQLINDEX',901000018,1, null),
(901003073,'扼流圈天线主键查重','wireless-2-49',249,901000010, '无线',11, null,'update ANTENNACHOKECOIL t1
                   set dims_col_result=(case when dims_col_result like ''%wireless-2-49%'' then dims_col_result
                                             when dims_col_result is null then ''wireless-2-49''
                                             else dims_col_result||'',wireless-2-49'' end),
                       dims_col_rtName=(case when dims_col_rtName like ''%扼流圈天线主键查重%'' then dims_col_rtName
                                             when dims_col_rtName is null then ''不满足规范:扼流圈天线主键查重''
                                             else dims_col_rtName||'',扼流圈天线主键查重'' end)
                 where exists(select 1
                                from ANTENNACHOKECOIL t2
                               where t2.ctid <> t1.ctid
                                 and t2.int_id=t1.int_id)',1, 'admin', 'admin', 'PROC_CHECKONEDYNAMICSQLINDEX',901000010,1, null),
(901003074,'天线工参主键查重','wireless-2-50',250,901000019, '无线',11, null,'update ANTENNAPARA t1
                   set dims_col_result=(case when dims_col_result like ''%wireless-2-50%'' then dims_col_result
                                             when dims_col_result is null then ''wireless-2-50''
                                             else dims_col_result||'',wireless-2-50'' end),
                       dims_col_rtName=(case when dims_col_rtName like ''%天线工参主键查重%'' then dims_col_rtName
                                             when dims_col_rtName is null then ''不满足规范:天线工参主键查重''
                                             else dims_col_rtName||'',天线工参主键查重'' end)
                 where exists(select 1
                                from ANTENNAPARA t2
                               where t2.ctid <> t1.ctid
                                 and t2.int_id=t1.int_id)',1, 'admin', 'admin', 'PROC_CHECKONEDYNAMICSQLINDEX',901000019,1, null),
(901003075,'铁塔主键查重','wireless-2-51',251,901000020, '无线',11, null,'update TOWER t1
                   set dims_col_result=(case when dims_col_result like ''%wireless-2-51%'' then dims_col_result
                                             when dims_col_result is null then ''wireless-2-51''
                                             else dims_col_result||'',wireless-2-51'' end),
                       dims_col_rtName=(case when dims_col_rtName like ''%铁塔主键查重%'' then dims_col_rtName
                                             when dims_col_rtName is null then ''不满足规范:铁塔主键查重''
                                             else dims_col_rtName||'',铁塔主键查重'' end)
                 where exists(select 1
                                from TOWER t2
                               where t2.ctid <> t1.ctid
                                 and t2.int_id=t1.int_id)',1, 'admin', 'admin', 'PROC_CHECKONEDYNAMICSQLINDEX',901000020,1, null),
(901003076,'扩展型皮站AU主键查重','wireless-2-52',252,901000024, '无线',11, null,'update PICOAU t1
                   set dims_col_result=(case when dims_col_result like ''%wireless-2-52%'' then dims_col_result
                                             when dims_col_result is null then ''wireless-2-52''
                                             else dims_col_result||'',wireless-2-52'' end),
                       dims_col_rtName=(case when dims_col_rtName like ''%扩展型皮站AU主键查重%'' then dims_col_rtName
                                             when dims_col_rtName is null then ''不满足规范:扩展型皮站AU主键查重''
                                             else dims_col_rtName||'',扩展型皮站AU主键查重'' end)
                 where exists(select 1
                                from PICOAU t2
                               where t2.ctid <> t1.ctid
                                 and t2.int_id=t1.int_id)',1, 'admin', 'admin', 'PROC_CHECKONEDYNAMICSQLINDEX',901000024,1, null),
(901003077,'扩展型皮站交换机主键查重','wireless-2-53',253,901000025, '无线',11, null,'update PICOSWITCH t1
                   set dims_col_result=(case when dims_col_result like ''%wireless-2-53%'' then dims_col_result
                                             when dims_col_result is null then ''wireless-2-53''
                                             else dims_col_result||'',wireless-2-53'' end),
                       dims_col_rtName=(case when dims_col_rtName like ''%扩展型皮站交换机主键查重%'' then dims_col_rtName
                                             when dims_col_rtName is null then ''不满足规范:扩展型皮站交换机主键查重''
                                             else dims_col_rtName||'',扩展型皮站交换机主键查重'' end)
                 where exists(select 1
                                from PICOSWITCH t2
                               where t2.ctid <> t1.ctid
                                 and t2.int_id=t1.int_id)',1, 'admin', 'admin', 'PROC_CHECKONEDYNAMICSQLINDEX',901000025,1, null),
(901003078,'一体化皮站AP主键查重','wireless-2-54',254,901000023, '无线',11, null,'update PICOAP t1
                   set dims_col_result=(case when dims_col_result like ''%wireless-2-54%'' then dims_col_result
                                             when dims_col_result is null then ''wireless-2-54''
                                             else dims_col_result||'',wireless-2-54'' end),
                       dims_col_rtName=(case when dims_col_rtName like ''%一体化皮站AP主键查重%'' then dims_col_rtName
                                             when dims_col_rtName is null then ''不满足规范:一体化皮站AP主键查重''
                                             else dims_col_rtName||'',一体化皮站AP主键查重'' end)
                 where exists(select 1
                                from PICOAP t2
                               where t2.ctid <> t1.ctid
                                 and t2.int_id=t1.int_id)',1, 'admin', 'admin', 'PROC_CHECKONEDYNAMICSQLINDEX',901000023,1, null),
(901003079,'OMC主键查重','wireless-2-55',255,901000001, '无线',11, null,'update OMC t1
                   set dims_col_result=(case when dims_col_result like ''%wireless-2-55%'' then dims_col_result
                                             when dims_col_result is null then ''wireless-2-55''
                                             else dims_col_result||'',wireless-2-55'' end),
                       dims_col_rtName=(case when dims_col_rtName like ''%OMC主键查重%'' then dims_col_rtName
                                             when dims_col_rtName is null then ''不满足规范:OMC主键查重''
                                             else dims_col_rtName||'',OMC主键查重'' end)
                 where exists(select 1
                                from OMC t2
                               where t2.ctid <> t1.ctid
                                 and t2.int_id=t1.int_id)',1, 'admin', 'admin', 'PROC_CHECKONEDYNAMICSQLINDEX',901000001,1, null),
(901003080,'BTS枚举值核查:安装位置类型','wireless-2-56-0',256,901000003, '无线',4, null,null,1, 'admin', 'admin','PROC_CHECKONEDICTACCURACYINDEX',901000003,1, null),
(901003081,'BTS枚举值核查:生命周期状态','wireless-2-56-1',257,901000003, '无线',4, null,null,1, 'admin', 'admin','PROC_CHECKONEDICTACCURACYINDEX',901000003,1, null),
(901003082,'BTS枚举值核查:设备类型','wireless-2-56-2',258,901000003, '无线',4, null,null,1, 'admin', 'admin','PROC_CHECKONEDICTACCURACYINDEX',901000003,1, null),
(901003083,'BTS枚举值核查:覆盖类型','wireless-2-56-3',259,901000003, '无线',4, null,null,1, 'admin', 'admin','PROC_CHECKONEDICTACCURACYINDEX',901000003,1, null),
(901003084,'BTS枚举值核查:设备厂家','wireless-2-56-4',260,901000003, '无线',4, null,null,1, 'admin', 'admin','PROC_CHECKONEDICTACCURACYINDEX',901000003,1, null),
(901003085,'BTS枚举值核查:VIP级别','wireless-2-56-5',261,901000003, '无线',4, null,null,1, 'admin', 'admin','PROC_CHECKONEDICTACCURACYINDEX',901000003,1, null),
(901003086,'E-NODEB枚举值核查:生命周期状态','wireless-2-57-0',262,901000004, '无线',4, null,null,1, 'admin', 'admin','PROC_CHECKONEDICTACCURACYINDEX',901000004,1, null),
(901003087,'E-NODEB枚举值核查:设备类型','wireless-2-57-1',263,901000004, '无线',4, null,null,1, 'admin', 'admin','PROC_CHECKONEDICTACCURACYINDEX',901000004,1, null),
(901003088,'E-NODEB枚举值核查:覆盖类型','wireless-2-57-2',264,901000004, '无线',4, null,null,1, 'admin', 'admin','PROC_CHECKONEDICTACCURACYINDEX',901000004,1, null),
(901003089,'E-NODEB枚举值核查:VIP级别','wireless-2-57-3',265,901000004, '无线',4, null,null,1, 'admin', 'admin','PROC_CHECKONEDICTACCURACYINDEX',901000004,1, null),
(901003090,'E-NODEB枚举值核查:设备厂家','wireless-2-57-4',266,901000004, '无线',4, null,null,1, 'admin', 'admin','PROC_CHECKONEDICTACCURACYINDEX',901000004,1, null),
(901003091,'E-NODEB枚举值核查:安装位置类型','wireless-2-57-5',267,901000004, '无线',4, null,null,1, 'admin', 'admin','PROC_CHECKONEDICTACCURACYINDEX',901000004,1, null),
(901003092,'E-NODEB枚举值核查:构建方式','wireless-2-57-6',268,901000004, '无线',4, null,null,1, 'admin', 'admin','PROC_CHECKONEDICTACCURACYINDEX',901000004,1, null),
(901003093,'G-NODEB枚举值核查:生命周期状态','wireless-2-58-0',269,901000005, '无线',4, null,null,1, 'admin', 'admin','PROC_CHECKONEDICTACCURACYINDEX',901000005,1, null),
(901003094,'G-NODEB枚举值核查:设备类型','wireless-2-58-1',270,901000005, '无线',4, null,null,1, 'admin', 'admin','PROC_CHECKONEDICTACCURACYINDEX',901000005,1, null),
(901003095,'G-NODEB枚举值核查:覆盖类型','wireless-2-58-2',271,901000005, '无线',4, null,null,1, 'admin', 'admin','PROC_CHECKONEDICTACCURACYINDEX',901000005,1, null),
(901003096,'G-NODEB枚举值核查:VIP级别','wireless-2-58-3',272,901000005, '无线',4, null,null,1, 'admin', 'admin','PROC_CHECKONEDICTACCURACYINDEX',901000005,1, null),
(901003097,'G-NODEB枚举值核查:设备厂家','wireless-2-58-4',273,901000005, '无线',4, null,null,1, 'admin', 'admin','PROC_CHECKONEDICTACCURACYINDEX',901000005,1, null),
(901003098,'G-NODEB枚举值核查:安装位置类型','wireless-2-58-5',274,901000005, '无线',4, null,null,1, 'admin', 'admin','PROC_CHECKONEDICTACCURACYINDEX',901000005,1, null),
(901003099,'RTK基准站枚举值核查:安装方式','wireless-2-59-0',275,901000006, '无线',4, null,null,1, 'admin', 'admin','PROC_CHECKONEDICTACCURACYINDEX',901000006,1, null),
(901003100,'RTK基准站枚举值核查:安装位置类型','wireless-2-59-1',276,901000006, '无线',4, null,null,1, 'admin', 'admin','PROC_CHECKONEDICTACCURACYINDEX',901000006,1, null),
(901003101,'RTK基准站枚举值核查:生命周期状态','wireless-2-59-2',277,901000006, '无线',4, null,null,1, 'admin', 'admin','PROC_CHECKONEDICTACCURACYINDEX',901000006,1, null),
(901003102,'RTK基准站枚举值核查:设备厂家','wireless-2-59-3',278,901000006, '无线',4, null,null,1, 'admin', 'admin','PROC_CHECKONEDICTACCURACYINDEX',901000006,1, null),
(901003103,'CELL枚举值核查:使用频段','wireless-2-60-0',279,901000007, '无线',4, null,null,1, 'admin', 'admin','PROC_CHECKONEDICTACCURACYINDEX',901000007,1, null),
(901003104,'CELL枚举值核查:安装位置类型','wireless-2-60-1',280,901000007, '无线',4, null,null,1, 'admin', 'admin','PROC_CHECKONEDICTACCURACYINDEX',901000007,1, null),
(901003105,'CELL枚举值核查:生命周期状态','wireless-2-60-2',281,901000007, '无线',4, null,null,1, 'admin', 'admin','PROC_CHECKONEDICTACCURACYINDEX',901000007,1, null),
(901003106,'CELL枚举值核查:覆盖类型','wireless-2-60-3',282,901000007, '无线',4, null,null,1, 'admin', 'admin','PROC_CHECKONEDICTACCURACYINDEX',901000007,1, null),
(901003107,'CELL枚举值核查:覆盖场景','wireless-2-60-4',283,901000007, '无线',4, null,null,1, 'admin', 'admin','PROC_CHECKONEDICTACCURACYINDEX',901000007,1, null),
(901003108,'CELL枚举值核查:是否拉远','wireless-2-60-5',284,901000007, '无线',4, null,null,1, 'admin', 'admin','PROC_CHECKONEDICTACCURACYINDEX',901000007,1, null),
(901003109,'CELL枚举值核查:网络制式','wireless-2-60-6',285,901000007, '无线',4, null,null,1, 'admin', 'admin','PROC_CHECKONEDICTACCURACYINDEX',901000007,1, null),
(901003110,'E-UTRANCELL枚举值核查:使用频段','wireless-2-61-0',286,901000008, '无线',4, null,null,1, 'admin', 'admin','PROC_CHECKONEDICTACCURACYINDEX',901000008,1, null),
(901003111,'E-UTRANCELL枚举值核查:安装位置类型','wireless-2-61-1',287,901000008, '无线',4, null,null,1, 'admin', 'admin','PROC_CHECKONEDICTACCURACYINDEX',901000008,1, null),
(901003112,'E-UTRANCELL枚举值核查:生命周期状态','wireless-2-61-2',288,901000008, '无线',4, null,null,1, 'admin', 'admin','PROC_CHECKONEDICTACCURACYINDEX',901000008,1, null),
(901003113,'E-UTRANCELL枚举值核查:覆盖类型','wireless-2-61-3',289,901000008, '无线',4, null,null,1, 'admin', 'admin','PROC_CHECKONEDICTACCURACYINDEX',901000008,1, null),
(901003114,'E-UTRANCELL枚举值核查:覆盖场景','wireless-2-61-4',290,901000008, '无线',4, null,null,1, 'admin', 'admin','PROC_CHECKONEDICTACCURACYINDEX',901000008,1, null),
(901003115,'E-UTRANCELL枚举值核查:是否拉远','wireless-2-61-5',291,901000008, '无线',4, null,null,1, 'admin', 'admin','PROC_CHECKONEDICTACCURACYINDEX',901000008,1, null),
(901003116,'E-UTRANCELL枚举值核查:网络制式','wireless-2-61-6',292,901000008, '无线',4, null,null,1, 'admin', 'admin','PROC_CHECKONEDICTACCURACYINDEX',901000008,1, null),
(901003117,'NR-CELL枚举值核查:使用频段','wireless-2-62-0',293,901000009, '无线',4, null,null,1, 'admin', 'admin','PROC_CHECKONEDICTACCURACYINDEX',901000009,1, null),
(901003118,'NR-CELL枚举值核查:安装位置类型','wireless-2-62-1',294,901000009, '无线',4, null,null,1, 'admin', 'admin','PROC_CHECKONEDICTACCURACYINDEX',901000009,1, null),
(901003119,'NR-CELL枚举值核查:生命周期状态','wireless-2-62-2',295,901000009, '无线',4, null,null,1, 'admin', 'admin','PROC_CHECKONEDICTACCURACYINDEX',901000009,1, null),
(901003120,'NR-CELL枚举值核查:覆盖类型','wireless-2-62-3',296,901000009, '无线',4, null,null,1, 'admin', 'admin','PROC_CHECKONEDICTACCURACYINDEX',901000009,1, null),
(901003121,'NR-CELL枚举值核查:覆盖场景','wireless-2-62-4',297,901000009, '无线',4, null,null,1, 'admin', 'admin','PROC_CHECKONEDICTACCURACYINDEX',901000009,1, null),
(901003122,'NR-CELL枚举值核查:是否拉远','wireless-2-62-5',298,901000009, '无线',4, null,null,1, 'admin', 'admin','PROC_CHECKONEDICTACCURACYINDEX',901000009,1, null),
(901003123,'NR-CELL枚举值核查:网络制式','wireless-2-62-6',299,901000009, '无线',4, null,null,1, 'admin', 'admin','PROC_CHECKONEDICTACCURACYINDEX',901000009,1, null),
(901003124,'RRU枚举值核查:RRU设备型号','wireless-2-63',300,901000012, '无线',4, null,null,2, 'admin', 'admin','PROC_CHECKONEDICTACCURACYINDEX',901000012,1, null),
(901003125,'AAU枚举值核查:AAU设备型号','wireless-2-64',301,901000015, '无线',4, null,null,2, 'admin', 'admin','PROC_CHECKONEDICTACCURACYINDEX',901000015,1, null),
(901003126,'无线板卡枚举值核查:板卡功能类型','wireless-2-65',302,901000016, '无线',4, null,null,1, 'admin', 'admin','PROC_CHECKONEDICTACCURACYINDEX',901000016,1, null),
(901003127,'无线端口枚举值核查:端口状态','wireless-2-66',303,901000017, '无线',4, null,null,1, 'admin', 'admin','PROC_CHECKONEDICTACCURACYINDEX',901000017,1, null),
(901003128,'直放站枚举值规范性核查:设备厂家','wireless-2-67-0',304,901000021, '无线',4, null,null,1, 'admin', 'admin','PROC_CHECKONEDICTACCURACYINDEX',901000021,1, null),
(901003129,'直放站枚举值规范性核查:信号接收方式','wireless-2-67-1',305,901000021, '无线',4, null,null,1, 'admin', 'admin','PROC_CHECKONEDICTACCURACYINDEX',901000021,1, null),
(901003130,'直放站枚举值规范性核查:供电方式','wireless-2-67-2',306,901000021, '无线',4, null,null,1, 'admin', 'admin','PROC_CHECKONEDICTACCURACYINDEX',901000021,1, null),
(901003131,'直放站枚举值规范性核查:生命周期状态','wireless-2-67-3',307,901000021, '无线',4, null,null,1, 'admin', 'admin','PROC_CHECKONEDICTACCURACYINDEX',901000021,1, null),
(901003132,'直放站枚举值规范性核查:直放站类型','wireless-2-67-4',308,901000021, '无线',4, null,null,2, 'admin', 'admin','PROC_CHECKONEDICTACCURACYINDEX',901000021,1, null),
(901003133,'直放站枚举值规范性核查:覆盖类型','wireless-2-67-5',309,901000021, '无线',4, null,null,1, 'admin', 'admin','PROC_CHECKONEDICTACCURACYINDEX',901000021,1, null),
(901003134,'天线枚举值核查:设备厂家','wireless-2-68-0',310,901000018, '无线',4, null,null,1, 'admin', 'admin','PROC_CHECKONEDICTACCURACYINDEX',901000018,1, null),
(901003135,'天线枚举值核查:天线类型','wireless-2-68-1',311,901000018, '无线',4, null,null,1, 'admin', 'admin','PROC_CHECKONEDICTACCURACYINDEX',901000018,1, null),
(901003136,'天线枚举值核查:是否与AAU一体化','wireless-2-68-2',312,901000018, '无线',4, null,null,1, 'admin', 'admin','PROC_CHECKONEDICTACCURACYINDEX',901000018,1, null),
(901003137,'扼流圈天线枚举值核查:设备厂家','wireless-2-69-0',313,901000010, '无线',4, null,null,1, 'admin', 'admin','PROC_CHECKONEDICTACCURACYINDEX',901000010,1, null),
(901003138,'扼流圈天线枚举值核查:生命周期状态','wireless-2-69-1',314,901000010, '无线',4, null,null,1, 'admin', 'admin','PROC_CHECKONEDICTACCURACYINDEX',901000010,1, null),
(901003139,'扼流圈天线枚举值核查:安装方式','wireless-2-69-2',315,901000010, '无线',4, null,null,1, 'admin', 'admin','PROC_CHECKONEDICTACCURACYINDEX',901000010,1, null),
(901003140,'铁塔枚举值核查:铁塔类型','wireless-2-70-0',316,901000020, '无线',4, null,null,1, 'admin', 'admin','PROC_CHECKONEDICTACCURACYINDEX',901000020,1, null),
(901003141,'铁塔枚举值核查:产权性质','wireless-2-70-1',317,901000020, '无线',4, null,null,1, 'admin', 'admin','PROC_CHECKONEDICTACCURACYINDEX',901000020,1, null),
(901003142,'铁塔枚举值核查:产权单位','wireless-2-70-2',318,901000020, '无线',4, null,null,1, 'admin', 'admin','PROC_CHECKONEDICTACCURACYINDEX',901000020,1, null),
(901003143,'铁塔枚举值核查:共享单位','wireless-2-70-3',319,901000020, '无线',4, null,null,1, 'admin', 'admin','PROC_CHECKONEDICTACCURACYINDEX',901000020,1, null),
(901003144,'铁塔枚举值核查:铁塔产品种类','wireless-2-70-4',320,901000020, '无线',4, null,null,1, 'admin', 'admin','PROC_CHECKONEDICTACCURACYINDEX',901000020,1, null),
(901003145,'扩展型皮站AU枚举值核查:设备厂家','wireless-2-71',321,901000024, '无线',4, null,null,1, 'admin', 'admin','PROC_CHECKONEDICTACCURACYINDEX',901000024,1, null),
(901003146,'扩展型皮站交换机枚举值核查:设备厂家','wireless-2-72',322,901000025, '无线',4, null,null,1, 'admin', 'admin','PROC_CHECKONEDICTACCURACYINDEX',901000025,1, null),
(901003147,'一体化皮站AP枚举值核查:设备厂家','wireless-2-73',323,901000023, '无线',4, null,null,1, 'admin', 'admin','PROC_CHECKONEDICTACCURACYINDEX',901000023,1, null),
(901003148,'OMC枚举值核查:设备厂家','wireless-2-74',324,901000001, '无线',4, null,null,1, 'admin', 'admin','PROC_CHECKONEDICTACCURACYINDEX',901000001,1, null);

--资源关联性核查
insert into dims_idx_index (ID, NAME, CODE, ORDERBY, ENTITYTYPE_ID, SPECIALITYNAME, TYPE, AMOUNTSQL, ERRORSQL, ISENABLE, CREATOR, UPDATER, PROCNAME, THREADNO, PRIORITY, MEMO) values
(901003149,'BTS基站资源所属机房/位置点是否在空间资源中机房表或位置点表中不存在','wireless-3-1',301,901000003, '无线',11, null,'update BTS t1
                   set dims_col_result=(case when dims_col_result like ''%wireless-3-1%'' then dims_col_result
                                             when dims_col_result is null then ''wireless-3-1''
                                             else dims_col_result||'',wireless-3-1'' end),
                       dims_col_rtName=(case when dims_col_rtName like ''%BTS基站资源所属机房/位置点是否在空间资源中机房表或位置点表中不存在%'' then dims_col_rtName
                                             when dims_col_rtName is null then ''不满足规范:BTS基站资源所属机房/位置点是否在空间资源中机房表或位置点表中不存在''
                                             else dims_col_rtName||'',BTS基站资源所属机房/位置点是否在空间资源中机房表或位置点表中不存在'' end)
                 where isNotNull(t1.related_room_location) and isNotNull(t1.location_type) and not exists(select 1 from RM_AREA_RESPOINT t2 where t2.int_id=t1.related_room_location) and not exists(select 1 from RM_AREA_ROOM t3 where t3.int_id=t1.related_room_location)',1, 'admin', 'admin', 'PROC_CHECKONEDYNAMICSQLINDEX',901000003,1,null),
(901003150,'E-NODEB基站资源所属机房/位置点是否在空间资源中机房表或位置点表中不存在','wireless-3-2',302,901000004, '无线',11, null,'update ENODEB t1
                   set dims_col_result=(case when dims_col_result like ''%wireless-3-2%'' then dims_col_result
                                             when dims_col_result is null then ''wireless-3-2''
                                             else dims_col_result||'',wireless-3-2'' end),
                       dims_col_rtName=(case when dims_col_rtName like ''%E-NODEB基站资源所属机房/位置点是否在空间资源中机房表或位置点表中不存在%'' then dims_col_rtName
                                             when dims_col_rtName is null then ''不满足规范:E-NODEB基站资源所属机房/位置点是否在空间资源中机房表或位置点表中不存在''
                                             else dims_col_rtName||'',E-NODEB基站资源所属机房/位置点是否在空间资源中机房表或位置点表中不存在'' end)
                 where isNotNull(t1.related_room_location) and isNotNull(t1.location_type) and not exists(select 1 from RM_AREA_RESPOINT t2 where t2.int_id=t1.related_room_location) and not exists(select 1 from RM_AREA_ROOM t3 where t3.int_id=t1.related_room_location)',1, 'admin', 'admin', 'PROC_CHECKONEDYNAMICSQLINDEX',901000004,1,null),
(901003151,'G-NODEB基站资源所属机房/位置点是否在空间资源中机房表或位置点表中不存在','wireless-3-3',303,901000005, '无线',11, null,'update GNODEB t1
                   set dims_col_result=(case when dims_col_result like ''%wireless-3-3%'' then dims_col_result
                                             when dims_col_result is null then ''wireless-3-3''
                                             else dims_col_result||'',wireless-3-3'' end),
                       dims_col_rtName=(case when dims_col_rtName like ''%G-NODEB基站资源所属机房/位置点是否在空间资源中机房表或位置点表中不存在%'' then dims_col_rtName
                                             when dims_col_rtName is null then ''不满足规范:G-NODEB基站资源所属机房/位置点是否在空间资源中机房表或位置点表中不存在''
                                             else dims_col_rtName||'',G-NODEB基站资源所属机房/位置点是否在空间资源中机房表或位置点表中不存在'' end)
                 where isNotNull(t1.related_room_location) and isNotNull(t1.location_type) and not exists(select 1 from RM_AREA_RESPOINT t2 where t2.int_id=t1.related_room_location) and not exists(select 1 from RM_AREA_ROOM t3 where t3.int_id=t1.related_room_location)',1, 'admin', 'admin', 'PROC_CHECKONEDYNAMICSQLINDEX',901000005,1,null),
(901003152,'RTK基准站资源所属机房/位置点是否在空间资源中机房表或位置点表中不存在','wireless-3-4',304,901000006, '无线',11, null,'update RTK t1
                   set dims_col_result=(case when dims_col_result like ''%wireless-3-4%'' then dims_col_result
                                             when dims_col_result is null then ''wireless-3-4''
                                             else dims_col_result||'',wireless-3-4'' end),
                       dims_col_rtName=(case when dims_col_rtName like ''%RTK基准站资源所属机房/位置点是否在空间资源中机房表或位置点表中不存在%'' then dims_col_rtName
                                             when dims_col_rtName is null then ''不满足规范:RTK基准站资源所属机房/位置点是否在空间资源中机房表或位置点表中不存在''
                                             else dims_col_rtName||'',RTK基准站资源所属机房/位置点是否在空间资源中机房表或位置点表中不存在'' end)
                 where isNotNull(t1.related_room_location) and isNotNull(t1.location_type) and not exists(select 1 from RM_AREA_RESPOINT t2 where t2.int_id=t1.related_room_location) and not exists(select 1 from RM_AREA_ROOM t3 where t3.int_id=t1.related_room_location)',1, 'admin', 'admin', 'PROC_CHECKONEDYNAMICSQLINDEX',901000006,1,null),
(901003153,'CELL小区资源所属机房/位置点是否在空间资源中机房表或位置点表中不存在','wireless-3-5',305,901000007, '无线',11, null,'update CELL t1
                   set dims_col_result=(case when dims_col_result like ''%wireless-3-5%'' then dims_col_result
                                             when dims_col_result is null then ''wireless-3-5''
                                             else dims_col_result||'',wireless-3-5'' end),
                       dims_col_rtName=(case when dims_col_rtName like ''%CELL小区资源所属机房/位置点是否在空间资源中机房表或位置点表中不存在%'' then dims_col_rtName
                                             when dims_col_rtName is null then ''不满足规范:CELL小区资源所属机房/位置点是否在空间资源中机房表或位置点表中不存在''
                                             else dims_col_rtName||'',CELL小区资源所属机房/位置点是否在空间资源中机房表或位置点表中不存在'' end)
                 where isNotNull(t1.related_room_location) and isNotNull(t1.beehive_type) and not exists(select 1 from RM_AREA_RESPOINT t2 where t2.int_id=t1.related_room_location) and not exists(select 1 from RM_AREA_ROOM t3 where t3.int_id=t1.related_room_location)',1, 'admin', 'admin', 'PROC_CHECKONEDYNAMICSQLINDEX',901000007,1,null),
(901003154,'E-UTRANCELL资源所属机房/位置点是否在空间资源中机房表或位置点表中不存在','wireless-3-6',306,901000008, '无线',11, null,'update EUTRANCELL t1
                   set dims_col_result=(case when dims_col_result like ''%wireless-3-6%'' then dims_col_result
                                             when dims_col_result is null then ''wireless-3-6''
                                             else dims_col_result||'',wireless-3-6'' end),
                       dims_col_rtName=(case when dims_col_rtName like ''%E-UTRANCELL资源所属机房/位置点是否在空间资源中机房表或位置点表中不存在%'' then dims_col_rtName
                                             when dims_col_rtName is null then ''不满足规范:E-UTRANCELL资源所属机房/位置点是否在空间资源中机房表或位置点表中不存在''
                                             else dims_col_rtName||'',E-UTRANCELL资源所属机房/位置点是否在空间资源中机房表或位置点表中不存在'' end)
                 where isNotNull(t1.related_room_location) and isNotNull(t1.location_type) and not exists(select 1 from RM_AREA_RESPOINT t2 where t2.int_id=t1.related_room_location) and not exists(select 1 from RM_AREA_ROOM t3 where t3.int_id=t1.related_room_location)',1, 'admin', 'admin', 'PROC_CHECKONEDYNAMICSQLINDEX',901000008,1,null),
(901003155,'NR-CELL资源所属机房/位置点是否在空间资源中机房表或位置点表中不存在','wireless-3-7',307,901000009, '无线',11, null,'update NRCELL t1
                   set dims_col_result=(case when dims_col_result like ''%wireless-3-7%'' then dims_col_result
                                             when dims_col_result is null then ''wireless-3-7''
                                             else dims_col_result||'',wireless-3-7'' end),
                       dims_col_rtName=(case when dims_col_rtName like ''%NR-CELL资源所属机房/位置点是否在空间资源中机房表或位置点表中不存在%'' then dims_col_rtName
                                             when dims_col_rtName is null then ''不满足规范:NR-CELL资源所属机房/位置点是否在空间资源中机房表或位置点表中不存在''
                                             else dims_col_rtName||'',NR-CELL资源所属机房/位置点是否在空间资源中机房表或位置点表中不存在'' end)
                 where isNotNull(t1.related_room_location) and isNotNull(t1.location_type) and not exists(select 1 from RM_AREA_RESPOINT t2 where t2.int_id=t1.related_room_location) and not exists(select 1 from RM_AREA_ROOM t3 where t3.int_id=t1.related_room_location)',1, 'admin', 'admin', 'PROC_CHECKONEDYNAMICSQLINDEX',901000009,1,null),
(901003156,'直放站资源所属信源小区是否在CELL/EUTRANCELL/NR-CELL表中都不存在','wireless-3-8',308,901000021, '无线',11, null,'update RPT t1
                   set dims_col_result=(case when dims_col_result like ''%wireless-3-8%'' then dims_col_result
                                             when dims_col_result is null then ''wireless-3-8''
                                             else dims_col_result||'',wireless-3-8'' end),
                       dims_col_rtName=(case when dims_col_rtName like ''%直放站资源所属信源小区是否在CELL/EUTRANCELL/NR-CELL表中都不存在%'' then dims_col_rtName
                                             when dims_col_rtName is null then ''不满足规范:直放站资源所属信源小区是否在CELL/EUTRANCELL/NR-CELL表中都不存在''
                                             else dims_col_rtName||'',直放站资源所属信源小区是否在CELL/EUTRANCELL/NR-CELL表中都不存在'' end)
                 where isNotNull(t1.related_cell) and not exists(select 1 from CELL t2 where isNotNull(t2.int_id) and t1.related_cell~t2.int_id) and not exists(select 1 from EUTRANCELL t3 where isNotNull(t3.int_id) and t1.related_cell~t3.int_id) and not exists(select 1 from NRCELL t4 where isNotNull(t4.int_id) and t1.related_cell~t4.int_id)',1, 'admin', 'admin', 'PROC_CHECKONEDYNAMICSQLINDEX',901000021,1,null),
(901003157,'直放站资源所属机房/位置点是否在空间资源中机房表或位置点表中不存在','wireless-3-9',309,901000021, '无线',11, null,'update RPT t1
                   set dims_col_result=(case when dims_col_result like ''%wireless-3-9%'' then dims_col_result
                                             when dims_col_result is null then ''wireless-3-9''
                                             else dims_col_result||'',wireless-3-9'' end),
                       dims_col_rtName=(case when dims_col_rtName like ''%直放站资源所属机房/位置点是否在空间资源中机房表或位置点表中不存在%'' then dims_col_rtName
                                             when dims_col_rtName is null then ''不满足规范:直放站资源所属机房/位置点是否在空间资源中机房表或位置点表中不存在''
                                             else dims_col_rtName||'',直放站资源所属机房/位置点是否在空间资源中机房表或位置点表中不存在'' end)
                 where isNotNull(t1.related_room_location) and isNotNull(t1.location_type) and not exists(select 1 from RM_AREA_RESPOINT t2 where t2.int_id=t1.related_room_location) and not exists(select 1 from RM_AREA_ROOM t3 where t3.int_id=t1.related_room_location)',1, 'admin', 'admin', 'PROC_CHECKONEDYNAMICSQLINDEX',901000021,1,null),
(901003158,'铁塔资源所属机房/位置点是否在空间资源中机房表或位置点表中不存在','wireless-3-10',310,901000020, '无线',11, null,'update TOWER t1
                   set dims_col_result=(case when dims_col_result like ''%wireless-3-10%'' then dims_col_result
                                             when dims_col_result is null then ''wireless-3-10''
                                             else dims_col_result||'',wireless-3-10'' end),
                       dims_col_rtName=(case when dims_col_rtName like ''%铁塔资源所属机房/位置点是否在空间资源中机房表或位置点表中不存在%'' then dims_col_rtName
                                             when dims_col_rtName is null then ''铁塔资源所属机房/位置点是否在空间资源中机房表或位置点表中不存在''
                                             else dims_col_rtName||'',铁塔资源所属机房/位置点是否在空间资源中机房表或位置点表中不存在'' end)
                 where isNotNull(t1.related_room_location) and isNotNull(t1.location_type) and not exists(select 1 from RM_AREA_RESPOINT t2 where t2.int_id=t1.related_room_location) and not exists(select 1 from RM_AREA_ROOM t3 where t3.int_id=t1.related_room_location)',1, 'admin', 'admin', 'PROC_CHECKONEDYNAMICSQLINDEX',901000020,1,null),
(901003159,'分布系统资源所属基站是否在BTS/E-NODEB/G-NODEB表中不存在','wireless-3-11',311,901000022, '无线',11, null,'update SPEARD t1
                   set dims_col_result=(case when dims_col_result like ''%wireless-3-11%'' then dims_col_result
                                             when dims_col_result is null then ''wireless-3-11''
                                             else dims_col_result||'',wireless-3-11'' end),
                       dims_col_rtName=(case when dims_col_rtName like ''%分布系统资源所属基站是否在BTS/E-NODEB/G-NODEB表中不存在%'' then dims_col_rtName
                                             when dims_col_rtName is null then ''不满足规范:分布系统资源所属基站是否在BTS/E-NODEB/G-NODEB表中不存在''
                                             else dims_col_rtName||'',分布系统资源所属基站是否在BTS/E-NODEB/G-NODEB表中不存在'' end)
                 where isNotNull(t1.related_bs) and not exists(select 1 from BTS t2 where isNotNull(t2.int_id) and t1.related_bs~t2.int_id) and not exists(select 1 from ENODEB t3 where isNotNull(t3.int_id) and t1.related_bs~t3.int_id) and not exists(select 1 from GNODEB t4 where isNotNull(t4.int_id) and t1.related_bs~t4.int_id)',1, 'admin', 'admin', 'PROC_CHECKONEDYNAMICSQLINDEX',901000022,1,null),
(901003160,'分布系统资源所属位置点是否在位置点表中不存在','wireless-3-12',312,901000022, '无线',11, null,'update SPEARD t1
                   set dims_col_result=(case when dims_col_result like ''%wireless-3-12%'' then dims_col_result
                                             when dims_col_result is null then ''wireless-3-12''
                                             else dims_col_result||'',wireless-3-12'' end),
                       dims_col_rtName=(case when dims_col_rtName like ''%分布系统资源所属位置点是否在位置点表中不存在%'' then dims_col_rtName
                                             when dims_col_rtName is null then ''分布系统资源所属位置点是否在位置点表中不存在''
                                             else dims_col_rtName||'',分布系统资源所属位置点是否在位置点表中不存在'' end)
                 where isNotNull(t1.related_location) and not exists(select 1 from RM_AREA_RESPOINT t2 where t2.int_id=t1.related_location)',1, 'admin', 'admin', 'PROC_CHECKONEDYNAMICSQLINDEX',901000022,1,null),
(901003161,'CELL小区资源所属BTS是否在BTS表中不存在','wireless-3-13',313,901000007, '无线',11, null,'update CELL t1
                   set dims_col_result=(case when dims_col_result like ''%wireless-3-13%'' then dims_col_result
                                             when dims_col_result is null then ''wireless-3-13''
                                             else dims_col_result||'',wireless-3-13'' end),
                       dims_col_rtName=(case when dims_col_rtName like ''%CELL小区资源所属BTS是否在BTS表中不存在%'' then dims_col_rtName
                                             when dims_col_rtName is null then ''CELL小区资源所属BTS是否在BTS表中不存在''
                                             else dims_col_rtName||'',CELL小区资源所属BTS是否在BTS表中不存在'' end)
                 where isNotNull(t1.related_bs) and not exists(select 1 from BTS t2 where t2.int_id=t1.related_bs)',1, 'admin', 'admin', 'PROC_CHECKONEDYNAMICSQLINDEX',901000007,1,null),
(901003162,'E-UTRANCELL小区资源所属基站是否在E-NODEB表中不存在','wireless-3-14',314,901000008, '无线',11, null,'update EUTRANCELL t1
                   set dims_col_result=(case when dims_col_result like ''%wireless-3-14%'' then dims_col_result
                                             when dims_col_result is null then ''wireless-3-14''
                                             else dims_col_result||'',wireless-3-14'' end),
                       dims_col_rtName=(case when dims_col_rtName like ''%E-UTRANCELL小区资源所属基站是否在E-NODEB表中不存在%'' then dims_col_rtName
                                             when dims_col_rtName is null then ''E-UTRANCELL小区资源所属基站是否在E-NODEB表中不存在''
                                             else dims_col_rtName||'',E-UTRANCELL小区资源所属基站是否在E-NODEB表中不存在'' end)
                 where isNotNull(t1.related_bs) and not exists(select 1 from ENODEB t2 where t2.int_id=t1.related_bs)',1, 'admin', 'admin', 'PROC_CHECKONEDYNAMICSQLINDEX',901000008,1,null),
(901003163,'NR-CELL小区资源所属基站是否在G-NODEB表中不存在','wireless-3-15',315,901000009, '无线',11, null,'update NRCELL t1
                   set dims_col_result=(case when dims_col_result like ''%wireless-3-15%'' then dims_col_result
                                             when dims_col_result is null then ''wireless-3-15''
                                             else dims_col_result||'',wireless-3-15'' end),
                       dims_col_rtName=(case when dims_col_rtName like ''%NR-CELL小区资源所属基站是否在G-NODEB表中不存在%'' then dims_col_rtName
                                             when dims_col_rtName is null then ''NR-CELL小区资源所属基站是否在G-NODEB表中不存在''
                                             else dims_col_rtName||'',NR-CELL小区资源所属基站是否在G-NODEB表中不存在'' end)
                 where isNotNull(t1.related_bs) and not exists(select 1 from GNODEB t2 where t2.int_id=t1.related_bs)',1, 'admin', 'admin', 'PROC_CHECKONEDYNAMICSQLINDEX',901000009,1,null),
(901003164,'BTS基站资源的所属核心设备是否在核心资源表中不存在','wireless-3-16',316,901000003, '无线',11, null,'update BTS t1
                   set dims_col_result=(case when dims_col_result like ''%wireless-3-16%'' then dims_col_result
                                             when dims_col_result is null then ''wireless-3-16''
                                             else dims_col_result||'',wireless-3-16'' end),
                       dims_col_rtName=(case when dims_col_rtName like ''%BTS基站资源的所属核心设备是否在核心资源表中不存在%'' then dims_col_rtName
                                             when dims_col_rtName is null then ''不满足规范:BTS基站资源的所属核心设备是否在核心资源表中不存在''
                                             else dims_col_rtName||'',BTS基站资源的所属核心设备是否在核心资源表中不存在'' end)
                 where isNotNull(t1.related_bsc) and not exists(select 1 from BSC t2 where t2.userlabel=t1.related_bsc)',1, 'admin', 'admin', 'PROC_CHECKONEDYNAMICSQLINDEX',901000003,1,null),
(901003165, 'E-NODEB基站资源的所属核心设备是否在核心资源表中不存在','wireless-3-17',317,901000004, '无线',11, null,'update ENODEB t1
                   set dims_col_result=(case when dims_col_result like ''%wireless-3-17%'' then dims_col_result
                                             when dims_col_result is null then ''wireless-3-17''
                                             else dims_col_result||'',wireless-3-17'' end),
                       dims_col_rtName=(case when dims_col_rtName like ''%E-NODEB基站资源的所属核心设备是否在核心资源表中不存在%'' then dims_col_rtName
                                             when dims_col_rtName is null then ''不满足规范:E-NODEB基站资源的所属核心设备是否在核心资源表中不存在''
                                             else dims_col_rtName||'',E-NODEB基站资源的所属核心设备是否在核心资源表中不存在'' end)
                 where isNotNull(t1.related_bsc) and not exists(select 1 from PS_MME t2 where t2.int_id=t1.related_bsc) and not exists(select 1 from PS_POOL t3 where t3.int_id=t1.related_bsc) ',1, 'admin', 'admin', 'PROC_CHECKONEDYNAMICSQLINDEX',901000004,1,null),
(901003166,'G-NODEB基站资源的所属核心设备是否在核心资源表中不存在','wireless-3-18',318,901000005, '无线',11, null,'update GNODEB t1
                   set dims_col_result=(case when dims_col_result like ''%wireless-3-18%'' then dims_col_result
                                             when dims_col_result is null then ''wireless-3-18''
                                             else dims_col_result||'',wireless-3-18'' end),
                       dims_col_rtName=(case when dims_col_rtName like ''%G-NODEB基站资源的所属核心设备是否在核心资源表中不存在%'' then dims_col_rtName
                                             when dims_col_rtName is null then ''不满足规范:G-NODEB基站资源的所属核心设备是否在核心资源表中不存在''
                                             else dims_col_rtName||'',G-NODEB基站资源的所属核心设备是否在核心资源表中不存在'' end)
                 where isNotNull(t1.related_bsc) and not exists(select 1 from PS_MME t2 where t2.int_id=t1.related_bsc) and not exists(select 1 from PS_POOL t3 where t3.int_id=t1.related_bsc) ',1, 'admin', 'admin', 'PROC_CHECKONEDYNAMICSQLINDEX',901000005,1,null),
(901003167,'BBU所属基站是否在BTS、E-NODEB、G-NODEB表中都不存在','wireless-3-19',319,901000011, '无线',11, null,'update BBU t1
                   set dims_col_result=(case when dims_col_result like ''%wireless-3-19%'' then dims_col_result
                                             when dims_col_result is null then ''wireless-3-19''
                                             else dims_col_result||'',wireless-3-19'' end),
                       dims_col_rtName=(case when dims_col_rtName like ''%BBU所属基站是否在BTS、E-NODEB、G-NODEB表中都不存在%'' then dims_col_rtName
                                             when dims_col_rtName is null then ''不满足规范:BBU所属基站是否在BTS、E-NODEB、G-NODEB表中都不存在''
                                             else dims_col_rtName||'',BBU所属基站是否在BTS、E-NODEB、G-NODEB表中都不存在'' end)
                 where isNotNull(t1.related_bs) and not exists(select 1 from BTS t2 where isNotNull(t2.int_id) and t1.related_bs~t2.int_id) and not exists(select 1 from ENODEB t3 where isNotNull(t3.int_id) and t1.related_bs~t3.int_id) and not exists(select 1 from GNODEB t4 where isNotNull(t4.int_id) and t1.related_bs~t4.int_id)',1, 'admin', 'admin', 'PROC_CHECKONEDYNAMICSQLINDEX',901000011,1,null),
(901003168,'RRU资源所属机房/位置点是否在空间资源中机房表或位置点表中都不存在','wireless-3-20',320,901000012, '无线',11, null,'update RRU t1
                   set dims_col_result=(case when dims_col_result like ''%wireless-3-20%'' then dims_col_result
                                             when dims_col_result is null then ''wireless-3-20''
                                             else dims_col_result||'',wireless-3-20'' end),
                       dims_col_rtName=(case when dims_col_rtName like ''%RRU资源所属机房/位置点是否在空间资源中机房表或位置点表中都不存在%'' then dims_col_rtName
                                             when dims_col_rtName is null then ''RRU资源所属机房/位置点是否在空间资源中机房表或位置点表中都不存在''
                                             else dims_col_rtName||'',RRU资源所属机房/位置点是否在空间资源中机房表或位置点表中都不存在'' end)
                 where isNotNull(t1.related_room_location) and isNotNull(t1.location_type) and not exists(select 1 from RM_AREA_RESPOINT t2 where t2.int_id=t1.related_room_location) and not exists(select 1 from RM_AREA_ROOM t3 where t3.int_id=t1.related_room_location)',1, 'admin', 'admin', 'PROC_CHECKONEDYNAMICSQLINDEX',901000012,1,null),
(901003169,'RRU资源所属小区是否在CELL、E-UTRANCELL表中都不存在','wireless-3-21',321,901000012, '无线',11, null,'update SPEARD t1
                   set dims_col_result=(case when dims_col_result like ''%wireless-3-21%'' then dims_col_result
                                             when dims_col_result is null then ''wireless-3-21''
                                             else dims_col_result||'',wireless-3-21'' end),
                       dims_col_rtName=(case when dims_col_rtName like ''%RRU资源所属小区是否在CELL、E-UTRANCELL表中都不存在%'' then dims_col_rtName
                                             when dims_col_rtName is null then ''不满足规范:RRU资源所属小区是否在CELL、E-UTRANCELL表中都不存在''
                                             else dims_col_rtName||'',RRU资源所属小区是否在CELL、E-UTRANCELL表中都不存在'' end)
                 where isNotNull(t1.related_cell) and not exists(select 1 from CELL t2 where isNotNull(t2.int_id) and t1.related_cell~t2.int_id) and not exists(select 1 from EUTRANCELL t3 where isNotNull(t3.int_id) and t1.related_cell~t3.int_id) ',1, 'admin', 'admin', 'PROC_CHECKONEDYNAMICSQLINDEX',901000012,1,null),
(901003170,'无线CU资源所属机房/位置点是否在空间资源中机房表或位置点表中都不存在','wireless-3-22',322,901000013, '无线',11, null,'update CU t1
                   set dims_col_result=(case when dims_col_result like ''%wireless-3-22%'' then dims_col_result
                                             when dims_col_result is null then ''wireless-3-22''
                                             else dims_col_result||'',wireless-3-22'' end),
                       dims_col_rtName=(case when dims_col_rtName like ''%无线CU资源所属机房/位置点是否在空间资源中机房表或位置点表中都不存在%'' then dims_col_rtName
                                             when dims_col_rtName is null then ''无线CU资源所属机房/位置点是否在空间资源中机房表或位置点表中都不存在''
                                             else dims_col_rtName||'',无线CU资源所属机房/位置点是否在空间资源中机房表或位置点表中都不存在'' end)
                 where isNotNull(t1.related_room_location) and isNotNull(t1.location_type) and not exists(select 1 from RM_AREA_RESPOINT t2 where t2.int_id=t1.related_room_location) and not exists(select 1 from RM_AREA_ROOM t3 where t3.int_id=t1.related_room_location)',1, 'admin', 'admin', 'PROC_CHECKONEDYNAMICSQLINDEX',901000013,1,null),
(901003171,'无线DU资源所属机房/位置点是否在空间资源中机房表或位置点表中都不存在','wireless-3-23',323,901000014, '无线',11, null,'update RRU t1
                   set dims_col_result=(case when dims_col_result like ''%wireless-3-23%'' then dims_col_result
                                             when dims_col_result is null then ''wireless-3-23''
                                             else dims_col_result||'',wireless-3-23'' end),
                       dims_col_rtName=(case when dims_col_rtName like ''%无线DU资源所属机房/位置点是否在空间资源中机房表或位置点表中都不存在%'' then dims_col_rtName
                                             when dims_col_rtName is null then ''无线DU资源所属机房/位置点是否在空间资源中机房表或位置点表中都不存在''
                                             else dims_col_rtName||'',无线DU资源所属机房/位置点是否在空间资源中机房表或位置点表中都不存在'' end)
                 where isNotNull(t1.related_room_location) and isNotNull(t1.location_type) and not exists(select 1 from RM_AREA_RESPOINT t2 where t2.int_id=t1.related_room_location) and not exists(select 1 from RM_AREA_ROOM t3 where t3.int_id=t1.related_room_location)',1, 'admin', 'admin', 'PROC_CHECKONEDYNAMICSQLINDEX',901000014,1,null),
(901003172,'无线AAU资源所属机房/位置点是否在空间资源中机房表或位置点表中都不存在','wireless-3-24',324,901000015, '无线',11, null,'update AAU t1
                   set dims_col_result=(case when dims_col_result like ''%wireless-3-24%'' then dims_col_result
                                             when dims_col_result is null then ''wireless-3-24''
                                             else dims_col_result||'',wireless-3-24'' end),
                       dims_col_rtName=(case when dims_col_rtName like ''%无线AAU资源所属机房/位置点是否在空间资源中机房表或位置点表中都不存在%'' then dims_col_rtName
                                             when dims_col_rtName is null then ''无线AAU资源所属机房/位置点是否在空间资源中机房表或位置点表中都不存在''
                                             else dims_col_rtName||'',无线AAU资源所属机房/位置点是否在空间资源中机房表或位置点表中都不存在'' end)
                 where isNotNull(t1.related_room_location) and isNotNull(t1.location_type) and not exists(select 1 from RM_AREA_RESPOINT t2 where t2.int_id=t1.related_room_location) and not exists(select 1 from RM_AREA_ROOM t3 where t3.int_id=t1.related_room_location)',1, 'admin', 'admin', 'PROC_CHECKONEDYNAMICSQLINDEX',901000015,1,null),
(901003173,'无线DU资源所属基站是否在G-NODEB表中不存在','wireless-3-25',325,901000014, '无线',11, null,'update DU t1
                   set dims_col_result=(case when dims_col_result like ''%wireless-3-25%'' then dims_col_result
                                             when dims_col_result is null then ''wireless-3-25''
                                             else dims_col_result||'',wireless-3-25'' end),
                       dims_col_rtName=(case when dims_col_rtName like ''%无线DU资源所属基站是否在G-NODEB表中不存在%'' then dims_col_rtName
                                             when dims_col_rtName is null then ''无线DU资源所属基站是否在G-NODEB表中不存在''
                                             else dims_col_rtName||'',无线DU资源所属基站是否在G-NODEB表中不存在'' end)
                 where isNotNull(t1.related_bs) and not exists(select 1 from GNODEB t2 where isNotNull(t2.int_id) and t1.related_bs~t2.int_id )',1, 'admin', 'admin', 'PROC_CHECKONEDYNAMICSQLINDEX',901000014,1,null),
(901003174,'无线DU资源所属CU资源是否在无线CU资源中不存在','wireless-3-26',326,901000014, '无线',11, null,'update DU t1
                   set dims_col_result=(case when dims_col_result like ''%wireless-3-26%'' then dims_col_result
                                             when dims_col_result is null then ''wireless-3-26''
                                             else dims_col_result||'',wireless-3-26'' end),
                       dims_col_rtName=(case when dims_col_rtName like ''%无线DU资源所属CU资源是否在无线CU资源中不存在%'' then dims_col_rtName
                                             when dims_col_rtName is null then ''无线DU资源所属CU资源是否在无线CU资源中不存在''
                                             else dims_col_rtName||'',无线DU资源所属CU资源是否在无线CU资源中不存在'' end)
                 where isNotNull(t1.related_cu) and not exists(select 1 from CU t2 where t2.int_id=t1.related_cu)',1, 'admin', 'admin', 'PROC_CHECKONEDYNAMICSQLINDEX',901000014,1,null),
(901003175,'无线AAU资源关联小区是否在NR-CELL表中不存在','wireless-3-27',327,901000015, '无线',11, null,'update AAU t1
                   set dims_col_result=(case when dims_col_result like ''%wireless-3-27%'' then dims_col_result
                                             when dims_col_result is null then ''wireless-3-27''
                                             else dims_col_result||'',wireless-3-27'' end),
                       dims_col_rtName=(case when dims_col_rtName like ''%无线AAU资源关联小区是否在NR-CELL表中不存在%'' then dims_col_rtName
                                             when dims_col_rtName is null then ''无线AAU资源关联小区是否在NR-CELL表中不存在''
                                             else dims_col_rtName||'',无线AAU资源关联小区是否在NR-CELL表中不存在'' end)
                 where isNotNull(t1.related_cell) and not exists(select 1 from NRCELL t2 where isNotNull(t2.int_id) and t1.related_cell~t2.int_id)',1, 'admin', 'admin', 'PROC_CHECKONEDYNAMICSQLINDEX',901000015,1,null),
(901003176,'无线板卡资源所属网元是否在BSC/BTS/ENODEB/GNODEB表中都不存在','wireless-3-28',328,901000016, '无线',11, null,'update BOARD t1
                   set dims_col_result=(case when dims_col_result like ''%wireless-3-28%'' then dims_col_result
                                             when dims_col_result is null then ''wireless-3-28''
                                             else dims_col_result||'',wireless-3-28'' end),
                       dims_col_rtName=(case when dims_col_rtName like ''%无线板卡资源所属网元是否在BSC/BTS/ENODEB/GNODEB表中都不存在%'' then dims_col_rtName
                                             when dims_col_rtName is null then ''无线板卡资源所属网元是否在BSC/BTS/ENODEB/GNODEB表中都不存在''
                                             else dims_col_rtName||'',无线板卡资源所属网元是否在BSC/BTS/ENODEB/GNODEB表中都不存在'' end)
where isNotNull(t1.related_bs) and  not exists(select 1 from BSC t2 where isNotNull(t2.int_id) and t1.related_bs~t2.int_id) and not exists(select 1 from BTS t3 where isNotNull(t3.int_id) and t1.related_bs~t3.int_id) and not exists(select 1 from ENODEB t4 where isNotNull(t4.int_id) and t1.related_bs~t4.int_id) and not exists(select 1 from GNODEB t5 where isNotNull(t5.int_id) and t1.related_bs~t5.int_id)',1, 'admin', 'admin', 'PROC_CHECKONEDYNAMICSQLINDEX',901000016,1,null),
(901003177,'无线端口资源所属网元是否在BSC/BTS/ENODEB/GNODEB表中都不存在','wireless-3-29',329,901000017, '无线',11, null,'update PORT t1
                   set dims_col_result=(case when dims_col_result like ''%wireless-3-29%'' then dims_col_result
                                             when dims_col_result is null then ''wireless-3-29''
                                             else dims_col_result||'',wireless-3-29'' end),
                       dims_col_rtName=(case when dims_col_rtName like ''%无线端口资源所属网元是否在BSC/BTS/ENODEB/GNODEB表中都不存在%'' then dims_col_rtName
                                             when dims_col_rtName is null then ''无线端口资源所属网元是否在BSC/BTS/ENODEB/GNODEB表中都不存在''
                                             else dims_col_rtName||'',无线端口资源所属网元是否在BSC/BTS/ENODEB/GNODEB表中都不存在'' end)
                 where isNotNull(t1.related_ne) and not exists(select 1 from BSC t2 where isNotNull(t2.int_id) and t1.related_ne~t2.int_id) and not exists(select 1 from BTS t3 where isNotNull(t3.int_id) and t1.related_ne~t3.int_id) and not exists(select 1 from ENODEB t4 where isNotNull(t4.int_id) and t1.related_ne~t4.int_id) and not exists(select 1 from GNODEB t5 where isNotNull(t5.int_id) and t1.related_ne~t5.int_id)',1, 'admin', 'admin', 'PROC_CHECKONEDYNAMICSQLINDEX',901000017,1,null),
(901003178,'无线端口资源所属无线侧DDF/ODF端子是否在DDF、ODF端子表中都不存在','wireless-3-30',330,901000017, '无线',11, null,'update PORT t1
                   set dims_col_result=(case when dims_col_result like ''%wireless-3-27%'' then dims_col_result
                                             when dims_col_result is null then ''wireless-3-27''
                                             else dims_col_result||'',wireless-3-27'' end),
                       dims_col_rtName=(case when dims_col_rtName like ''%无线端口资源所属无线侧DDF/ODF端子是否在DDF、ODF端子表中都不存在%'' then dims_col_rtName
                                             when dims_col_rtName is null then ''无线端口资源所属无线侧DDF/ODF端子是否在DDF、ODF端子表中都不存在''
                                             else dims_col_rtName||'',无线端口资源所属无线侧DDF/ODF端子是否在DDF、ODF端子表中都不存在'' end)
                 where isNotNull(t1.fiber_id) and not exists(select 1 from CM_PORT_DDF t2 where  isNotNull(t2.int_id) and t1.fiber_id~t2.int_id ) and not exists(select 1 from CM_PORT_ODF t3 where isNotNull(t3.int_id) and t1.fiber_id~t3.int_id )',1, 'admin', 'admin', 'PROC_CHECKONEDYNAMICSQLINDEX',901000017,1,null),
(901003179,'天线资源所属铁塔是否在铁塔表中都不存在','wireless-3-31',331,901000018, '无线',11, null,'update ANTENNA t1
                   set dims_col_result=(case when dims_col_result like ''%wireless-3-31%'' then dims_col_result
                                             when dims_col_result is null then ''wireless-3-31''
                                             else dims_col_result||'',wireless-3-31'' end),
                       dims_col_rtName=(case when dims_col_rtName like ''%天线资源所属铁塔是否在铁塔表中都不存在%'' then dims_col_rtName
                                             when dims_col_rtName is null then ''天线资源所属铁塔是否在铁塔表中都不存在''
                                             else dims_col_rtName||'',天线资源所属铁塔是否在铁塔表中都不存在'' end)
                 where isNotNull(t1.related_tower) and not exists(select 1 from TOWER t2 where t2.int_id=t1.related_tower)',1, 'admin', 'admin', 'PROC_CHECKONEDYNAMICSQLINDEX',901000018,1,null),
(901003180,'天线资源关联AAU名称是否在AAU表中不存在','wireless-3-32',332,901000018, '无线',11, null,'update ANTENNA t1
                   set dims_col_result=(case when dims_col_result like ''%wireless-3-32%'' then dims_col_result
                                             when dims_col_result is null then ''wireless-3-32''
                                             else dims_col_result||'',wireless-3-32'' end),
                       dims_col_rtName=(case when dims_col_rtName like ''%天线资源关联AAU名称是否在AAU表中不存在%'' then dims_col_rtName
                                             when dims_col_rtName is null then ''天线资源关联AAU名称是否在AAU表中不存在''
                                             else dims_col_rtName||'',天线资源关联AAU名称是否在AAU表中不存在'' end)
                 where isNotNull(t1.related_tower) and not exists(select 1 from AAU t2 where t2.int_id=t1.related_tower)',1, 'admin', 'admin', 'PROC_CHECKONEDYNAMICSQLINDEX',901000018,1,null),
(901003181,'天线工参资源关联小区是否在小区表中不存在','wireless-3-33',333,901000019, '无线',11, null,'update ANTENNAPARA t1
                   set dims_col_result=(case when dims_col_result like ''%wireless-3-33%'' then dims_col_result
                                             when dims_col_result is null then ''wireless-3-33''
                                             else dims_col_result||'',wireless-3-33'' end),
                       dims_col_rtName=(case when dims_col_rtName like ''%天线工参资源关联小区是否在小区表中不存在%'' then dims_col_rtName
                                             when dims_col_rtName is null then ''不满足规范:天线工参资源关联小区是否在小区表中不存在''
                                             else dims_col_rtName||'',天线工参资源关联小区是否在小区表中不存在'' end)
                 where isNotNull(t1.related_cell) and not exists(select 1 from CELL t2 where t2.int_id=t1.related_cell) and not exists(select 1 from EUTRANCELL t3 where t3.int_id=t1.related_cell) and not exists(select 1 from NRCELL t4 where t4.int_id=t1.related_cell)',1, 'admin', 'admin', 'PROC_CHECKONEDYNAMICSQLINDEX',901000019,1,null),
(901003182,'天线工参资源关联天线是否在天线表中不存在','wireless-3-34',334,901000019, '无线',11, null,'update ANTENNAPARA t1
                   set dims_col_result=(case when dims_col_result like ''%wireless-3-34%'' then dims_col_result
                                             when dims_col_result is null then ''wireless-3-34''
                                             else dims_col_result||'',wireless-3-34'' end),
                       dims_col_rtName=(case when dims_col_rtName like ''%天线工参资源关联天线是否在天线表中不存在%'' then dims_col_rtName
                                             when dims_col_rtName is null then ''天线工参资源关联天线是否在天线表中不存在''
                                             else dims_col_rtName||'',天线工参资源关联天线是否在天线表中不存在'' end)
                 where isNotNull(t1.related_antenna) and not exists(select 1 from ANTENNA t2 where t2.int_id=t1.related_antenna)',1, 'admin', 'admin', 'PROC_CHECKONEDYNAMICSQLINDEX',901000019,1,null),
(901003183,'扼流圈天线资源所属铁塔是否在所属铁塔表中不存在','wireless-3-35',335,901000010, '无线',11, null,null,2, 'admin', 'admin', 'PROC_CHECKONEDYNAMICSQLINDEX',901000010,1,null),
(901003184,'扼流圈天线资源所属RTK基准站是否在所属RTK基准站表中不存在','wireless-3-36',336,901000010, '无线',11, null,null,2, 'admin', 'admin', 'PROC_CHECKONEDYNAMICSQLINDEX',901000010,1,null),
(901003185,'BTS基站下无小区','wireless-3-37-0',337,901000003, '无线',11, null,'update BTS t1
                   set dims_col_result=(case when dims_col_result like ''%wireless-3-37-0%'' then dims_col_result
                                             when dims_col_result is null then ''wireless-3-37-0''
                                             else dims_col_result||'',wireless-3-37-0'' end),
                       dims_col_rtName=(case when dims_col_rtName like ''%BTS基站下无小区%'' then dims_col_rtName
                                             when dims_col_rtName is null then ''BTS基站下无小区''
                                             else dims_col_rtName||'',BTS基站下无小区'' end)
                 where isNotNull(t1.int_id) and not exists(select 1 from CELL t2 where isNotNull(t2.related_bs) and t2.related_bs=t1.int_id)',1, 'admin', 'admin', 'PROC_CHECKONEDYNAMICSQLINDEX',901000003,1,null),
(901003186,'ENODEB基站下无小区','wireless-3-37-1',338,901000004, '无线',11, null,'update ENODEB t1
                   set dims_col_result=(case when dims_col_result like ''%wireless-3-37-1%'' then dims_col_result
                                             when dims_col_result is null then ''wireless-3-37-1''
                                             else dims_col_result||'',wireless-3-37-1'' end),
                       dims_col_rtName=(case when dims_col_rtName like ''%ENODEB基站下无小区%'' then dims_col_rtName
                                             when dims_col_rtName is null then ''ENODEB基站下无小区''
                                             else dims_col_rtName||'',ENODEB基站下无小区'' end)
                 where isNotNull(t1.int_id) and not exists(select 1 from EUTRANCELL t2 where isNotNull(t2.related_bs) and t2.related_bs=t1.int_id)',1, 'admin', 'admin', 'PROC_CHECKONEDYNAMICSQLINDEX',901000004,1,null),
(901003187,'GNODEB基站下无小区','wireless-3-37-2',339,901000005, '无线',11, null,'update GNODEB t1
                   set dims_col_result=(case when dims_col_result like ''%wireless-3-37-2%'' then dims_col_result
                                             when dims_col_result is null then ''wireless-3-37-2''
                                             else dims_col_result||'',wireless-3-37-2'' end),
                       dims_col_rtName=(case when dims_col_rtName like ''%GNODEB基站下无小区%'' then dims_col_rtName
                                             when dims_col_rtName is null then ''GNODEB基站下无小区''
                                             else dims_col_rtName||'',GNODEB基站下无小区'' end)
                 where isNotNull(t1.int_id) and not exists(select 1 from NRCELL t2 where isNotNull(t2.related_bs) and t2.related_bs=t1.int_id)',1, 'admin', 'admin', 'PROC_CHECKONEDYNAMICSQLINDEX',901000005,1,null),
(901003188,'小区下无天线','wireless-3-38',340,901000018, '无线',11, null,null,2, 'admin', 'admin', 'PROC_CHECKONEDYNAMICSQLINDEX',901000018,1,null),
(901003189,'CELL小区下无天线工参','wireless-3-39-0',341,901000007, '无线',11, null,'update CELL t1
                   set dims_col_result=(case when dims_col_result like ''%wireless-3-39-0%'' then dims_col_result
                                             when dims_col_result is null then ''wireless-3-39-0''
                                             else dims_col_result||'',wireless-3-39-0'' end),
                       dims_col_rtName=(case when dims_col_rtName like ''%CELL小区下无天线工参%'' then dims_col_rtName
                                             when dims_col_rtName is null then ''CELL小区下无天线工参''
                                             else dims_col_rtName||'',CELL小区下无天线工参'' end)
                where isNotNull(t1.int_id) and not exists(select 1 from ANTENNAPARA t2 where isNotNull(t2.related_cell) and t2.related_cell=t1.int_id)',1, 'admin', 'admin', 'PROC_CHECKONEDYNAMICSQLINDEX',901000007,1,null),
(901003190,'EUTRANCELL小区下无天线工参','wireless-3-39-1',342,901000008, '无线',11, null,'update EUTRANCELL t1
                   set dims_col_result=(case when dims_col_result like ''%wireless-3-39-1%'' then dims_col_result
                                             when dims_col_result is null then ''wireless-3-39-1''
                                             else dims_col_result||'',wireless-3-39-1'' end),
                       dims_col_rtName=(case when dims_col_rtName like ''%EUTRANCELL小区下无天线工参%'' then dims_col_rtName
                                             when dims_col_rtName is null then ''EUTRANCELL小区下无天线工参''
                                             else dims_col_rtName||'',EUTRANCELL小区下无天线工参'' end)
                 where isNotNull(t1.int_id) and not exists(select 1 from ANTENNAPARA t2 where isNotNull(t2.related_cell) and t2.related_cell=t1.int_id)',1, 'admin', 'admin', 'PROC_CHECKONEDYNAMICSQLINDEX',901000008,1,null),
(901003191,'NRCELL小区下无天线工参','wireless-3-39-2',343,901000009, '无线',11, null,'update NRCELL t1
                   set dims_col_result=(case when dims_col_result like ''%wireless-3-39-2%'' then dims_col_result
                                             when dims_col_result is null then ''wireless-3-39-2''
                                             else dims_col_result||'',wireless-3-39-2'' end),
                       dims_col_rtName=(case when dims_col_rtName like ''%NRCELL小区下无天线工参%'' then dims_col_rtName
                                             when dims_col_rtName is null then ''NRCELL小区下无天线工参''
                                             else dims_col_rtName||'',NRCELL小区下无天线工参'' end)
                 where isNotNull(t1.int_id) and not exists(select 1 from ANTENNAPARA t2 where isNotNull(t2.related_cell) and t2.related_cell=t1.int_id)',1, 'admin', 'admin', 'PROC_CHECKONEDYNAMICSQLINDEX',901000009,1,null),
(901003192, '2G基站无归属的BBU', 'wireless-3-40-0',344,901000003, '无线',11, null,'update BTS t1
                   set dims_col_result=(case when dims_col_result like ''%wireless-3-40-0%'' then dims_col_result
                                             when dims_col_result is null then ''wireless-3-40-0''
                                             else dims_col_result||'',wireless-3-40-0'' end),
                       dims_col_rtName=(case when dims_col_rtName like ''%2G基站无归属的BBU%'' then dims_col_rtName
                                             when dims_col_rtName is null then ''2G基站无归属的BBU''
                                             else dims_col_rtName||'',2G基站无归属的BBU'' end)
                 where isNotNull(t1.int_id) and not exists(select 1 from BBU t2 where isNotNull(t2.related_bs) and t2.related_bs~t1.int_id)',1, 'admin', 'admin', 'PROC_CHECKONEDYNAMICSQLINDEX',901000003,1,null),
(901003193, '4G基站无归属的BBU', 'wireless-3-40-1',345,901000004, '无线',11, null,'update ENODEB t1
                   set dims_col_result=(case when dims_col_result like ''%wireless-3-40-1%'' then dims_col_result
                                             when dims_col_result is null then ''wireless-3-40-1''
                                             else dims_col_result||'',wireless-3-40-1'' end),
                       dims_col_rtName=(case when dims_col_rtName like ''%4G基站无归属的BBU%'' then dims_col_rtName
                                             when dims_col_rtName is null then ''4G基站无归属的BBU''
                                             else dims_col_rtName||'',4G基站无归属的BBU'' end)
                 where isNotNull(t1.int_id) and not exists(select 1 from BBU t2 where isNotNull(t2.related_bs) and t2.related_bs~t1.int_id)',1, 'admin', 'admin', 'PROC_CHECKONEDYNAMICSQLINDEX',901000004,1,null),
(901003194, '4G小区下无RRU或AAU', 'wireless-3-41-0',346,901000004, '无线',11, null,'update EUTRANCELL t1
                   set dims_col_result=(case when dims_col_result like ''%wireless-3-41-0%'' then dims_col_result
                                             when dims_col_result is null then ''wireless-3-41-0''
                                             else dims_col_result||'',wireless-3-41-0'' end),
                       dims_col_rtName=(case when dims_col_rtName like ''%4G小区下无RRU或AAU%'' then dims_col_rtName
                                             when dims_col_rtName is null then ''4G小区下无RRU或AAU''
                                             else dims_col_rtName||'',4G小区下无RRU或AAU'' end)
                 where isNotNull(t1.int_id) and not exists(select 1 from RRU t2 where isNotNull(t2.related_cell) and t2.related_cell~t1.int_id) and not exists(select 1 from AAU t3 where isNotNull(t3.related_cell) and t3.related_cell~t1.int_id)',1, 'admin', 'admin', 'PROC_CHECKONEDYNAMICSQLINDEX',901000004,1,null),
(901003195, '5G小区下无RRU或AAU', 'wireless-3-41-1',347,901000005, '无线',11, null,'update NRCELL t1
                   set dims_col_result=(case when dims_col_result like ''%wireless-3-41-1%'' then dims_col_result
                                             when dims_col_result is null then ''wireless-3-41-1''
                                             else dims_col_result||'',wireless-3-41-1'' end),
                       dims_col_rtName=(case when dims_col_rtName like ''%5G小区下无RRU或AAU%'' then dims_col_rtName
                                             when dims_col_rtName is null then ''5G小区下无RRU或AAU''
                                             else dims_col_rtName||'',5G小区下无RRU或AAU'' end)
                 where isNotNull(t1.int_id) and not exists(select 1 from RRU t2 where isNotNull(t2.related_cell) and t2.related_cell~t1.int_id) and not exists(select 1 from AAU t3 where isNotNull(t3.related_cell) and t3.related_cell~t1.int_id)',1, 'admin', 'admin', 'PROC_CHECKONEDYNAMICSQLINDEX',901000005,1,null),
(901003196,'2G基站下无板卡','wireless-3-42-0',348,901000003, '无线',11, null,'update BTS t1
                   set dims_col_result=(case when dims_col_result like ''%wireless-3-42-0%'' then dims_col_result
                                             when dims_col_result is null then ''wireless-3-42-0''
                                             else dims_col_result||'',wireless-3-42-0'' end),
                       dims_col_rtName=(case when dims_col_rtName like ''%2G基站下无板卡%'' then dims_col_rtName
                                             when dims_col_rtName is null then ''2G基站下无板卡''
                                             else dims_col_rtName||'',2G基站下无板卡'' end)
                  where isNotNull(t1.int_id) and not exists(select 1 from BOARD t2 where isNotNull(t2.related_bs) and t2.related_bs~t1.int_id)',1, 'admin', 'admin', 'PROC_CHECKONEDYNAMICSQLINDEX',901000003,1,null),
(901003197,'4G基站下无板卡','wireless-3-42-1',349,901000004, '无线',11, null,'update ENODEB t1
                   set dims_col_result=(case when dims_col_result like ''%wireless-3-40-1%'' then dims_col_result
                                             when dims_col_result is null then ''wireless-3-40-1''
                                             else dims_col_result||'',wireless-3-40-1'' end),
                       dims_col_rtName=(case when dims_col_rtName like ''%4G基站下无板卡%'' then dims_col_rtName
                                             when dims_col_rtName is null then ''4G基站下无板卡''
                                             else dims_col_rtName||'',4G基站下无板卡'' end)
                  where isNotNull(t1.int_id) and not exists(select 1 from BOARD t2 where isNotNull(t2.related_bs) and t2.related_bs~t1.int_id)',1, 'admin', 'admin', 'PROC_CHECKONEDYNAMICSQLINDEX',901000004,1,null),
(901003198,'5G基站下无板卡','wireless-3-42-2',350,901000005, '无线',11, null,'update GNODEB t1
                   set dims_col_result=(case when dims_col_result like ''%wireless-3-40-2%'' then dims_col_result
                                             when dims_col_result is null then ''wireless-3-40-2''
                                             else dims_col_result||'',wireless-3-40-2'' end),
                       dims_col_rtName=(case when dims_col_rtName like ''%5G基站下无板卡%'' then dims_col_rtName
                                             when dims_col_rtName is null then ''5G基站下无板卡''
                                             else dims_col_rtName||'',5G基站下无板卡'' end)
                  where isNotNull(t1.int_id) and not exists(select 1 from BOARD t2 where isNotNull(t2.related_bs) and t2.related_bs~t1.int_id)',1, 'admin', 'admin', 'PROC_CHECKONEDYNAMICSQLINDEX',901000005,1,null),
(901003199,'5G基站下无DU或BBU','wireless-3-43',351,901000005, '无线',11, null,'update GNODEB t1
                   set dims_col_result=(case when dims_col_result like ''%wireless-3-43%'' then dims_col_result
                                             when dims_col_result is null then ''wireless-3-43''
                                             else dims_col_result||'',wireless-3-43'' end),
                       dims_col_rtName=(case when dims_col_rtName like ''%5G基站下无DU或BBU%'' then dims_col_rtName
                                             when dims_col_rtName is null then ''5G基站下无DU或BBU''
                                             else dims_col_rtName||'',5G基站下无DU或BBU'' end)
                 where isNotNull(t1.int_id) and not exists(select 1 from DU t2 where isNotNull(t2.related_bs) and t2.related_bs~t1.int_id) and not exists(select 1 from BBU t3 where isNotNull(t3.related_bs) and t3.related_bs~t1.int_id)',1, 'admin', 'admin', 'PROC_CHECKONEDYNAMICSQLINDEX',901000005,1,null),
(901003200,'铁塔下无天线','wireless-3-44',352,901000020, '无线',11, null,'update TOWER t1
                   set dims_col_result=(case when dims_col_result like ''%wireless-3-44%'' then dims_col_result
                                             when dims_col_result is null then ''wireless-3-44''
                                             else dims_col_result||'',wireless-3-44'' end),
                       dims_col_rtName=(case when dims_col_rtName like ''%铁塔下无天线%'' then dims_col_rtName
                                             when dims_col_rtName is null then ''铁塔下无天线''
                                             else dims_col_rtName||'',铁塔下无天线'' end)
                 where isNotNull(t1.int_id) and not exists(select 1 from ANTENNA t2 where isNotNull(t2.related_tower) and t2.related_tower~t1.int_id)',1, 'admin', 'admin', 'PROC_CHECKONEDYNAMICSQLINDEX',901000020,1,null),
(901003201,'天线下无天线工参','wireless-3-45',353,901000018, '无线',11, null,'update ANTENNA t1
                   set dims_col_result=(case when dims_col_result like ''%wireless-3-45%'' then dims_col_result
                                             when dims_col_result is null then ''wireless-3-45''
                                             else dims_col_result||'',wireless-3-45'' end),
                       dims_col_rtName=(case when dims_col_rtName like ''%天线下无天线工参%'' then dims_col_rtName
                                             when dims_col_rtName is null then ''天线下无天线工参''
                                             else dims_col_rtName||'',天线下无天线工参'' end)
                 where isNotNull(t1.zh_label) and not exists(select 1 from ANTENNAPARA t2 where isNotNull(t2.related_antenna) and t2.related_antenna~t1.zh_label) ',1, 'admin', 'admin', 'PROC_CHECKONEDYNAMICSQLINDEX',901000018,1,null),
(901003202,'2G基站下无端口','wireless-3-46-0',354,901000003, '无线',11, null,'update BTS t1
                   set dims_col_result=(case when dims_col_result like ''%wireless-3-46-0%'' then dims_col_result
                                             when dims_col_result is null then ''wireless-3-46-0''
                                             else dims_col_result||'',wireless-3-46-0'' end),
                       dims_col_rtName=(case when dims_col_rtName like ''%2G基站下无端口%'' then dims_col_rtName
                                             when dims_col_rtName is null then ''2G基站下无端口''
                                             else dims_col_rtName||'',2G基站下无端口'' end)
                 where isNotNull(t1.int_id) and not exists(select 1 from PORT t2 where isNotNull(t2.related_ne) and t2.related_ne~t1.int_id)',1, 'admin', 'admin', 'PROC_CHECKONEDYNAMICSQLINDEX',901000003,1,null),
(901003203,'4G基站下无端口','wireless-3-46-1',355,901000004, '无线',11, null,'update ENODEB t1
                   set dims_col_result=(case when dims_col_result like ''%wireless-3-46-1%'' then dims_col_result
                                             when dims_col_result is null then ''wireless-3-46-1''
                                             else dims_col_result||'',wireless-3-46-1'' end),
                       dims_col_rtName=(case when dims_col_rtName like ''%4G基站下无端口%'' then dims_col_rtName
                                             when dims_col_rtName is null then ''4G基站下无端口''
                                             else dims_col_rtName||'',4G基站下无端口'' end)
                 where isNotNull(t1.int_id) and not exists(select 1 from PORT t2 where isNotNull(t2.related_ne) and t2.related_ne~t1.int_id)',1, 'admin', 'admin', 'PROC_CHECKONEDYNAMICSQLINDEX',901000004,1,null),
(901003204,'5G基站下无端口','wireless-3-46-2',356,901000005, '无线',11, null,'update GNODEB t1
                   set dims_col_result=(case when dims_col_result like ''%wireless-3-46-2%'' then dims_col_result
                                             when dims_col_result is null then ''wireless-3-46-2''
                                             else dims_col_result||'',wireless-3-46-2'' end),
                       dims_col_rtName=(case when dims_col_rtName like ''%5G基站下无端口%'' then dims_col_rtName
                                             when dims_col_rtName is null then ''5G基站下无端口''
                                             else dims_col_rtName||'',5G基站下无端口'' end)
                  where isNotNull(t1.int_id) and not exists(select 1 from PORT t2 where isNotNull(t2.related_ne) and t2.related_ne~t1.int_id)',1, 'admin', 'admin', 'PROC_CHECKONEDYNAMICSQLINDEX',901000005,1,null),
(901003205,'端口关联电路校验','wireless-3-47',357,901000017, '无线',11, null,null,2, 'admin', 'admin', 'PROC_CHECKONEDYNAMICSQLINDEX',901000017,1, null);

--资源合规性核查
--insert into dims_idx_index (ID, NAME, CODE, ORDERBY, ENTITYTYPE_ID, SPECIALITYNAME, TYPE, AMOUNTSQL, ERRORSQL, ISENABLE, CREATOR, UPDATER, PROCNAME, THREADNO, PRIORITY, MEMO) values

insert into dims_idx_IndexCarrier (ID, PARENTINDEX_ID, CHILDINDEX_ID, CREATOR, UPDATER, MEMO) values
(901001000,901099001,901003000, 'admin', 'admin', null),
(901001001,901099001,901003001, 'admin', 'admin', null),
(901001002,901099001,901003002, 'admin', 'admin', null),
(901001003,901099001,901003003, 'admin', 'admin', null),
(901001004,901099001,901003004, 'admin', 'admin', null),
(901001005,901099001,901003005, 'admin', 'admin', null),
(901001006,901099001,901003006, 'admin', 'admin', null),
(901001007,901099001,901003007, 'admin', 'admin', null),
(901001008,901099001,901003008, 'admin', 'admin', null),
(901001009,901099001,901003009, 'admin', 'admin', null),
(901001010,901099001,901003010, 'admin', 'admin', null),
(901001011,901099001,901003011, 'admin', 'admin', null),
(901001012,901099001,901003012, 'admin', 'admin', null),
(901001013,901099001,901003013, 'admin', 'admin', null),
(901001014,901099001,901003014, 'admin', 'admin', null),
(901001015,901099001,901003015, 'admin', 'admin', null),
(901001016,901099001,901003016, 'admin', 'admin', null),
(901001017,901099001,901003017, 'admin', 'admin', null),
(901001018,901099001,901003018, 'admin', 'admin', null),
(901001019,901099001,901003019, 'admin', 'admin', null),
(901001020,901099001,901003020, 'admin', 'admin', null),
(901001021,901099001,901003021, 'admin', 'admin', null),
(901001022,901099001,901003022, 'admin', 'admin', null),
(901001023,901099001,901003023, 'admin', 'admin', null),
(901001024,901099001,901003024, 'admin', 'admin', null),
(901001025,901099002,901003025, 'admin', 'admin', null),
(901001026,901099002,901003026, 'admin', 'admin', null),
(901001027,901099002,901003027, 'admin', 'admin', null),
(901001028,901099002,901003028, 'admin', 'admin', null),
(901001029,901099002,901003029, 'admin', 'admin', null),
(901001030,901099002,901003030, 'admin', 'admin', null),
(901001031,901099002,901003031, 'admin', 'admin', null),
(901001032,901099002,901003032, 'admin', 'admin', null),
(901001033,901099002,901003033, 'admin', 'admin', null),
(901001034,901099002,901003034, 'admin', 'admin', null),
(901001035,901099002,901003035, 'admin', 'admin', null),
(901001036,901099002,901003036, 'admin', 'admin', null),
(901001037,901099002,901003037, 'admin', 'admin', null),
(901001038,901099002,901003038, 'admin', 'admin', null),
(901001039,901099002,901003039, 'admin', 'admin', null),
(901001040,901099002,901003040, 'admin', 'admin', null),
(901001041,901099002,901003041, 'admin', 'admin', null),
(901001042,901099002,901003042, 'admin', 'admin', null),
(901001043,901099002,901003043, 'admin', 'admin', null),
(901001044,901099002,901003044, 'admin', 'admin', null),
(901001045,901099002,901003045, 'admin', 'admin', null),
(901001046,901099002,901003046, 'admin', 'admin', null),
(901001047,901099002,901003047, 'admin', 'admin', null),
(901001048,901099002,901003048, 'admin', 'admin', null),
(901001049,901099002,901003049, 'admin', 'admin', null),
(901001050,901099002,901003050, 'admin', 'admin', null),
(901001051,901099002,901003051, 'admin', 'admin', null),
(901001052,901099002,901003052, 'admin', 'admin', null),
(901001053,901099002,901003053, 'admin', 'admin', null),
(901001054,901099002,901003054, 'admin', 'admin', null),
(901001055,901099002,901003055, 'admin', 'admin', null),
(901001056,901099002,901003056, 'admin', 'admin', null),
(901001057,901099002,901003057, 'admin', 'admin', null),
(901001058,901099002,901003058, 'admin', 'admin', null),
(901001059,901099002,901003059, 'admin', 'admin', null),
(901001060,901099002,901003060, 'admin', 'admin', null),
(901001061,901099002,901003061, 'admin', 'admin', null),
(901001062,901099002,901003062, 'admin', 'admin', null),
(901001063,901099002,901003063, 'admin', 'admin', null),
(901001064,901099002,901003064, 'admin', 'admin', null),
(901001065,901099002,901003065, 'admin', 'admin', null),
(901001066,901099002,901003066, 'admin', 'admin', null),
(901001067,901099002,901003067, 'admin', 'admin', null),
(901001068,901099002,901003068, 'admin', 'admin', null),
(901001069,901099002,901003069, 'admin', 'admin', null),
(901001070,901099002,901003070, 'admin', 'admin', null),
(901001071,901099002,901003071, 'admin', 'admin', null),
(901001072,901099002,901003072, 'admin', 'admin', null),
(901001073,901099002,901003073, 'admin', 'admin', null),
(901001074,901099002,901003074, 'admin', 'admin', null),
(901001075,901099002,901003075, 'admin', 'admin', null),
(901001076,901099002,901003076, 'admin', 'admin', null),
(901001077,901099002,901003077, 'admin', 'admin', null),
(901001078,901099002,901003078, 'admin', 'admin', null),
(901001079,901099002,901003079, 'admin', 'admin', null),
(901001080,901099002,901003080, 'admin', 'admin', null),
(901001081,901099002,901003081, 'admin', 'admin', null),
(901001082,901099002,901003082, 'admin', 'admin', null),
(901001083,901099002,901003083, 'admin', 'admin', null),
(901001084,901099002,901003084, 'admin', 'admin', null),
(901001085,901099002,901003085, 'admin', 'admin', null),
(901001086,901099002,901003086, 'admin', 'admin', null),
(901001087,901099002,901003087, 'admin', 'admin', null),
(901001088,901099002,901003088, 'admin', 'admin', null),
(901001089,901099002,901003089, 'admin', 'admin', null),
(901001090,901099002,901003090, 'admin', 'admin', null),
(901001091,901099002,901003091, 'admin', 'admin', null),
(901001092,901099002,901003092, 'admin', 'admin', null),
(901001093,901099002,901003093, 'admin', 'admin', null),
(901001094,901099002,901003094, 'admin', 'admin', null),
(901001095,901099002,901003095, 'admin', 'admin', null),
(901001096,901099002,901003096, 'admin', 'admin', null),
(901001097,901099002,901003097, 'admin', 'admin', null),
(901001098,901099002,901003098, 'admin', 'admin', null),
(901001099,901099002,901003099, 'admin', 'admin', null),
(901001100,901099002,901003100, 'admin', 'admin', null),
(901001101,901099002,901003101, 'admin', 'admin', null),
(901001102,901099002,901003102, 'admin', 'admin', null),
(901001103,901099002,901003103, 'admin', 'admin', null),
(901001104,901099002,901003104, 'admin', 'admin', null),
(901001105,901099002,901003105, 'admin', 'admin', null),
(901001106,901099002,901003106, 'admin', 'admin', null),
(901001107,901099002,901003107, 'admin', 'admin', null),
(901001108,901099002,901003108, 'admin', 'admin', null),
(901001109,901099002,901003109, 'admin', 'admin', null),
(901001110,901099002,901003110, 'admin', 'admin', null),
(901001111,901099002,901003111, 'admin', 'admin', null),
(901001112,901099002,901003112, 'admin', 'admin', null),
(901001113,901099002,901003113, 'admin', 'admin', null),
(901001114,901099002,901003114, 'admin', 'admin', null),
(901001115,901099002,901003115, 'admin', 'admin', null),
(901001116,901099002,901003116, 'admin', 'admin', null),
(901001117,901099002,901003117, 'admin', 'admin', null),
(901001118,901099002,901003118, 'admin', 'admin', null),
(901001119,901099002,901003119, 'admin', 'admin', null),
(901001120,901099002,901003120, 'admin', 'admin', null),
(901001121,901099002,901003121, 'admin', 'admin', null),
(901001122,901099002,901003122, 'admin', 'admin', null),
(901001123,901099002,901003123, 'admin', 'admin', null),
(901001124,901099002,901003124, 'admin', 'admin', null),
(901001125,901099002,901003125, 'admin', 'admin', null),
(901001126,901099002,901003126, 'admin', 'admin', null),
(901001127,901099002,901003127, 'admin', 'admin', null),
(901001128,901099002,901003128, 'admin', 'admin', null),
(901001129,901099002,901003129, 'admin', 'admin', null),
(901001130,901099002,901003130, 'admin', 'admin', null),
(901001131,901099002,901003131, 'admin', 'admin', null),
(901001132,901099002,901003132, 'admin', 'admin', null),
(901001133,901099002,901003133, 'admin', 'admin', null),
(901001134,901099002,901003134, 'admin', 'admin', null),
(901001135,901099002,901003135, 'admin', 'admin', null),
(901001136,901099002,901003136, 'admin', 'admin', null),
(901001137,901099002,901003137, 'admin', 'admin', null),
(901001138,901099002,901003138, 'admin', 'admin', null),
(901001139,901099002,901003139, 'admin', 'admin', null),
(901001140,901099002,901003140, 'admin', 'admin', null),
(901001141,901099002,901003141, 'admin', 'admin', null),
(901001142,901099002,901003142, 'admin', 'admin', null),
(901001143,901099002,901003143, 'admin', 'admin', null),
(901001144,901099002,901003144, 'admin', 'admin', null),
(901001145,901099002,901003145, 'admin', 'admin', null),
(901001146,901099002,901003146, 'admin', 'admin', null),
(901001147,901099002,901003147, 'admin', 'admin', null),
(901001148,901099002,901003148, 'admin', 'admin', null),
(901001149,901099003,901003149, 'admin', 'admin', null),
(901001150,901099003,901003150, 'admin', 'admin', null),
(901001151,901099003,901003151, 'admin', 'admin', null),
(901001152,901099003,901003152, 'admin', 'admin', null),
(901001153,901099003,901003153, 'admin', 'admin', null),
(901001154,901099003,901003154, 'admin', 'admin', null),
(901001155,901099003,901003155, 'admin', 'admin', null),
(901001156,901099003,901003156, 'admin', 'admin', null),
(901001157,901099003,901003157, 'admin', 'admin', null),
(901001158,901099003,901003158, 'admin', 'admin', null),
(901001159,901099003,901003159, 'admin', 'admin', null),
(901001160,901099003,901003160, 'admin', 'admin', null),
(901001161,901099003,901003161, 'admin', 'admin', null),
(901001162,901099003,901003162, 'admin', 'admin', null),
(901001163,901099003,901003163, 'admin', 'admin', null),
(901001164,901099003,901003164, 'admin', 'admin', null),
(901001165,901099003,901003165, 'admin', 'admin', null),
(901001166,901099003,901003166, 'admin', 'admin', null),
(901001167,901099003,901003167, 'admin', 'admin', null),
(901001168,901099003,901003168, 'admin', 'admin', null),
(901001169,901099003,901003169, 'admin', 'admin', null),
(901001170,901099003,901003170, 'admin', 'admin', null),
(901001171,901099003,901003171, 'admin', 'admin', null),
(901001172,901099003,901003172, 'admin', 'admin', null),
(901001173,901099003,901003173, 'admin', 'admin', null),
(901001174,901099003,901003174, 'admin', 'admin', null),
(901001175,901099003,901003175, 'admin', 'admin', null),
(901001176,901099003,901003176, 'admin', 'admin', null),
(901001177,901099003,901003177, 'admin', 'admin', null),
(901001178,901099003,901003178, 'admin', 'admin', null),
(901001179,901099003,901003179, 'admin', 'admin', null),
(901001180,901099003,901003180, 'admin', 'admin', null),
(901001181,901099003,901003181, 'admin', 'admin', null),
(901001182,901099003,901003182, 'admin', 'admin', null),
(901001183,901099003,901003183, 'admin', 'admin', null),
(901001184,901099003,901003184, 'admin', 'admin', null),
(901001185,901099003,901003185, 'admin', 'admin', null),
(901001186,901099003,901003186, 'admin', 'admin', null),
(901001187,901099003,901003187, 'admin', 'admin', null),
(901001188,901099003,901003188, 'admin', 'admin', null),
(901001189,901099003,901003189, 'admin', 'admin', null),
(901001190,901099003,901003190, 'admin', 'admin', null),
(901001191,901099003,901003191, 'admin', 'admin', null),
(901001192,901099003,901003192, 'admin', 'admin', null),
(901001193,901099003,901003193, 'admin', 'admin', null),
(901001194,901099003,901003194, 'admin', 'admin', null),
(901001195,901099003,901003195, 'admin', 'admin', null),
(901001196,901099003,901003196, 'admin', 'admin', null),
(901001197,901099003,901003197, 'admin', 'admin', null),
(901001198,901099003,901003198, 'admin', 'admin', null),
(901001199,901099003,901003199, 'admin', 'admin', null),
(901001200,901099003,901003200, 'admin', 'admin', null),
(901001201,901099003,901003201, 'admin', 'admin', null),
(901001202,901099003,901003202, 'admin', 'admin', null),
(901001203,901099003,901003203, 'admin', 'admin', null),
(901001204,901099003,901003204, 'admin', 'admin', null),
(901001205,901099003,901003205, 'admin', 'admin', null),
(901001206,901099999,901099001, 'admin', 'admin', null),
(901001207,901099999,901099002, 'admin', 'admin', null),
(901001208,901099999,901099003, 'admin', 'admin', null);
--(901001209,901099999,901003004, 'admin', 'admin', null);

insert into dims_idx_rule (ID, NAME, CODE, INDEX_ID, ATTRIBUTETYPE_ID, TYPE, RULEMEMO, DICTIONARYNAME, CREATOR, UPDATER, MEMO) values
--values (901000631, 'RRU必填字段完整性.网管中网元名称', 'WL_RRU.omc_name', 901000596, 901003010, 2, null, null, 'admin', 'admin', null),
(901002000,'铁塔必填字段维护完整率核查.铁塔名称','TOWER.zh_label',901003020,901000890,2, null, null, 'admin', 'admin', null),
(901002001,'铁塔必填字段维护完整率核查.铁塔类型','TOWER.tower_type',901003020,901000895,2, null, null, 'admin', 'admin', null),
(901002002,'铁塔必填字段维护完整率核查.铁塔塔身高度','TOWER.tower_stature',901003020,901000891,2, null, null, 'admin', 'admin', null),
(901002003,'铁塔必填字段维护完整率核查.铁塔平台数量','TOWER.tower_platnum',901003020,901000892,2, null, null, 'admin', 'admin', null),
(901002004,'铁塔必填字段维护完整率核查.共享单位','TOWER.share_unit',901003020,901000898,2, null, null, 'admin', 'admin', null),
(901002005,'铁塔必填字段维护完整率核查.入网时间','TOWER.setup_time',901003020,901000899,2, null, null, 'admin', 'admin', null),
(901002006,'铁塔必填字段维护完整率核查.所属机房/位置点','TOWER.related_room_location',901003020,901000894,2, null, null, 'admin', 'admin', null),
(901002007,'铁塔必填字段维护完整率核查.产权单位','TOWER.property_unit',901003020,901000897,2, null, null, 'admin', 'admin', null),
(901002008,'铁塔必填字段维护完整率核查.产权性质','TOWER.property_right',901003020,901000896,2, null, null, 'admin', 'admin', null),
(901002009,'铁塔必填字段维护完整率核查.铁塔产品种类','TOWER.production_type',901003020,901000900,2, null, null, 'admin', 'admin', null),
(901002010,'铁塔必填字段维护完整率核查.资源标识','TOWER.int_id',901003020,901000889,2, null, null, 'admin', 'admin', null),
(901002011,'分布系统必填字段维护完整率核查.分布系统名称','SPEARD.zh_label',901003015,901000924,2, null, null, 'admin', 'admin', null),
(901002012,'分布系统必填字段维护完整率核查.干放数量','SPEARD.trunk_amplifier_num',901003015,901000928,2, null, null, 'admin', 'admin', null),
(901002013,'分布系统必填字段维护完整率核查.所属位置点','SPEARD.related_location',901003015,901000926,2, null, null, 'admin', 'admin', null),
(901002014,'分布系统必填字段维护完整率核查.信源小区','SPEARD.related_cell',901003015,901000930,2, null, null, 'admin', 'admin', null),
(901002015,'分布系统必填字段维护完整率核查.关联基站','SPEARD.related_bs',901003015,901000929,2, null, null, 'admin', 'admin', null),
(901002016,'分布系统必填字段维护完整率核查.无源器件厂家','SPEARD.passive_device_vendor',901003015,901000931,2, null, null, 'admin', 'admin', null),
(901002017,'分布系统必填字段维护完整率核查.集成厂家','SPEARD.integrated_vendor',901003015,901000925,2, null, null, 'admin', 'admin', null),
(901002018,'分布系统必填字段维护完整率核查.资源标识','SPEARD.int_id',901003015,901000923,2, null, null, 'admin', 'admin', null),
(901002019,'分布系统必填字段维护完整率核查.馈线厂家','SPEARD.feeder_vendor',901003015,901000932,2, null, null, 'admin', 'admin', null),
(901002020,'分布系统必填字段维护完整率核查.天线厂家','SPEARD.antenna_vendor_id',901003015,901000933,2, null, null, 'admin', 'admin', null),
(901002021,'分布系统必填字段维护完整率核查.天线数量','SPEARD.antenna_num',901003015,901000927,2, null, null, 'admin', 'admin', null),
(901002022,'RTK基准站必填字段维护完整率核查.RTK基准站名称','RTK.zh_label',901003004,901000704,2, null, null, 'admin', 'admin', null),
(901002023,'RTK基准站必填字段维护完整率核查.设备厂家','RTK.vendor_id',901003004,901000702,2, null, null, 'admin', 'admin', null),
(901002024,'RTK基准站必填字段维护完整率核查.网管中网元名称','RTK.userlabel',901003004,901000694,2, null, null, 'admin', 'admin', null),
(901002025,'RTK基准站必填字段维护完整率核查.软件版本','RTK.software_version',901003004,901000697,2, null, null, 'admin', 'admin', null),
(901002026,'RTK基准站必填字段维护完整率核查.入网时间','RTK.setup_time',901003004,901000699,2, null, null, 'admin', 'admin', null),
(901002027,'RTK基准站必填字段维护完整率核查.所属机房/位置点','RTK.related_room_location',901003004,901000696,2, null, null, 'admin', 'admin', null),
(901002028,'RTK基准站必填字段维护完整率核查.数据质量责任人（移动）','RTK.qualitor',901003004,901000700,2, null, null, 'admin', 'admin', null),
(901002029,'RTK基准站必填字段维护完整率核查.设备型号','RTK.product_name',901003004,901000703,2, null, null, 'admin', 'admin', null),
(901002030,'RTK基准站必填字段维护完整率核查.安装方式','RTK.place_type',901003004,901000693,2, null, null, 'admin', 'admin', null),
(901002031,'RTK基准站必填字段维护完整率核查.一线数据维护人（代维/一线）','RTK.maintainor',901003004,901000701,2, null, null, 'admin', 'admin', null),
(901002032,'RTK基准站必填字段维护完整率核查.安装位置类型','RTK.location_type',901003004,901000695,2, null, null, 'admin', 'admin', null),
(901002033,'RTK基准站必填字段维护完整率核查.生命周期状态','RTK.lifecycle_status',901003004,901000698,2, null, null, 'admin', 'admin', null),
(901002034,'RTK基准站必填字段维护完整率核查.资源标识','RTK.int_id',901003004,901000691,2, null, null, 'admin', 'admin', null),
(901002035,'RTK基准站必填字段维护完整率核查.设备序列号','RTK.device_sn',901003004,901000705,2, null, null, 'admin', 'admin', null),
(901002036,'RTK基准站必填字段维护完整率核查.RTK-CORS ID','RTK.cors_id',901003004,901000692,2, null, null, 'admin', 'admin', null),
(901002037,'RRU必填字段维护完整率核查.网管中网元名称','RRU.zh_label',901003009,901000798,2, null, null, 'admin', 'admin', null),
(901002038,'RRU必填字段维护完整率核查.所属机房/位置点','RRU.related_room_location',901003009,901000800,2, null, null, 'admin', 'admin', null),
(901002039,'RRU必填字段维护完整率核查.关联小区','RRU.related_cell',901003009,901000802,2, null, null, 'admin', 'admin', null),
(901002040,'RRU必填字段维护完整率核查.额定功率','RRU.rated_power',901003009,901000803,2, null, null, 'admin', 'admin', null),
(901002041,'RRU必填字段维护完整率核查.RRU设备型号','RRU.product_name',901003009,901000806,2, null, null, 'admin', 'admin', null),
(901002042,'RRU必填字段维护完整率核查.资源标识','RRU.int_id',901003009,901000797,2, null, null, 'admin', 'admin', null),
(901002043,'RRU必填字段维护完整率核查.接入方式','RRU.connect_model',901003009,901000804,2, null, null, 'admin', 'admin', null),
(901002044,'直放站必填字段维护完整率核查.直放站名称','RPT.zh_label',901003016,901000906,2, null, null, 'admin', 'admin', null),
(901002045,'直放站必填字段维护完整率核查.设备厂家','RPT.vendor_id',901003016,901000907,2, null, null, 'admin', 'admin', null),
(901002046,'直放站必填字段维护完整率核查.信号接收方式','RPT.signal_receive_type',901003016,901000908,2, null, null, 'admin', 'admin', null),
(901002047,'直放站必填字段维护完整率核查.直放站类型','RPT.repeater_type',901003016,901000916,2, null, null, 'admin', 'admin', null),
(901002048,'直放站必填字段维护完整率核查.所属机房/位置点','RPT.related_room_location',901003016,901000911,2, null, null, 'admin', 'admin', null),
(901002049,'直放站必填字段维护完整率核查.信源小区','RPT.related_cell',901003016,901000918,2, null, null, 'admin', 'admin', null),
(901002050,'直放站必填字段维护完整率核查.额定功率','RPT.rated_power',901003016,901000919,2, null, null, 'admin', 'admin', null),
(901002051,'直放站必填字段维护完整率核查.数据质量责任人（移动）','RPT.qualitor',901003016,901000914,2, null, null, 'admin', 'admin', null),
(901002052,'直放站必填字段维护完整率核查.供电方式','RPT.power_supply_type',901003016,901000909,2, null, null, 'admin', 'admin', null),
(901002053,'直放站必填字段维护完整率核查.一线数据维护人（代维/一线）','RPT.maintainor',901003016,901000915,2, null, null, 'admin', 'admin', null),
(901002054,'直放站必填字段维护完整率核查.生命周期状态','RPT.lifecycle_status',901003016,901000913,2, null, null, 'admin', 'admin', null),
(901002055,'直放站必填字段维护完整率核查.资源标识','RPT.int_id',901003016,901000905,2, null, null, 'admin', 'admin', null),
(901002056,'直放站必填字段维护完整率核查.覆盖类型','RPT.beehive_type',901003016,901000917,2, null, null, 'admin', 'admin', null),
(901002057,'端口必填字段维护完整率核查.所属网元','PORT.related_ne',901003014,901000861,2, null, null, 'admin', 'admin', null),
(901002058,'端口必填字段维护完整率核查.端口状态','PORT.port_status',901003014,901000859,2, null, null, 'admin', 'admin', null),
(901002059,'端口必填字段维护完整率核查.端口编号','PORT.port_no',901003014,901000855,2, null, null, 'admin', 'admin', null),
(901002060,'端口必填字段维护完整率核查.资源标识','PORT.int_id',901003014,901000854,2, null, null, 'admin', 'admin', null),
(901002061,'扩展型皮站交换机必填字段维护完整率核查.交换机名称','PICOSWITCH.zh_label',901003022,901000960,2, null, null, 'admin', 'admin', null),
(901002062,'扩展型皮站交换机必填字段维护完整率核查.设备厂家','PICOSWITCH.vendor_id',901003022,901000965,2, null, null, 'admin', 'admin', null),
(901002063,'扩展型皮站交换机必填字段维护完整率核查.额定功率','PICOSWITCH.rated_pawer',901003022,901000963,2, null, null, 'admin', 'admin', null),
(901002064,'扩展型皮站交换机必填字段维护完整率核查.设备型号','PICOSWITCH.product_name',901003022,901000966,2, null, null, 'admin', 'admin', null),
(901002065,'扩展型皮站交换机必填字段维护完整率核查.资源标识','PICOSWITCH.int_id',901003022,901000959,2, null, null, 'admin', 'admin', null),
(901002066,'扩展型皮站AU必填字段维护完整率核查.AU名称','PICOAU.zh_label',901003021,901000949,2, null, null, 'admin', 'admin', null),
(901002067,'扩展型皮站AU必填字段维护完整率核查.设备厂家','PICOAU.vendor_id',901003021,901000954,2, null, null, 'admin', 'admin', null),
(901002068,'扩展型皮站AU必填字段维护完整率核查.额定功率','PICOAU.rated_pawer',901003021,901000952,2, null, null, 'admin', 'admin', null),
(901002069,'扩展型皮站AU必填字段维护完整率核查.设备型号','PICOAU.product_name',901003021,901000955,2, null, null, 'admin', 'admin', null),
(901002070,'扩展型皮站AU必填字段维护完整率核查.资源标识','PICOAU.int_id',901003021,901000948,2, null, null, 'admin', 'admin', null),
(901002071,'一体化皮站AP必填字段维护完整率核查.AP名称','PICOAP.zh_label',901003023,901000938,2, null, null, 'admin', 'admin', null),
(901002072,'一体化皮站AP必填字段维护完整率核查.设备厂家','PICOAP.vendor_id',901003023,901000943,2, null, null, 'admin', 'admin', null),
(901002073,'一体化皮站AP必填字段维护完整率核查.额定功率','PICOAP.rated_pawer',901003023,901000941,2, null, null, 'admin', 'admin', null),
(901002074,'一体化皮站AP必填字段维护完整率核查.设备型号','PICOAP.product_name',901003023,901000944,2, null, null, 'admin', 'admin', null),
(901002075,'一体化皮站AP必填字段维护完整率核查.资源标识','PICOAP.int_id',901003023,901000937,2, null, null, 'admin', 'admin', null),
(901002076,'OMC必填字段维护完整率核查.OMC名称','OMC.zh_label',901003024,901000601,2, null, null, 'admin', 'admin', null),
(901002077,'OMC必填字段维护完整率核查.设备厂家','OMC.vendor_id',901003024,901000602,2, null, null, 'admin', 'admin', null),
(901002078,'OMC必填字段维护完整率核查.IP地址','OMC.ip_addr',901003024,901000603,2, null, null, 'admin', 'admin', null),
(901002079,'OMC必填字段维护完整率核查.资源标识','OMC.int_id',901003024,901000600,2, null, null, 'admin', 'admin', null),
(901002080,'NR-CELL必填字段维护完整率核查.小区名称','NRCELL.zh_label',901003007,901000756,2, null, null, 'admin', 'admin', null),
(901002081,'NR-CELL必填字段维护完整率核查.网管中网元名称','NRCELL.userlabel',901003007,901000757,2, null, null, 'admin', 'admin', null),
(901002082,'NR-CELL必填字段维护完整率核查.TAC','NRCELL.tac',901003007,901000754,2, null, null, 'admin', 'admin', null),
(901002083,'NR-CELL必填字段维护完整率核查.入网时间','NRCELL.setup_time',901003007,901000762,2, null, null, 'admin', 'admin', null),
(901002084,'NR-CELL必填字段维护完整率核查.所属机房/位置点','NRCELL.related_room_location',901003007,901000760,2, null, null, 'admin', 'admin', null),
(901002085,'NR-CELL必填字段维护完整率核查.所属基站','NRCELL.related_bs',901003007,901000758,2, null, null, 'admin', 'admin', null),
(901002086,'NR-CELL必填字段维护完整率核查.PCI','NRCELL.pci',901003007,901000755,2, null, null, 'admin', 'admin', null),
(901002087,'NR-CELL必填字段维护完整率核查.网络制式','NRCELL.net_model',901003007,901000763,2, null, null, 'admin', 'admin', null),
(901002088,'NR-CELL必填字段维护完整率核查.安装位置类型','NRCELL.location_type',901003007,901000759,2, null, null, 'admin', 'admin', null),
(901002089,'NR-CELL必填字段维护完整率核查.生命周期状态','NRCELL.lifecycle_status',901003007,901000761,2, null, null, 'admin', 'admin', null),
(901002090,'NR-CELL必填字段维护完整率核查.资源标识','NRCELL.int_id',901003007,901000752,2, null, null, 'admin', 'admin', null),
(901002091,'NR-CELL必填字段维护完整率核查.是否拉远','NRCELL.if_remote',901003007,901000765,2, null, null, 'admin', 'admin', null),
(901002092,'NR-CELL必填字段维护完整率核查.使用频段','NRCELL.frequency',901003007,901000764,2, null, null, 'admin', 'admin', null),
(901002093,'NR-CELL必填字段维护完整率核查.覆盖场景','NRCELL.cover_scene',901003007,901000767,2, null, null, 'admin', 'admin', null),
(901002094,'NR-CELL必填字段维护完整率核查.覆盖类型','NRCELL.beehive_type',901003007,901000766,2, null, null, 'admin', 'admin', null),
(901002095,'G-NODEB必填字段维护完整率核查.基站名称','GNODEB.zh_label',901003003,901000671,2, null, null, 'admin', 'admin', null),
(901002096,'G-NODEB必填字段维护完整率核查.VIP级别','GNODEB.vip_type',901003003,901000681,2, null, null, 'admin', 'admin', null),
(901002097,'G-NODEB必填字段维护完整率核查.网管中网元名称','GNODEB.userlabel',901003003,901000672,2, null, null, 'admin', 'admin', null),
(901002098,'G-NODEB必填字段维护完整率核查.软件版本','GNODEB.software_version',901003003,901000678,2, null, null, 'admin', 'admin', null),
(901002099,'G-NODEB必填字段维护完整率核查.入网时间','GNODEB.setup_time',901003003,901000680,2, null, null, 'admin', 'admin', null),
(901002100,'G-NODEB必填字段维护完整率核查.所属机房/位置点','GNODEB.related_room_location',901003003,901000675,2, null, null, 'admin', 'admin', null),
(901002101,'G-NODEB必填字段维护完整率核查.所属OMC','GNODEB.related_omc',901003003,901000673,2, null, null, 'admin', 'admin', null),
(901002102,'G-NODEB必填字段维护完整率核查.设备厂家','GNODEB.rated_power',901003003,901000676,2, null, null, 'admin', 'admin', null),
(901002103,'G-NODEB必填字段维护完整率核查.数据质量责任人（移动）','GNODEB.qualitor',901003003,901000686,2, null, null, 'admin', 'admin', null),
(901002104,'G-NODEB必填字段维护完整率核查.G-NODEB ID','GNODEB.nodeb_id',901003003,901000670,2, null, null, 'admin', 'admin', null),
(901002105,'G-NODEB必填字段维护完整率核查.网络制式','GNODEB.net_model',901003003,901000682,2, null, null, 'admin', 'admin', null),
(901002106,'G-NODEB必填字段维护完整率核查.一线数据维护人（代维/一线）','GNODEB.maintainor',901003003,901000687,2, null, null, 'admin', 'admin', null),
(901002107,'G-NODEB必填字段维护完整率核查.安装位置类型','GNODEB.location_type',901003003,901000674,2, null, null, 'admin', 'admin', null),
(901002108,'G-NODEB必填字段维护完整率核查.生命周期状态','GNODEB.lifecycle_status',901003003,901000679,2, null, null, 'admin', 'admin', null),
(901002109,'G-NODEB必填字段维护完整率核查.资源标识','GNODEB.int_id',901003003,901000669,2, null, null, 'admin', 'admin', null),
(901002110,'G-NODEB必填字段维护完整率核查.设备类型','GNODEB.device_type',901003003,901000683,2, null, null, 'admin', 'admin', null),
(901002111,'G-NODEB必填字段维护完整率核查.覆盖类型','GNODEB.beehive_type',901003003,901000684,2, null, null, 'admin', 'admin', null),
(901002112,'E-UTRANCELL必填字段维护完整率核查.小区名称','EUTRANCELL.zh_label',901003006,901000734,2, null, null, 'admin', 'admin', null),
(901002113,'E-UTRANCELL必填字段维护完整率核查.网管中网元名称','EUTRANCELL.userlabel',901003006,901000735,2, null, null, 'admin', 'admin', null),
(901002114,'E-UTRANCELL必填字段维护完整率核查.TAC','EUTRANCELL.tac',901003006,901000732,2, null, null, 'admin', 'admin', null),
(901002115,'E-UTRANCELL必填字段维护完整率核查.入网时间','EUTRANCELL.setup_time',901003006,901000740,2, null, null, 'admin', 'admin', null),
(901002116,'E-UTRANCELL必填字段维护完整率核查.所属机房/位置点','EUTRANCELL.related_room_location',901003006,901000738,2, null, null, 'admin', 'admin', null),
(901002117,'E-UTRANCELL必填字段维护完整率核查.所属基站','EUTRANCELL.related_bs',901003006,901000736,2, null, null, 'admin', 'admin', null),
(901002118,'E-UTRANCELL必填字段维护完整率核查.网络制式','EUTRANCELL.net_model',901003006,901000741,2, null, null, 'admin', 'admin', null),
(901002119,'E-UTRANCELL必填字段维护完整率核查.安装位置类型','EUTRANCELL.location_type',901003006,901000737,2, null, null, 'admin', 'admin', null),
(901002120,'E-UTRANCELL必填字段维护完整率核查.生命周期状态','EUTRANCELL.lifecycle_status',901003006,901000739,2, null, null, 'admin', 'admin', null),
(901002121,'E-UTRANCELL必填字段维护完整率核查.资源标识','EUTRANCELL.int_id',901003006,901000730,2, null, null, 'admin', 'admin', null),
(901002122,'E-UTRANCELL必填字段维护完整率核查.是否拉远','EUTRANCELL.if_remote',901003006,901000743,2, null, null, 'admin', 'admin', null),
(901002123,'E-UTRANCELL必填字段维护完整率核查.使用频段','EUTRANCELL.frequency',901003006,901000742,2, null, null, 'admin', 'admin', null),
(901002124,'E-UTRANCELL必填字段维护完整率核查.E-CGI','EUTRANCELL.e_cgi',901003006,901000731,2, null, null, 'admin', 'admin', null),
(901002125,'E-UTRANCELL必填字段维护完整率核查.覆盖场景','EUTRANCELL.cover_scene',901003006,901000745,2, null, null, 'admin', 'admin', null),
(901002126,'E-UTRANCELL必填字段维护完整率核查.覆盖类型','EUTRANCELL.beehive_type',901003006,901000744,2, null, null, 'admin', 'admin', null),
(901002127,'E-NODEB必填字段维护完整率核查.基站名称','ENODEB.zh_label',901003002,901000647,2, null, null, 'admin', 'admin', null),
(901002128,'E-NODEB必填字段维护完整率核查.VIP级别','ENODEB.vip_type',901003002,901000657,2, null, null, 'admin', 'admin', null),
(901002129,'E-NODEB必填字段维护完整率核查.网管中网元名称','ENODEB.userlabel',901003002,901000648,2, null, null, 'admin', 'admin', null),
(901002130,'E-NODEB必填字段维护完整率核查.软件版本','ENODEB.software_version',901003002,901000654,2, null, null, 'admin', 'admin', null),
(901002131,'E-NODEB必填字段维护完整率核查.入网时间','ENODEB.setup_time',901003002,901000656,2, null, null, 'admin', 'admin', null),
(901002132,'E-NODEB必填字段维护完整率核查.所属机房/位置点','ENODEB.related_room_location',901003002,901000651,2, null, null, 'admin', 'admin', null),
(901002133,'E-NODEB必填字段维护完整率核查.所属OMC','ENODEB.related_omc',901003002,901000649,2, null, null, 'admin', 'admin', null),
(901002134,'E-NODEB必填字段维护完整率核查.设备厂家','ENODEB.rated_power',901003002,901000652,2, null, null, 'admin', 'admin', null),
(901002135,'E-NODEB必填字段维护完整率核查.数据质量责任人（移动）','ENODEB.qualitor',901003002,901000664,2, null, null, 'admin', 'admin', null),
(901002136,'E-NODEB必填字段维护完整率核查.E-NODEB ID','ENODEB.nodeb_id',901003002,901000646,2, null, null, 'admin', 'admin', null),
(901002137,'E-NODEB必填字段维护完整率核查.网络制式','ENODEB.net_model',901003002,901000658,2, null, null, 'admin', 'admin', null),
(901002138,'E-NODEB必填字段维护完整率核查.一线数据维护人（代维/一线）','ENODEB.maintainor',901003002,901000665,2, null, null, 'admin', 'admin', null),
(901002139,'E-NODEB必填字段维护完整率核查.安装位置类型','ENODEB.location_type',901003002,901000650,2, null, null, 'admin', 'admin', null),
(901002140,'E-NODEB必填字段维护完整率核查.生命周期状态','ENODEB.lifecycle_status',901003002,901000655,2, null, null, 'admin', 'admin', null),
(901002141,'E-NODEB必填字段维护完整率核查.资源标识','ENODEB.int_id',901003002,901000645,2, null, null, 'admin', 'admin', null),
(901002142,'E-NODEB必填字段维护完整率核查.设备类型','ENODEB.device_type',901003002,901000659,2, null, null, 'admin', 'admin', null),
(901002143,'E-NODEB必填字段维护完整率核查.覆盖类型','ENODEB.beehive_type',901003002,901000660,2, null, null, 'admin', 'admin', null),
(901002144,'DU必填字段维护完整率核查.DU名称','DU.zh_label',901003011,901000811,2, null, null, 'admin', 'admin', null),
(901002145,'DU必填字段维护完整率核查.所属机房/位置点','DU.related_room_location',901003011,901000818,2, null, null, 'admin', 'admin', null),
(901002146,'DU必填字段维护完整率核查.所属基站','DU.related_bs',901003011,901000813,2, null, null, 'admin', 'admin', null),
(901002147,'DU必填字段维护完整率核查.额定功率','DU.rated_power',901003011,901000814,2, null, null, 'admin', 'admin', null),
(901002148,'DU必填字段维护完整率核查.网络制式','DU.net_model',901003011,901000815,2, null, null, 'admin', 'admin', null),
(901002149,'DU必填字段维护完整率核查.资源标识','DU.int_id',901003011,901000810,2, null, null, 'admin', 'admin', null),
(901002150,'CU必填字段维护完整率核查.CU名称','CU.zh_label',901003010,901000823,2, null, null, 'admin', 'admin', null),
(901002151,'CU必填字段维护完整率核查.所属机房/位置点','CU.related_room_location',901003010,901000828,2, null, null, 'admin', 'admin', null),
(901002152,'CU必填字段维护完整率核查.额定功率','CU.rated_power',901003010,901000825,2, null, null, 'admin', 'admin', null),
(901002153,'CU必填字段维护完整率核查.网络制式','CU.net_model',901003010,901000826,2, null, null, 'admin', 'admin', null),
(901002154,'CU必填字段维护完整率核查.资源标识','CU.int_id',901003010,901000822,2, null, null, 'admin', 'admin', null),
(901002155,'CELL必填字段维护完整率核查.小区名称','CELL.zh_label',901003005,901000712,2, null, null, 'admin', 'admin', null),
(901002156,'CELL必填字段维护完整率核查.网管中网元名称','CELL.userlabel',901003005,901000713,2, null, null, 'admin', 'admin', null),
(901002157,'CELL必填字段维护完整率核查.入网时间','CELL.setup_time',901003005,901000718,2, null, null, 'admin', 'admin', null),
(901002158,'CELL必填字段维护完整率核查.所属机房/位置点','CELL.related_room_location',901003005,901000716,2, null, null, 'admin', 'admin', null),
(901002159,'CELL必填字段维护完整率核查.所属基站','CELL.related_bs',901003005,901000714,2, null, null, 'admin', 'admin', null),
(901002160,'CELL必填字段维护完整率核查.网络制式','CELL.net_model',901003005,901000719,2, null, null, 'admin', 'admin', null),
(901002161,'CELL必填字段维护完整率核查.安装位置类型','CELL.location_type',901003005,901000715,2, null, null, 'admin', 'admin', null),
(901002162,'CELL必填字段维护完整率核查.生命周期状态','CELL.lifecycle_status',901003005,901000717,2, null, null, 'admin', 'admin', null),
(901002163,'CELL必填字段维护完整率核查.位置区码','CELL.lac',901003005,901000711,2, null, null, 'admin', 'admin', null),
(901002164,'CELL必填字段维护完整率核查.资源标识','CELL.int_id',901003005,901000709,2, null, null, 'admin', 'admin', null),
(901002165,'CELL必填字段维护完整率核查.是否拉远','CELL.if_remote',901003005,901000721,2, null, null, 'admin', 'admin', null),
(901002166,'CELL必填字段维护完整率核查.使用频段','CELL.frequency',901003005,901000720,2, null, null, 'admin', 'admin', null),
(901002167,'CELL必填字段维护完整率核查.覆盖场景','CELL.cover_scene',901003005,901000723,2, null, null, 'admin', 'admin', null),
(901002168,'CELL必填字段维护完整率核查.小区码 ','CELL.ci',901003005,901000710,2, null, null, 'admin', 'admin', null),
(901002169,'CELL必填字段维护完整率核查.覆盖类型','CELL.beehive_type',901003005,901000722,2, null, null, 'admin', 'admin', null),
(901002170,'BTS必填字段维护完整率核查.基站名称','BTS.zh_label',901003001,901000625,2, null, null, 'admin', 'admin', null),
(901002171,'BTS必填字段维护完整率核查.VIP级别','BTS.vip_type',901003001,901000635,2, null, null, 'admin', 'admin', null),
(901002172,'BTS必填字段维护完整率核查.设备厂家','BTS.vendor_id',901003001,901000630,2, null, null, 'admin', 'admin', null),
(901002173,'BTS必填字段维护完整率核查.网管中网元名称','BTS.userlabel',901003001,901000626,2, null, null, 'admin', 'admin', null),
(901002174,'BTS必填字段维护完整率核查.软件版本','BTS.software_version',901003001,901000632,2, null, null, 'admin', 'admin', null),
(901002175,'BTS必填字段维护完整率核查.入网时间','BTS.setup_time',901003001,901000634,2, null, null, 'admin', 'admin', null),
(901002176,'BTS必填字段维护完整率核查.所属机房/位置点','BTS.related_room_location',901003001,901000629,2, null, null, 'admin', 'admin', null),
(901002177,'BTS必填字段维护完整率核查.数据质量责任人（移动）','BTS.qualitor',901003001,901000640,2, null, null, 'admin', 'admin', null),
(901002178,'BTS必填字段维护完整率核查.设备型号','BTS.product_name',901003001,901000631,2, null, null, 'admin', 'admin', null),
(901002179,'BTS必填字段维护完整率核查.网络制式','BTS.net_model',901003001,901000636,2, null, null, 'admin', 'admin', null),
(901002180,'BTS必填字段维护完整率核查.一线数据维护人（代维/一线）','BTS.maintainor',901003001,901000641,2, null, null, 'admin', 'admin', null),
(901002181,'BTS必填字段维护完整率核查.安装位置类型','BTS.location_type',901003001,901000628,2, null, null, 'admin', 'admin', null),
(901002182,'BTS必填字段维护完整率核查.生命周期状态','BTS.lifecycle_status',901003001,901000633,2, null, null, 'admin', 'admin', null),
(901002183,'BTS必填字段维护完整率核查.资源标识','BTS.int_id',901003001,901000624,2, null, null, 'admin', 'admin', null),
(901002184,'BTS必填字段维护完整率核查.设备类型','BTS.device_type',901003001,901000637,2, null, null, 'admin', 'admin', null),
(901002185,'BTS必填字段维护完整率核查.覆盖类型','BTS.beehive_type',901003001,901000638,2, null, null, 'admin', 'admin', null),
(901002186,'BSC必填字段维护完整率核查.设备厂家','BSC.vendor_id',901003000,901000609,2, null, null, 'admin', 'admin', null),
(901002187,'BSC必填字段维护完整率核查.网管中网元名称','BSC.userlabel',901003000,901000608,2, null, null, 'admin', 'admin', null),
(901002188,'BSC必填字段维护完整率核查.软件版本','BSC.software_version',901003000,901000614,2, null, null, 'admin', 'admin', null),
(901002189,'BSC必填字段维护完整率核查.入网时间','BSC.setup_time',901003000,901000616,2, null, null, 'admin', 'admin', null),
(901002190,'BSC必填字段维护完整率核查.所属SGSN/MME','BSC.related_mme_sgsn',901003000,901000620,2, null, null, 'admin', 'admin', null),
(901002191,'BSC必填字段维护完整率核查.所属MGW','BSC.related_mgw',901003000,901000619,2, null, null, 'admin', 'admin', null),
(901002192,'BSC必填字段维护完整率核查.数据质量责任人（移动）','BSC.qualitor',901003000,901000617,2, null, null, 'admin', 'admin', null),
(901002193,'BSC必填字段维护完整率核查.设备型号','BSC.product_name',901003000,901000610,2, null, null, 'admin', 'admin', null),
(901002194,'BSC必填字段维护完整率核查.一线数据维护人（代维/一线）','BSC.maintainor',901003000,901000618,2, null, null, 'admin', 'admin', null),
(901002195,'BSC必填字段维护完整率核查.本地信令点编码','BSC.local_spc',901003000,901000613,2, null, null, 'admin', 'admin', null),
(901002196,'BSC必填字段维护完整率核查.生命周期状态','BSC.lifecycle_status',901003000,901000615,2, null, null, 'admin', 'admin', null),
(901002197,'BSC必填字段维护完整率核查.资源标识','BSC.int_id',901003000,901000607,2, null, null, 'admin', 'admin', null),
(901002198,'板卡必填字段维护完整率核查.所属网元','BOARD.related_bs',901003013,901000850,2, null, null, 'admin', 'admin', null),
(901002199,'板卡必填字段维护完整率核查.板卡型号','BOARD.product_name',901003013,901000847,2, null, null, 'admin', 'admin', null),
(901002200,'板卡必填字段维护完整率核查.资源标识','BOARD.int_id',901003013,901000845,2, null, null, 'admin', 'admin', null),
(901002201,'板卡必填字段维护完整率核查.板卡功能类型','BOARD.board_function_type',901003013,901000849,2, null, null, 'admin', 'admin', null),
(901002202,'BBU必填字段维护完整率核查.BBU名称','BBU.zh_label',901003008,901000789,2, null, null, 'admin', 'admin', null),
(901002203,'BBU必填字段维护完整率核查.所属基站','BBU.related_bs',901003008,901000791,2, null, null, 'admin', 'admin', null),
(901002204,'BBU必填字段维护完整率核查.额定功率','BBU.rated_power',901003008,901000792,2, null, null, 'admin', 'admin', null),
(901002205,'BBU必填字段维护完整率核查.网络制式','BBU.net_model',901003008,901000793,2, null, null, 'admin', 'admin', null),
(901002206,'BBU必填字段维护完整率核查.资源标识','BBU.int_id',901003008,901000788,2, null, null, 'admin', 'admin', null),
(901002207,'天线工参必填字段维护完整率核查.关联频段','ANTENNAPARA.related_frequency',901003019,901000885,2, null, null, 'admin', 'admin', null),
(901002208,'天线工参必填字段维护完整率核查.关联小区','ANTENNAPARA.related_cell',901003019,901000881,2, null, null, 'admin', 'admin', null),
(901002209,'天线工参必填字段维护完整率核查.所属天线','ANTENNAPARA.related_antenna',901003019,901000882,2, null, null, 'admin', 'admin', null),
(901002210,'天线工参必填字段维护完整率核查.机械下倾角','ANTENNAPARA.machine_cor',901003019,901000884,2, null, null, 'admin', 'admin', null),
(901002211,'天线工参必填字段维护完整率核查.资源标识','ANTENNAPARA.int_id',901003019,901000879,2, null, null, 'admin', 'admin', null),
(901002212,'天线工参必填字段维护完整率核查.电下倾角','ANTENNAPARA.ele_bend',901003019,901000883,2, null, null, 'admin', 'admin', null),
(901002213,'天线工参必填字段维护完整率核查.方位角','ANTENNAPARA.azimuth',901003019,901000880,2, null, null, 'admin', 'admin', null),
(901002214,'扼流圈天线必填字段维护完整率核查.设备厂家','ANTENNACHOKECOIL.vendor_id',901003018,901000777,2, null, null, 'admin', 'admin', null),
(901002215,'扼流圈天线必填字段维护完整率核查.天线名称','ANTENNACHOKECOIL.userlabel',901003018,901000775,2, null, null, 'admin', 'admin', null),
(901002216,'扼流圈天线必填字段维护完整率核查.入网时间','ANTENNACHOKECOIL.setup_time',901003018,901000783,2, null, null, 'admin', 'admin', null),
(901002217,'扼流圈天线必填字段维护完整率核查.所属RTK基准站','ANTENNACHOKECOIL.rtkcors',901003018,901000776,2, null, null, 'admin', 'admin', null),
(901002218,'扼流圈天线必填字段维护完整率核查.生命周期状态','ANTENNACHOKECOIL.lifecycle_status',901003018,901000782,2, null, null, 'admin', 'admin', null),
(901002219,'扼流圈天线必填字段维护完整率核查.资源标识','ANTENNACHOKECOIL.int_id',901003018,901000774,2, null, null, 'admin', 'admin', null),
(901002220,'扼流圈天线必填字段维护完整率核查.安装方式','ANTENNACHOKECOIL.install_type',901003018,901000784,2, null, null, 'admin', 'admin', null),
(901002221,'扼流圈天线必填字段维护完整率核查.设备型号','ANTENNACHOKECOIL.device_type',901003018,901000778,2, null, null, 'admin', 'admin', null),
(901002222,'扼流圈天线必填字段维护完整率核查.设备序列号','ANTENNACHOKECOIL.device_sn',901003018,901000779,2, null, null, 'admin', 'admin', null),
(901002223,'天线必填字段维护完整率核查.天线名称','ANTENNA.zh_label',901003017,901000866,2, null, null, 'admin', 'admin', null),
(901002224,'天线必填字段维护完整率核查.设备厂家','ANTENNA.vendor_id',901003017,901000867,2, null, null, 'admin', 'admin', null),
(901002225,'天线必填字段维护完整率核查.入网时间','ANTENNA.setup_time',901003017,901000872,2, null, null, 'admin', 'admin', null),
(901002226,'天线必填字段维护完整率核查.所在铁塔平台','ANTENNA.setup_location',901003017,901000870,2, null, null, 'admin', 'admin', null),
(901002227,'天线必填字段维护完整率核查.所属铁塔','ANTENNA.related_tower',901003017,901000869,2, null, null, 'admin', 'admin', null),
(901002228,'天线必填字段维护完整率核查.设备型号','ANTENNA.product_name',901003017,901000868,2, null, null, 'admin', 'admin', null),
(901002229,'天线必填字段维护完整率核查.资源标识','ANTENNA.int_id',901003017,901000865,2, null, null, 'admin', 'admin', null),
(901002230,'天线必填字段维护完整率核查.是否与AAU一体化','ANTENNA.if_aau',901003017,901000874,2, null, null, 'admin', 'admin', null),
(901002231,'天线必填字段维护完整率核查.天线挂高','ANTENNA.height',901003017,901000871,2, null, null, 'admin', 'admin', null),
(901002232,'天线必填字段维护完整率核查.天线类型','ANTENNA.antenna_type',901003017,901000873,2, null, null, 'admin', 'admin', null),
(901002233,'AAU必填字段维护完整率核查.AAU名称','AAU.zh_label',901003012,901000833,2, null, null, 'admin', 'admin', null),
(901002234,'AAU必填字段维护完整率核查.所属机房/位置点','AAU.related_room_location',901003012,901000835,2, null, null, 'admin', 'admin', null),
(901002235,'AAU必填字段维护完整率核查.关联小区','AAU.related_cell',901003012,901000837,2, null, null, 'admin', 'admin', null),
(901002236,'AAU必填字段维护完整率核查.额定功率','AAU.rated_power',901003012,901000838,2, null, null, 'admin', 'admin', null),
(901002237,'AAU必填字段维护完整率核查.AAU设备型号','AAU.product_name',901003012,901000841,2, null, null, 'admin', 'admin', null),
(901002238,'AAU必填字段维护完整率核查.设备详细安装位置','AAU.location',901003012,901000836,2, null, null, 'admin', 'admin', null),
(901002239,'AAU必填字段维护完整率核查.资源标识','AAU.int_id',901003012,901000832,2, null, null, 'admin', 'admin', null),
(901002240,'AAU必填字段维护完整率核查.接入方式','AAU.connect_model',901003012,901000839,2, null, null, 'admin', 'admin', null),
(901002241,'BTS枚举值核查.安装位置类型','BTS.location_type',901003080,901000628,1, null, null, 'admin', 'admin', null),
(901002242,'BTS枚举值核查.生命周期状态','BTS.lifecycle_status',901003081,901000633,1, null, null, 'admin', 'admin', null),
(901002243,'BTS枚举值核查.设备类型','BTS.device_type',901003082,901000637,1, null, null, 'admin', 'admin', null),
(901002244,'BTS枚举值核查.覆盖类型','BTS.beehive_type',901003083,901000638,1, null, null, 'admin', 'admin', null),
(901002245,'BTS枚举值核查.设备厂家','BTS.vendor_id',901003084,901000630,1, null, null, 'admin', 'admin', null),
(901002246,'BTS枚举值核查.VIP级别','BTS.vip_type',901003085,901000635,1, null, null, 'admin', 'admin', null),
(901002247,'E-NODEB枚举值核查.生命周期状态','ENODEB.lifecycle_status',901003086,901000655,1, null, null, 'admin', 'admin', null),
(901002248,'E-NODEB枚举值核查.设备类型','ENODEB.device_type',901003087,901000659,1, null, null, 'admin', 'admin', null),
(901002249,'E-NODEB枚举值核查.覆盖类型','ENODEB.beehive_type',901003088,901000660,1, null, null, 'admin', 'admin', null),
(901002250,'E-NODEB枚举值核查.VIP级别','ENODEB.vip_type',901003089,901000657,1, null, null, 'admin', 'admin', null),
(901002251,'E-NODEB枚举值核查.设备厂家','ENODEB.rated_power',901003090,901000652,1, null, null, 'admin', 'admin', null),
(901002252,'E-NODEB枚举值核查.安装位置类型','ENODEB.location_type',901003091,901000650,1, null, null, 'admin', 'admin', null),
(901002253,'E-NODEB枚举值核查.构建方式','ENODEB.construction_type',901003092,901000663,1, null, null, 'admin', 'admin', null),
(901002254,'G-NODEB枚举值核查.安装位置类型','GNODEB.location_type',901003093,901000674,1, null, null, 'admin', 'admin', null),
(901002255,'G-NODEB枚举值核查.生命周期状态','GNODEB.lifecycle_status',901003094,901000679,1, null, null, 'admin', 'admin', null),
(901002256,'G-NODEB枚举值核查.设备类型','GNODEB.device_type',901003095,901000683,1, null, null, 'admin', 'admin', null),
(901002257,'G-NODEB枚举值核查.覆盖类型','GNODEB.beehive_type',901003096,901000684,1, null, null, 'admin', 'admin', null),
(901002258,'G-NODEB枚举值核查.VIP级别','GNODEB.vip_type',901003097,901000681,1, null, null, 'admin', 'admin', null),
(901002259,'G-NODEB枚举值核查.设备厂家','GNODEB.rated_power',901003098,901000676,1, null, null, 'admin', 'admin', null),
(901002260,'RTK基准站枚举值核查.安装方式','RTK.place_type',901003099,901000693,1, null, null, 'admin', 'admin', null),
(901002261,'RTK基准站枚举值核查.安装位置类型','RTK.location_type',901003100,901000695,1, null, null, 'admin', 'admin', null),
(901002262,'RTK基准站枚举值核查.生命周期状态','RTK.lifecycle_status',901003101,901000698,1, null, null, 'admin', 'admin', null),
(901002263,'RTK基准站枚举值核查.设备厂家','RTK.vendor_id',901003102,901000702,1, null, null, 'admin', 'admin', null),
(901002264,'CELL枚举值核查.使用频段','CELL.frequency',901003103,901000720,1, null, null, 'admin', 'admin', null),
(901002265,'CELL枚举值核查.安装位置类型','CELL.location_type',901003104,901000715,1, null, null, 'admin', 'admin', null),
(901002266,'CELL枚举值核查.生命周期状态','CELL.lifecycle_status',901003105,901000717,1, null, null, 'admin', 'admin', null),
(901002267,'CELL枚举值核查.覆盖类型','CELL.beehive_type',901003106,901000722,1, null, null, 'admin', 'admin', null),
(901002268,'CELL枚举值核查.覆盖场景','CELL.cover_scene',901003107,901000723,1, null, null, 'admin', 'admin', null),
(901002269,'CELL枚举值核查.是否拉远','CELL.if_remote',901003108,901000721,1, null, null, 'admin', 'admin', null),
(901002270,'CELL枚举值核查.网络制式','CELL.net_model',901003109,901000719,1, null, null, 'admin', 'admin', null),
(901002271,'E-UTRANCELL枚举值核查.使用频段','EUTRANCELL.frequency',901003110,901000742,1, null, null, 'admin', 'admin', null),
(901002272,'E-UTRANCELL枚举值核查.安装位置类型','EUTRANCELL.location_type',901003111,901000737,1, null, null, 'admin', 'admin', null),
(901002273,'E-UTRANCELL枚举值核查.生命周期状态','EUTRANCELL.lifecycle_status',901003112,901000739,1, null, null, 'admin', 'admin', null),
(901002274,'E-UTRANCELL枚举值核查.覆盖类型','EUTRANCELL.beehive_type',901003113,901000744,1, null, null, 'admin', 'admin', null),
(901002275,'E-UTRANCELL枚举值核查.覆盖场景','EUTRANCELL.cover_scene',901003114,901000745,1, null, null, 'admin', 'admin', null),
(901002276,'E-UTRANCELL枚举值核查.是否拉远','EUTRANCELL.if_remote',901003115,901000743,1, null, null, 'admin', 'admin', null),
(901002277,'E-UTRANCELL枚举值核查.网络制式','EUTRANCELL.net_model',901003116,901000741,1, null, null, 'admin', 'admin', null),
(901002278,'NR-CELL枚举值核查.使用频段','NRCELL.frequency',901003117,901000764,1, null, null, 'admin', 'admin', null),
(901002279,'NR-CELL枚举值核查.安装位置类型','NRCELL.location_type',901003118,901000759,1, null, null, 'admin', 'admin', null),
(901002280,'NR-CELL枚举值核查.生命周期状态','NRCELL.lifecycle_status',901003119,901000761,1, null, null, 'admin', 'admin', null),
(901002281,'NR-CELL枚举值核查.覆盖类型','NRCELL.beehive_type',901003120,901000766,1, null, null, 'admin', 'admin', null),
(901002282,'NR-CELL枚举值核查.覆盖场景','NRCELL.cover_scene',901003121,901000767,1, null, null, 'admin', 'admin', null),
(901002283,'NR-CELL枚举值核查.是否拉远','NRCELL.if_remote',901003122,901000765,1, null, null, 'admin', 'admin', null),
(901002284,'NR-CELL枚举值核查.网络制式','NRCELL.net_model',901003123,901000763,1, null, null, 'admin', 'admin', null),
(901002285,'RRU枚举值核查.设备型号','RRU.product_name',901003124,901000806,1, null, null, 'admin', 'admin', null),
(901002286,'AAU枚举值核查.设备型号','AAU.product_name',901003125,901000841,1, null, null, 'admin', 'admin', null),
(901002287,'无线板卡枚举值核查.板卡功能类型','BOARD.board_function_type',901003126,901000849,1, null, null, 'admin', 'admin', null),
(901002288,'无线端口枚举值核查.端口状态','PORT.port_status',901003127,901000859,1, null, null, 'admin', 'admin', null),
(901002289,'直放站枚举值核查.设备厂家','RPT.vendor_id',901003128,901000907,1, null, null, 'admin', 'admin', null),
(901002290,'直放站枚举值核查.信号接收方式','RPT.signal_receive_type',901003129,901000908,1, null, null, 'admin', 'admin', null),
(901002291,'直放站枚举值核查.供电方式','RPT.power_supply_type',901003130,901000909,1, null, null, 'admin', 'admin', null),
(901002292,'直放站枚举值核查.生命周期状态','RPT.lifecycle_status',901003131,901000913,1, null, null, 'admin', 'admin', null),
(901002293,'直放站枚举值核查.直放站类型','RPT.repeater_type',901003132,901000916,1, null, null, 'admin', 'admin', null),
(901002294,'直放站枚举值核查.覆盖类型','RPT.beehive_type',901003133,901000917,1, null, null, 'admin', 'admin', null),
(901002295,'天线枚举值核查.设备厂家','ANTENNA.vendor_id',901003134,901000867,1, null, null, 'admin', 'admin', null),
(901002296,'天线枚举值核查.天线类型','ANTENNA.antenna_type',901003135,901000873,1, null, null, 'admin', 'admin', null),
(901002297,'天线枚举值核查.是否与AAU一体化','ANTENNA.if_aau',901003136,901000874,1, null, null, 'admin', 'admin', null),
(901002298,'扼流圈天线枚举值核查.设备厂家','ANTENNACHOKECOIL.vendor_id',901003137,901000777,1, null, null, 'admin', 'admin', null),
(901002299,'扼流圈天线枚举值核查.生命周期状态','ANTENNACHOKECOIL.lifecycle_status',901003138,901000782,1, null, null, 'admin', 'admin', null),
(901002300,'扼流圈天线枚举值核查.安装方式','ANTENNACHOKECOIL.install_type',901003139,901000784,1, null, null, 'admin', 'admin', null),
(901002301,'铁塔枚举值核查.铁塔类型','TOWER.tower_type',901003140,901000895,1, null, null, 'admin', 'admin', null),
(901002302,'铁塔枚举值核查.产权性质','TOWER.property_right',901003141,901000896,1, null, null, 'admin', 'admin', null),
(901002303,'铁塔枚举值核查.产权单位','TOWER.property_unit',901003142,901000897,1, null, null, 'admin', 'admin', null),
(901002304,'铁塔枚举值核查.共享单位','TOWER.share_unit',901003143,901000898,1, null, null, 'admin', 'admin', null),
(901002305,'铁塔枚举值核查.铁塔产品种类','TOWER.production_type',901003144,901000900,1, null, null, 'admin', 'admin', null),
(901002306,'扩展型皮站AU枚举值核查.设备厂家','PICOAU.vendor_id',901003145,901000954,1, null, null, 'admin', 'admin', null),
(901002307,'扩展型皮站交换机枚举值核查.设备厂家','PICOSWITCH.vendor_id',901003146,901000965,1, null, null, 'admin', 'admin', null),
(901002308,'一体化皮站AP枚举值核查.设备厂家','PICOAP.vendor_id',901003147,901000943,1, null, null, 'admin', 'admin', null),
(901002309,'OMC枚举值核查.设备厂家','OMC.vendor_id',901003148,901000602,1, null, null, 'admin', 'admin', null);

--插入空间 dims_idx_index
insert into dims_idx_index (ID, NAME, CODE, ORDERBY, ENTITYTYPE_ID, SPECIALITYNAME, TYPE, AMOUNTSQL, ERRORSQL, ISENABLE, CREATOR, UPDATER, PROCNAME, THREADNO, PRIORITY, MEMO) values
(902099001, '空间资源完整性指标', 'area10r01-99001', 99001, null, '空间', 3, null, null, 1, 'admin', 'admin', 'PROC_CHECKONEINDEXSET', 0, 2, 'PROC_CHECKONEINDEXSET'),
(902099002, '空间资源规范性指标', 'area10r02-99002', 99002, null, '空间', 3, null, null, 1, 'admin', 'admin', 'PROC_CHECKONEINDEXSET', 0, 2, 'PROC_CHECKONEINDEXSET'),
(902099003, '空间资源关联性指标', 'area10r03-99003', 99003, null, '空间', 3, null, null, 1, 'admin', 'admin', 'PROC_CHECKONEINDEXSET', 0, 2, 'PROC_CHECKONEINDEXSET'),
(902099004, '空间业务合规性指标', 'area10r04-99004', 99004, null, '空间', 3, null, null, 1, 'admin', 'admin', 'PROC_CHECKONEINDEXSET', 0, 2, 'PROC_CHECKONEINDEXSET'),
(902099999, '空间数据整体指标', 'area10r05-99999', 99999, null, '空间', 3, null, null, 1, 'admin', 'admin', 'PROC_CHECKONEINDEXSET', 0, 2, 'PROC_CHECKONEINDEXSET'),
(902003001, '站点必填完整性核查', 'area01r01', 3001, 902001001, '空间', 5, null, null, 1, 'admin', 'admin', 'PROC_DH_CHECKONEINTEGRALITYINDEX', 902001001, 1, null),
(902003002, '位置点必填完整性核查', 'area01r02', 3002, 902001002, '空间', 5, null, null, 1, 'admin', 'admin', 'PROC_DH_CHECKONEINTEGRALITYINDEX', 902001002, 1, null),
(902003003, '机房必填完整性核查', 'area01r03', 3003, 902001003, '空间', 5, null, null, 1, 'admin', 'admin', 'PROC_DH_CHECKONEINTEGRALITYINDEX', 902001003, 1, null),
(902003004, '机架位置必填完整性核查', 'area01r04', 3004, 902001004, '空间', 5, null, null, 1, 'admin', 'admin', 'PROC_DH_CHECKONEINTEGRALITYINDEX', 902001004, 1, null),
(902003005, '位置点条件必填完整性核查(所属铁塔公司机房编码)', 'area01r05', 3005, 902001002, '空间', 5, null, 
'update RM_AREA_RESPOINT t1
                   set dims_col_result=(case when dims_col_result like ''%area01r05%'' then dims_col_result
                                             when dims_col_result is null then ''area01r05''
                                             else dims_col_result||'',area01r05'' end),
                       dims_col_rtName=(case when dims_col_rtName like ''%位置点条件必填完整性核查(所属铁塔公司机房编码)%'' then dims_col_rtName
                                             when dims_col_rtName is null then ''不满足规范:位置点条件必填完整性核查(所属铁塔公司机房编码)''
                                             else dims_col_rtName||'',位置点条件必填完整性核查(所属铁塔公司机房编码)'' end)
                 where property_right = ''租用''
				       and property_unit = ''中国铁塔''
					   and china_tower_address_code is null', 1, 'admin', 'admin', 'PROC_CHECKONEDYNAMICSQLINDEX', 902001002, 1, null),
(902003006, '机房条件必填完整性核查(所属铁塔公司机房编码)', 'area01r06', 3006, 902001003, '空间', 5, null, 
'update RM_AREA_ROOM t1
                   set dims_col_result=(case when dims_col_result like ''%area01r06%'' then dims_col_result
                                             when dims_col_result is null then ''area01r06''
                                             else dims_col_result||'',area01r06'' end),
                       dims_col_rtName=(case when dims_col_rtName like ''%机房条件必填完整性核查(所属铁塔公司机房编码)%'' then dims_col_rtName
                                             when dims_col_rtName is null then ''不满足规范:机房条件必填完整性核查(所属铁塔公司机房编码)''
                                             else dims_col_rtName||'',机房条件必填完整性核查(所属铁塔公司机房编码)'' end)
                 where property_right = ''租用''
				       and property_unit = ''中国铁塔''
					   and china_tower_address_code is null', 1, 'admin', 'admin', 'PROC_CHECKONEDYNAMICSQLINDEX', 902001003, 1, null),
(902003010, '站点经纬度规范性核查', 'area02r01', 3010, 902001001, '空间', 8, null, 
'update RM_AREA_SITE t1
                   set dims_col_result=(case when dims_col_result like ''%area02r01%'' then dims_col_result
                                             when dims_col_result is null then ''area02r01''
                                             else dims_col_result||'',area02r01'' end),
                       dims_col_rtName=(case when dims_col_rtName like ''%站点经纬度规范性核查%'' then dims_col_rtName
                                             when dims_col_rtName is null then ''不满足规范:站点经纬度规范性核查''
                                             else dims_col_rtName||'',站点经纬度规范性核查'' end)
                 where isfloat(latitude) and isfloat(longitude) and (length(substring( latitude from ''\.(.*)''))<5 or length(substring( longitude from ''\.(.*)''))<5)', 1, 'admin', 'admin', 'PROC_CHECKONEDYNAMICSQLINDEX', 902001001, 1, null),
(902003011, '位置点经纬度规范性核查', 'area02r02', 3011, 902001002, '空间', 8, null,  
'update RM_AREA_RESPOINT t1
                   set dims_col_result=(case when dims_col_result like ''%area02r02%'' then dims_col_result
                                             when dims_col_result is null then ''area02r02''
                                             else dims_col_result||'',area02r02'' end),
                       dims_col_rtName=(case when dims_col_rtName like ''%位置点经纬度规范性核查%'' then dims_col_rtName
                                             when dims_col_rtName is null then ''不满足规范:位置点经纬度规范性核查''
                                             else dims_col_rtName||'',位置点经纬度规范性核查'' end)
                 where isfloat(latitude) and isfloat(longitude) and (length(substring( latitude from ''\.(.*)''))<5 or length(substring( longitude from ''\.(.*)''))<5)', 1, 'admin', 'admin', 'PROC_CHECKONEDYNAMICSQLINDEX', 902001002, 1, null),
(902003012, '站点数字型字段规范性核查', 'area02r03', 3012, 902001001, '空间', 8, null,
 'update RM_AREA_SITE t1
                   set dims_col_result=(case when dims_col_result like ''%area02r03%'' then dims_col_result
                                             when dims_col_result is null then ''area02r03''
                                             else dims_col_result||'',area02r03'' end),
                       dims_col_rtName=(case when dims_col_rtName like ''%站点数字型字段规范性核查%'' then dims_col_rtName
                                             when dims_col_rtName is null then ''不满足规范:站点数字型字段规范性核查''
                                             else dims_col_rtName||'',站点数字型字段规范性核查'' end)
                 where isnotfloat(latitude) or isnotfloat(longitude)', 1, 'admin', 'admin', 'PROC_CHECKONEDYNAMICSQLINDEX', 902001001, 1, null),
(902003013, '位置点数字型字段规范性核查', 'area02r04', 3013, 902001002, '空间', 8, null,  
'update RM_AREA_RESPOINT t1
                   set dims_col_result=(case when dims_col_result like ''%area02r04%'' then dims_col_result
                                             when dims_col_result is null then ''area02r04''
                                             else dims_col_result||'',area02r04'' end),
                       dims_col_rtName=(case when dims_col_rtName like ''%位置点数字型字段规范性核查%'' then dims_col_rtName
                                             when dims_col_rtName is null then ''不满足规范:位置点数字型字段规范性核查''
                                             else dims_col_rtName||'',位置点数字型字段规范性核查'' end)
                 where isnotfloat(latitude) or isnotfloat(longitude)', 1, 'admin', 'admin', 'PROC_CHECKONEDYNAMICSQLINDEX', 902001002, 1, null),
(902003014, '站点(站点类别)枚举值规范性核查', 'area02r05', 3014, 902001001, '空间', 4, null, null, 1, 'admin', 'admin', 'PROC_CHECKONEDICTACCURACYINDEX', 902001001, 1, null),
(902003015, '位置点（资源点）(位置点类型)枚举值规范性核查', 'area02r06', 3015, 902001002, '空间', 4, null, null, 1, 'admin', 'admin', 'PROC_CHECKONEDICTACCURACYINDEX', 902001002, 1, null),
(902003016, '位置点（资源点）(产权性质)枚举值规范性核查', 'area02r07', 3016, 902001002, '空间', 4, null, null, 1, 'admin', 'admin', 'PROC_CHECKONEDICTACCURACYINDEX', 902001002, 1, null),
(902003017, '位置点（资源点）(产权单位)枚举值规范性核查', 'area02r08', 3017, 902001002, '空间', 4, null, null, 1, 'admin', 'admin', 'PROC_CHECKONEDICTACCURACYINDEX', 902001002, 1, null),
(902003018, '机房(产权性质)枚举值规范性核查', 'area02r09', 3018, 902001003, '空间', 4, null, null, 1, 'admin', 'admin', 'PROC_CHECKONEDICTACCURACYINDEX', 902001003, 1, null),
(902003019, '机房(产权单位)枚举值规范性核查', 'area02r10', 3019, 902001003, '空间', 4, null, null, 1, 'admin', 'admin', 'PROC_CHECKONEDICTACCURACYINDEX', 902001003, 1, null),
(902003020, '机房(生命周期状态)枚举值规范性核查', 'area02r11', 3020, 902001003, '空间', 4, null, null, 1, 'admin', 'admin', 'PROC_CHECKONEDICTACCURACYINDEX', 902001003, 1, null),
(902003021, '机房(机房类型)枚举值规范性核查', 'area02r12', 3021, 902001003, '空间', 4, null, null, 1, 'admin', 'admin', 'PROC_CHECKONEDICTACCURACYINDEX', 902001003, 1, null),
(902003022, '机房(机房级别)枚举值规范性核查', 'area02r13', 3022, 902001003, '空间', 4, null, null, 1, 'admin', 'admin', 'PROC_CHECKONEDICTACCURACYINDEX', 902001003, 1, null),
(902003023, '机架位置(机架位置状态)枚举值规范性核查', 'area02r14', 3023, 902001004, '空间', 4, null, null, 1, 'admin', 'admin', 'PROC_CHECKONEDICTACCURACYINDEX', 902001004, 1, null),
(902003024, '机房(所属站点)关联型字段核查', 'area03r01', 3024, 902001003, '空间', 10, null,  
'update RM_AREA_ROOM t1
                   set dims_col_result=(case when dims_col_result like ''%area03r01%'' then dims_col_result
                                             when dims_col_result is null then ''area03r01''
                                             else dims_col_result||'',area03r01'' end),
                       dims_col_rtName=(case when dims_col_rtName like ''%机房(所属站点)关联型字段核查%'' then dims_col_rtName
                                             when dims_col_rtName is null then ''不满足规范:机房(所属站点)关联型字段核查''
                                             else dims_col_rtName||'',机房(所属站点)关联型字段核查'' end)
                 where isNotNull(t1.related_site) and not exists(select 1
															from RM_AREA_SITE t2
														   where  t1.related_site = t2.int_id)', 1, 'admin', 'admin', 'PROC_CHECKONEDYNAMICSQLINDEX', 902001003, 1, null),
(902003025, '机架位置(所属机房)关联型字段核查', 'area03r02', 3025, 902001004, '空间', 10, null,  
'update RM_AREA_RACKPOS t1
                   set dims_col_result=(case when dims_col_result like ''%area03r02%'' then dims_col_result
                                             when dims_col_result is null then ''area03r02''
                                             else dims_col_result||'',area03r02'' end),
                       dims_col_rtName=(case when dims_col_rtName like ''%机架位置(所属机房)关联型字段核查%'' then dims_col_rtName
                                             when dims_col_rtName is null then ''不满足规范:机架位置(所属机房)关联型字段核查''
                                             else dims_col_rtName||'',机架位置(所属机房)关联型字段核查'' end)
                 where isNotNull(t1.equiproom_id) and not exists(select 1
															from RM_AREA_ROOM t2
														   where  t1.equiproom_id = t2.int_id)', 1, 'admin', 'admin', 'PROC_CHECKONEDYNAMICSQLINDEX', 902001004, 1, null),
(902003026, '站点经纬度范围合规性核查', 'area04r01', 3026, 902001001, '空间', 10, null, null, 1, 'admin', 'admin', 'PROC_CHECKONECOORDINATEINDEX', 902001001, 1, null),								  
(902003027, '位置点经纬度范围合规性核查', 'area04r02', 3027, 902001002, '空间', 10, null, null, 1, 'admin', 'admin', 'PROC_CHECKONECOORDINATEINDEX', 902001002, 1, null),								  
(902003028, '站点合规性核查', 'area04r03', 3028, 902001001, '空间', 10, null,  
'update RM_AREA_SITE t1
                   set dims_col_result=(case when dims_col_result like ''%area04r03%'' then dims_col_result
                                             when dims_col_result is null then ''area04r03''
                                             else dims_col_result||'',area04r03'' end),
                       dims_col_rtName=(case when dims_col_rtName like ''%站点合规性核查%'' then dims_col_rtName
                                             when dims_col_rtName is null then ''不满足规范:站点合规性核查''
                                             else dims_col_rtName||'',站点合规性核查'' end)
                 where isNotNull(t1.int_id) and not exists(select 1
																from RM_AREA_ROOM t2
															   where  t1.int_id = t2.related_site)', 1, 'admin', 'admin', 'PROC_CHECKONEDYNAMICSQLINDEX', 902001001, 1, null),
--todu
(902003029, '机房合规性核查', 'area04r04', 3029, 902001003, '空间', 10, null,  
'update RM_AREA_ROOM t1
                   set dims_col_result=(case when dims_col_result like ''%area04r04%'' then dims_col_result
                                             when dims_col_result is null then ''area04r04''
                                             else dims_col_result||'',area04r04'' end),
                       dims_col_rtName=(case when dims_col_rtName like ''%机房合规性核查%'' then dims_col_rtName
                                             when dims_col_rtName is null then ''不满足规范:机房合规性核查''
                                             else dims_col_rtName||'',机房合规性核查'' end)
                 where not exists(select 1
                                from CM_DEVICE_RACK t2,DEVICE t3
                               where  (t1.int_id = t2.related_room
                                      or  t1.int_id = t3.related_postion/related_room)
                                      and t1.int_id is not null)
					   or not exists(select 1
					                 from RM_AREA_RACKPOS t2
									 where t1.int_id = t2.equiproom_id
									       and (t1.equiproom_level like ''核心%''
										        or t1.equiproom_level like ''汇聚%''))', 2, 'admin', 'admin', 'PROC_CHECKONEDYNAMICSQLINDEX', 902001003, 1, null),
--todu
(902003030, '位置点设备合规性核查', 'area04r05', 3030, 902001002, '空间', 10, null,  
'update RM_AREA_RESPOINT t1
                   set dims_col_result=(case when dims_col_result like ''%area04r05%'' then dims_col_result
                                             when dims_col_result is null then ''area04r05''
                                             else dims_col_result||'',area04r05'' end),
                       dims_col_rtName=(case when dims_col_rtName like ''%位置点设备合规性核查%'' then dims_col_rtName
                                             when dims_col_rtName is null then ''不满足规范:位置点设备合规性核查''
                                             else dims_col_rtName||'',位置点设备合规性核查'' end)
                 where isNotNull(t1.int_id) and not exists(select 1
															from DEVICE t2
														   where  t1.int_id = t2.related_postion/related_room)', 2, 'admin', 'admin', 'PROC_CHECKONEDYNAMICSQLINDEX', 902001002, 1, null);
--插入空间 dims_idx_IndexCarrier
insert into dims_idx_IndexCarrier (ID, PARENTINDEX_ID, CHILDINDEX_ID, CREATOR, UPDATER, MEMO) values
(902004001, 902099001, 902003001, 'admin', 'admin', null),
(902004002, 902099001, 902003002, 'admin', 'admin', null),
(902004003, 902099001, 902003003, 'admin', 'admin', null),
(902004004, 902099001, 902003004, 'admin', 'admin', null),
(902004005, 902099001, 902003005, 'admin', 'admin', null),
(902004006, 902099001, 902003006, 'admin', 'admin', null),
(902004007, 902099002, 902003010, 'admin', 'admin', null),
(902004008, 902099002, 902003011, 'admin', 'admin', null),
(902004009, 902099002, 902003012, 'admin', 'admin', null),
(902004010, 902099002, 902003013, 'admin', 'admin', null),
(902004011, 902099002, 902003014, 'admin', 'admin', null),
(902004012, 902099002, 902003015, 'admin', 'admin', null),
(902004013, 902099002, 902003016, 'admin', 'admin', null),
(902004014, 902099002, 902003017, 'admin', 'admin', null),
(902004015, 902099002, 902003018, 'admin', 'admin', null),
(902004016, 902099002, 902003019, 'admin', 'admin', null),
(902004017, 902099002, 902003020, 'admin', 'admin', null),
(902004018, 902099002, 902003021, 'admin', 'admin', null),
(902004019, 902099002, 902003022, 'admin', 'admin', null),
(902004020, 902099002, 902003023, 'admin', 'admin', null),
(902004021, 902099003, 902003024, 'admin', 'admin', null),
(902004022, 902099003, 902003025, 'admin', 'admin', null),
(902004023, 902099004, 902003026, 'admin', 'admin', null),
(902004024, 902099004, 902003027, 'admin', 'admin', null),
(902004025, 902099004, 902003028, 'admin', 'admin', null),
(902004026, 902099004, 902003029, 'admin', 'admin', null),
(902004027, 902099004, 902003030, 'admin', 'admin', null),
(902004028, 902099999, 902099001, 'admin', 'admin', null),
(902004029, 902099999, 902099002, 'admin', 'admin', null),
(902004030, 902099999, 902099003, 'admin', 'admin', null),
(902004031, 902099999, 902099004, 'admin', 'admin', null);
--插入空间 dims_idx_rule
--RM_AREA_SITE
insert into dims_idx_rule (ID, NAME, CODE, INDEX_ID, ATTRIBUTETYPE_ID, TYPE, RULEMEMO, DICTIONARYNAME, CREATOR, UPDATER, MEMO) values
(902005501, '站点必填完整性核查.站点名称', 'RM_AREA_SITE.zh_label', 902003001, 902001302, 2, null, null, 'admin', 'admin', null),
(902005502, '站点必填完整性核查.经度', 'RM_AREA_SITE.longitude', 902003001, 902001307, 2, null, null, 'admin', 'admin', null),
(902005503, '站点必填完整性核查.纬度', 'RM_AREA_SITE.latitude', 902003001, 902001308, 2, null, null, 'admin', 'admin', null),
(902005504, '站点必填完整性核查.数据质量责任人（移动）', 'RM_AREA_SITE.qualitor', 902003001, 902001304, 2, null, null, 'admin', 'admin', null),
(902005505, '站点必填完整性核查.所属省份', 'RM_AREA_SITE.province_id', 902003001, 902001309, 2, null, null, 'admin', 'admin', null),
(902005506, '站点必填完整性核查.所属地市', 'RM_AREA_SITE.city_id', 902003001, 902001310, 2, null, null, 'admin', 'admin', null),
(902005507, '站点必填完整性核查.所属区县', 'RM_AREA_SITE.county_id', 902003001, 902001311, 2, null, null, 'admin', 'admin', null),
(902005508, '站点必填完整性核查.站点类别', 'RM_AREA_SITE.site_type', 902003001, 902001305, 2, null, null, 'admin', 'admin', null),
(902005509, '站点必填完整性核查.详细地址', 'RM_AREA_SITE.address', 902003001, 902001306, 2, null, null, 'admin', 'admin', null),
--RM_AREA_RESPOINT
(902005510, '位置点必填完整性核查.位置点名称', 'RM_AREA_RESPOINT.zh_label', 902003002, 902001315, 2, null, null, 'admin', 'admin', null),
(902005511, '位置点必填完整性核查.位置点类型', 'RM_AREA_RESPOINT.res_type', 902003002, 902001319, 2, null, null, 'admin', 'admin', null),
(902005512, '位置点必填完整性核查.经度', 'RM_AREA_RESPOINT.longitude', 902003002, 902001316, 2, null, null, 'admin', 'admin', null),
(902005513, '位置点必填完整性核查.纬度', 'RM_AREA_RESPOINT.latitude', 902003002, 902001317, 2, null, null, 'admin', 'admin', null),
(902005514, '位置点必填完整性核查.数据质量责任人（移动）', 'RM_AREA_RESPOINT.qualitor', 902003002, 902001321, 2, null, null, 'admin', 'admin', null),
(902005515, '位置点必填完整性核查.详细地址', 'RM_AREA_RESPOINT.address', 902003002, 902001318, 2, null, null, 'admin', 'admin', null),
(902005516, '位置点必填完整性核查.所属省份', 'RM_AREA_RESPOINT.province_id', 902003002, 902001323, 2, null, null, 'admin', 'admin', null),
(902005517, '位置点必填完整性核查.所属地市', 'RM_AREA_RESPOINT.city_id', 902003002, 902001324, 2, null, null, 'admin', 'admin', null),
(902005518, '位置点必填完整性核查.所属区县', 'RM_AREA_RESPOINT.county_id', 902003002, 902001325, 2, null, null, 'admin', 'admin', null),
(902005519, '位置点必填完整性核查.产权性质', 'RM_AREA_RESPOINT.property_right', 902003002, 902001326, 2, null, null, 'admin', 'admin', null),
(902005520, '位置点必填完整性核查.产权单位', 'RM_AREA_RESPOINT.property_unit', 902003002, 902001327, 2, null, null, 'admin', 'admin', null),
--RM_AREA_ROOM
(902005521, '机房必填完整性核查.机房名称', 'RM_AREA_ROOM.zh_label', 902003003, 902001329, 2, null, null, 'admin', 'admin', null),
(902005522, '机房必填完整性核查.所在楼层', 'RM_AREA_ROOM.floor_num', 902003003, 902001332, 2, null, null, 'admin', 'admin', null),
(902005523, '机房必填完整性核查.产权性质', 'RM_AREA_ROOM.property_right', 902003003, 902001333, 2, null, null, 'admin', 'admin', null),
(902005524, '机房必填完整性核查.产权单位', 'RM_AREA_ROOM.property_unit', 902003003, 902001334, 2, null, null, 'admin', 'admin', null),
(902005525, '机房必填完整性核查.生命周期状态', 'RM_AREA_ROOM.lifecycle_status', 902003003, 902001335, 2, null, null, 'admin', 'admin', null),
(902005526, '机房必填完整性核查.入网时间', 'RM_AREA_ROOM.cutin_date', 902003003, 902001336, 2, null, null, 'admin', 'admin', null),
(902005527, '机房必填完整性核查.所属站点', 'RM_AREA_ROOM.related_site', 902003003, 902001331, 2, null, null, 'admin', 'admin', null),
(902005528, '机房必填完整性核查.机房类型', 'RM_AREA_ROOM.equiproom_type', 902003003, 902001338, 2, null, null, 'admin', 'admin', null),
(902005529, '机房必填完整性核查.机房级别', 'RM_AREA_ROOM.equiproom_level', 902003003, 902001339, 2, null, null, 'admin', 'admin', null),
(902005530, '机房必填完整性核查.数据质量责任人（移动）', 'RM_AREA_ROOM.qualitor', 902003003, 902001337, 2, null, null, 'admin', 'admin', null),
(902005531, '机房必填完整性核查.所属省份', 'RM_AREA_ROOM.province_id', 902003003, 902001344, 2, null, null, 'admin', 'admin', null),
(902005532, '机房必填完整性核查.所属地市', 'RM_AREA_ROOM.city_id', 902003003, 902001345, 2, null, null, 'admin', 'admin', null),
(902005533, '机房必填完整性核查.所属区县', 'RM_AREA_ROOM.county_id', 902003003, 902001346, 2, null, null, 'admin', 'admin', null),
(902005534, '机房必填完整性核查.机房面积（平方米）', 'RM_AREA_ROOM.room_area', 902003003, 902001340, 2, null, null, 'admin', 'admin', null),
(902005535, '机房必填完整性核查.共享单位', 'RM_AREA_ROOM.shared_unit', 902003003, 902001342, 2, null, null, 'admin', 'admin', null),
--RM_AREA_RACKPOS
(902005536, '机架位置必填完整性核查.机架位置编号', 'RM_AREA_RACKPOS.serial', 902003004, 902001349, 2, null, null, 'admin', 'admin', null),
(902005537, '机架位置必填完整性核查.所属机房', 'RM_AREA_RACKPOS.equiproom_id', 902003004, 902001350, 2, null, null, 'admin', 'admin', null),
(902005538, '机架位置必填完整性核查.所在行', 'RM_AREA_RACKPOS.row_id', 902003004, 902001351, 2, null, null, 'admin', 'admin', null),
(902005539, '机架位置必填完整性核查.所在列', 'RM_AREA_RACKPOS.line_id', 902003004, 902001352, 2, null, null, 'admin', 'admin', null),
(902005540, '机架位置必填完整性核查.机架位置状态', 'RM_AREA_RACKPOS.using_status', 902003004, 902001353, 2, null, null, 'admin', 'admin', null),
(902005541, '机架位置必填完整性核查.名称', 'RM_AREA_RACKPOS.zh_label', 902003004, 902001348, 2, null, null, 'admin', 'admin', null),
(902005542, '机架位置必填完整性核查.所属省份', 'RM_AREA_RACKPOS.province_id', 902003004, 902001354, 2, null, null, 'admin', 'admin', null),
(902005543, '机架位置必填完整性核查.所属地市', 'RM_AREA_RACKPOS.city_id', 902003004, 902001355, 2, null, null, 'admin', 'admin', null),
(902005544, '机架位置必填完整性核查.所属区县', 'RM_AREA_RACKPOS.county_id', 902003004, 902001356, 2, null, null, 'admin', 'admin', null),
--字典值
(902005545, '站点(站点类别)枚举值规范性核查', 'site_type', 902003014, 902001305, 1, null, '站点类别site_type', 'admin', 'admin', null),
(902005546, '位置点（资源点）(位置点类型)枚举值规范性核查', 'res_type', 902003015, 902001319, 1, null, '位置点类型res_type', 'admin', 'admin', null),
(902005547, '位置点（资源点）(产权性质)枚举值规范性核查', 'property_right', 902003016, 902001326, 1, null, '产权性质property_right', 'admin', 'admin', null),
(902005548, '位置点（资源点）(产权单位)枚举值规范性核查', 'property_unit', 902003017, 902001327, 1, null, '产权单位property_unit', 'admin', 'admin', null),
(902005549, '机房(产权性质)枚举值规范性核查', 'property_right', 902003018, 902001333, 1, null, '产权性质property_right', 'admin', 'admin', null),
(902005550, '机房(产权单位)枚举值规范性核查', 'property_unit', 902003019, 902001334, 1, null, '产权单位property_unit', 'admin', 'admin', null),
(902005551, '机房(生命周期状态)枚举值规范性核查', 'lifecycle_status', 902003020, 902001335, 1, null, '生命周期状态lifecycle_status', 'admin', 'admin', null),
(902005552, '机房(机房类型)枚举值规范性核查', 'equiproom_type', 902003021, 902001338, 1, null, '机房类型equiproom_type', 'admin', 'admin', null),
(902005553, '机房(机房级别)枚举值规范性核查', 'equiproom_level', 902003022, 902001339, 1, null, '机房级别equiproom_level', 'admin', 'admin', null),
(902005554, '机架位置(机架位置状态)枚举值规范性核查', 'using_status', 902003023, 902001353, 1, null, '机架位置状态using_status', 'admin', 'admin', null);

--插入公共 dims_idx_index
insert into dims_idx_index (ID, NAME, CODE, ORDERBY, ENTITYTYPE_ID, SPECIALITYNAME, TYPE, AMOUNTSQL, ERRORSQL, ISENABLE, CREATOR, UPDATER, PROCNAME, THREADNO, PRIORITY, MEMO) values
(900099001, '公共资源完整性指标', 'common10r01-99001', 99001, null, '公共', 3, null, null, 1, 'admin', 'admin', 'PROC_CHECKONEINDEXSET', 0, 2, 'PROC_CHECKONEINDEXSET'),
(900099002, '公共资源规范性指标', 'common10r02-99002', 99002, null, '公共', 3, null, null, 1, 'admin', 'admin', 'PROC_CHECKONEINDEXSET', 0, 2, 'PROC_CHECKONEINDEXSET'),
(900099003, '公共资源关联性指标', 'common10r03-99003', 99003, null, '公共', 3, null, null, 1, 'admin', 'admin', 'PROC_CHECKONEINDEXSET', 0, 2, 'PROC_CHECKONEINDEXSET'),
(900099004, '公共业务合规性指标', 'common10r04-99004', 99004, null, '公共', 3, null, null, 1, 'admin', 'admin', 'PROC_CHECKONEINDEXSET', 0, 2, 'PROC_CHECKONEINDEXSET'),
(900099999, '公共数据整体指标', 'common10r05-99999', 99999, null, '公共', 3, null, null, 1, 'admin', 'admin', 'PROC_CHECKONEINDEXSET', 0, 2, 'PROC_CHECKONEINDEXSET'),
(900003001, '机架必填完整性核查', 'common01r01', 3001, 900001001, '公共', 5, null, null, 1, 'admin', 'admin', 'PROC_DH_CHECKONEINTEGRALITYINDEX', 900001001, 1, null),
(900003002, 'DDM模块必填完整性核查', 'common01r02', 3002, 900001002, '公共', 5, null, null, 1, 'admin', 'admin', 'PROC_DH_CHECKONEINTEGRALITYINDEX', 900001002, 1, null),
(900003003, 'ODM模块必填完整性核查', 'common01r03', 3003, 900001003, '公共', 5, null, null, 1, 'admin', 'admin', 'PROC_DH_CHECKONEINTEGRALITYINDEX', 900001003, 1, null),
(900003004, 'DDF端子必填完整性核查', 'common01r04', 3004, 900001004, '公共', 5, null, null, 1, 'admin', 'admin', 'PROC_DH_CHECKONEINTEGRALITYINDEX', 900001004, 1, null),
(900003005, 'ODF端子必填完整性核查', 'common01r05', 3005, 900001005, '公共', 5, null, null, 1, 'admin', 'admin', 'PROC_DH_CHECKONEINTEGRALITYINDEX', 900001005, 1, null),
(900003006, '机架条件必填完整性核查(所属装机位置)', 'common01r06', 3006, 900001001, '公共', 5, null, 
'update CM_DEVICE_RACK t1
                   set dims_col_result=(case when dims_col_result like ''%common01r06%'' then dims_col_result
                                             when dims_col_result is null then ''common01r06''
                                             else dims_col_result||'',common01r06'' end),
                       dims_col_rtName=(case when dims_col_rtName like ''%机架条件必填完整性核查(所属装机位置)%'' then dims_col_rtName
                                             when dims_col_rtName is null then ''不满足规范:机架条件必填完整性核查(所属装机位置)''
                                             else dims_col_rtName||'',机架条件必填完整性核查(所属装机位置)'' end)
                 where isNull(t1.related_rackposition) and exists(select 1
																	from RM_AREA_ROOM t2
																   where  t1.related_room = t2.int_id
																		  and t2.equiproom_type = ''核心机房'')', 1, 'admin', 'admin', 'PROC_CHECKONEDYNAMICSQLINDEX', 900001001, 1, null),
(900003007, '机架(机架类型)枚举值规范性核查', 'common02r01', 3007, 900001001, '公共', 4, null, null, 1, 'admin', 'admin', 'PROC_CHECKONEDICTACCURACYINDEX', 900001001, 1, null),
(900003008, '机架(所属空间类型)枚举值规范性核查', 'common02r02', 3008, 900001001, '公共', 4, null, null, 1, 'admin', 'admin', 'PROC_CHECKONEDICTACCURACYINDEX', 900001001, 1, null),
(900003009, '机架(生命周期状态)枚举值规范性核查', 'common02r03', 3009, 900001001, '公共', 4, null, null, 1, 'admin', 'admin', 'PROC_CHECKONEDICTACCURACYINDEX', 900001001, 1, null),
(900003010, 'ODM模块(所属设备类型)枚举值规范性核查', 'common02r04', 3010, 900001003, '公共', 4, null, null, 1, 'admin', 'admin', 'PROC_CHECKONEDICTACCURACYINDEX', 900001003, 1, null),
(900003011, 'DDF端子(端子状态)枚举值规范性核查', 'common02r05', 3011, 900001004, '公共', 4, null, null, 1, 'admin', 'admin', 'PROC_CHECKONEDICTACCURACYINDEX', 900001004, 1, null),
(900003012, 'ODF端子(端子状态)枚举值规范性核查', 'common02r06', 3012, 900001005, '公共', 4, null, null, 1, 'admin', 'admin', 'PROC_CHECKONEDICTACCURACYINDEX', 900001005, 1, null),
(900003013, '机架(所属机房/资源点)关联型字段核查', 'common03r01', 3013, 900001001, '公共', 10, null,
'update CM_DEVICE_RACK t1
                   set dims_col_result=(case when dims_col_result like ''%common03r01%'' then dims_col_result
                                             when dims_col_result is null then ''common03r01''
                                             else dims_col_result||'',common03r01'' end),
                       dims_col_rtName=(case when dims_col_rtName like ''%机架(所属机房/资源点)关联型字段核查%'' then dims_col_rtName
                                             when dims_col_rtName is null then ''不满足规范:机架(所属机房/资源点)关联型字段核查''
                                             else dims_col_rtName||'',机架(所属机房/资源点)关联型字段核查'' end)
                 where isNotNull(t1.related_room) and not exists(select 1
																   from RM_AREA_ROOM t2,RM_AREA_RESPOINT t3
																   where  (t1.related_room = t2.int_id
																		  or t1.related_room = t3.int_id))', 1, 'admin', 'admin', 'PROC_CHECKONEDYNAMICSQLINDEX', 900001001, 1, null),
(900003014, '机架(所属装机位置)关联型字段核查', 'common03r02', 3014, 900001001, '公共', 10, null,
'update CM_DEVICE_RACK t1
                   set dims_col_result=(case when dims_col_result like ''%common03r02%'' then dims_col_result
                                             when dims_col_result is null then ''common03r02''
                                             else dims_col_result||'',common03r02'' end),
                       dims_col_rtName=(case when dims_col_rtName like ''%机架(所属装机位置)关联型字段核查%'' then dims_col_rtName
                                             when dims_col_rtName is null then ''不满足规范:机架(所属装机位置)关联型字段核查''
                                             else dims_col_rtName||'',机架(所属装机位置)关联型字段核查'' end)
                 where isNotNull(t1.related_rackposition) and not exists(select 1
																		from RM_AREA_RACKPOS t2
																	    where  t1.related_rackposition = t2.int_id)', 1, 'admin', 'admin', 'PROC_CHECKONEDYNAMICSQLINDEX', 900001001, 1, null),
(900003015, 'DDM模块(所属机架)关联型字段核查', 'common03r03', 3015, 900001002, '公共', 10, null,
'update CE_WARE_DDM t1
                   set dims_col_result=(case when dims_col_result like ''%common03r03%'' then dims_col_result
                                             when dims_col_result is null then ''common03r03''
                                             else dims_col_result||'',common03r03'' end),
                       dims_col_rtName=(case when dims_col_rtName like ''%DDM模块(所属机架)关联型字段核查%'' then dims_col_rtName
                                             when dims_col_rtName is null then ''不满足规范:DDM模块(所属机架)关联型字段核查''
                                             else dims_col_rtName||'',DDM模块(所属机架)关联型字段核查'' end)
                 where isNotNull(t1.related_reackpos) and not exists(select 1
																		from CM_DEVICE_RACK t2
																	   where  t1.related_reackpos = t2.int_id)', 1, 'admin', 'admin', 'PROC_CHECKONEDYNAMICSQLINDEX', 900001002, 1, null),
(900003016, 'ODM模块(所属设备)关联型字段核查', 'common03r04', 3016, 900001003, '公共', 10, null,
'update CE_WARE_ODM t1
                   set dims_col_result=(case when dims_col_result like ''%common03r04%'' then dims_col_result
                                             when dims_col_result is null then ''common03r04''
                                             else dims_col_result||'',common03r04'' end),
                       dims_col_rtName=(case when dims_col_rtName like ''%ODM模块(所属设备)关联型字段核查%'' then dims_col_rtName
                                             when dims_col_rtName is null then ''不满足规范:ODM模块(所属设备)关联型字段核查''
                                             else dims_col_rtName||'',ODM模块(所属设备)关联型字段核查'' end)
                 where isNotNull(t1.related_device_id) and not exists(select 1
																	from CE_DEVICE_GJ t2,CE_DEVICE_GF t3,CE_DEVICE_GB t4
																   where  t1.related_device_id = t2.int_id
																		  or t1.related_device_id = t3.int_id
																		  or t1.related_device_id = t4.int_id)', 1, 'admin', 'admin', 'PROC_CHECKONEDYNAMICSQLINDEX', 900001003, 1, null),
(900003017, 'DDF端子(所属DDM模块)关联型字段核查', 'common03r05', 3017, 900001004, '公共', 10, null,
'update CM_PORT_DDF t1
                   set dims_col_result=(case when dims_col_result like ''%common03r05%'' then dims_col_result
                                             when dims_col_result is null then ''common03r05''
                                             else dims_col_result||'',common03r05'' end),
                       dims_col_rtName=(case when dims_col_rtName like ''%DDF端子(所属DDM模块)关联型字段核查%'' then dims_col_rtName
                                             when dims_col_rtName is null then ''不满足规范:DDF端子(所属DDM模块)关联型字段核查''
                                             else dims_col_rtName||'',DDF端子(所属DDM模块)关联型字段核查'' end)
                 where isNotNull(t1.related_ddm) and not exists(select 1
															from CE_WARE_DDM t2
														   where  t1.related_ddm = t2.int_id)', 1, 'admin', 'admin', 'PROC_CHECKONEDYNAMICSQLINDEX', 900001004, 1, null),
(900003018, 'ODF端子(所属ODM模块)关联型字段核查', 'common03r06', 3018, 900001005, '公共', 10, null,
'update CM_PORT_ODF t1
                   set dims_col_result=(case when dims_col_result like ''%common03r06%'' then dims_col_result
                                             when dims_col_result is null then ''common03r06''
                                             else dims_col_result||'',common03r06'' end),
                       dims_col_rtName=(case when dims_col_rtName like ''%ODF端子(所属ODM模块)关联型字段核查%'' then dims_col_rtName
                                             when dims_col_rtName is null then ''不满足规范:ODF端子(所属ODM模块)关联型字段核查''
                                             else dims_col_rtName||'',ODF端子(所属ODM模块)关联型字段核查'' end)
                 where isNotNull(t1.related_odm) and not exists(select 1
																from CE_WARE_ODM t2
															   where  (t1.related_odm = t2.int_id)', 1, 'admin', 'admin', 'PROC_CHECKONEDYNAMICSQLINDEX', 900001005, 1, null),
(900003019, 'DDM模块在所有DDM端子DDM模块中无法查到', 'common04r01', 3019, 900001002, '公共', 10, null,
'update CE_WARE_DDM t1
                   set dims_col_result=(case when dims_col_result like ''%common04r01%'' then dims_col_result
                                             when dims_col_result is null then ''common04r01''
                                             else dims_col_result||'',common04r01'' end),
                       dims_col_rtName=(case when dims_col_rtName like ''%DDM模块在所有DDM端子DDM模块中无法查到%'' then dims_col_rtName
                                             when dims_col_rtName is null then ''不满足规范:DDM模块在所有DDM端子DDM模块中无法查到''
                                             else dims_col_rtName||'',DDM模块在所有DDM端子DDM模块中无法查到'' end)
                 where isNotNull(t1.int_id) and not exists(select 1
																from CM_PORT_DDF t2
															   where  (t2.related_ddm = t1.int_id)', 1, 'admin', 'admin', 'PROC_CHECKONEDYNAMICSQLINDEX', 900001002, 1, null),								  
(900003020, 'ODM模块在所有oDM端子ODM模块中无法查到', 'common04r02', 3020, 900001003, '公共', 10, null,
'update CE_WARE_ODM t1
                   set dims_col_result=(case when dims_col_result like ''%common04r02%'' then dims_col_result
                                             when dims_col_result is null then ''common04r02''
                                             else dims_col_result||'',common04r02'' end),
                       dims_col_rtName=(case when dims_col_rtName like ''%ODM模块在所有oDM端子ODM模块中无法查到%'' then dims_col_rtName
                                             when dims_col_rtName is null then ''不满足规范:ODM模块在所有oDM端子ODM模块中无法查到''
                                             else dims_col_rtName||'',ODM模块在所有oDM端子ODM模块中无法查到'' end)
                 where isNotNull(t1.int_id) and not exists(select 1
															from CM_PORT_ODF t2
														   where  (t2.related_odm = t1.int_id)', 1, 'admin', 'admin', 'PROC_CHECKONEDYNAMICSQLINDEX', 900001003, 1, null);
--插入公共 dims_idx_IndexCarrier
insert into dims_idx_IndexCarrier (ID, PARENTINDEX_ID, CHILDINDEX_ID, CREATOR, UPDATER, MEMO) values
(900004001, 900099001, 900003001, 'admin', 'admin', null),
(900004002, 900099001, 900003002, 'admin', 'admin', null),
(900004003, 900099001, 900003003, 'admin', 'admin', null),
(900004004, 900099001, 900003004, 'admin', 'admin', null),
(900004005, 900099001, 900003005, 'admin', 'admin', null),
(900004006, 900099001, 900003006, 'admin', 'admin', null),
(900004007, 900099002, 900003007, 'admin', 'admin', null),
(900004008, 900099002, 900003008, 'admin', 'admin', null),
(900004009, 900099002, 900003009, 'admin', 'admin', null),
(900004010, 900099002, 900003010, 'admin', 'admin', null),
(900004011, 900099002, 900003011, 'admin', 'admin', null),
(900004012, 900099002, 900003012, 'admin', 'admin', null),
(900004013, 900099003, 900003013, 'admin', 'admin', null),
(900004014, 900099003, 900003014, 'admin', 'admin', null),
(900004015, 900099003, 900003015, 'admin', 'admin', null),
(900004016, 900099003, 900003016, 'admin', 'admin', null),
(900004017, 900099003, 900003017, 'admin', 'admin', null),
(900004018, 900099003, 900003018, 'admin', 'admin', null),
(900004019, 900099004, 900003019, 'admin', 'admin', null),
(900004020, 900099004, 900003020, 'admin', 'admin', null),
(900004021, 900099999, 900099001, 'admin', 'admin', null),
(900004022, 900099999, 900099002, 'admin', 'admin', null),
(900004023, 900099999, 900099003, 'admin', 'admin', null),
(900004024, 900099999, 900099004, 'admin', 'admin', null);
--插入公共 dims_idx_rule
--机架必填完整性核查 CM_DEVICE_RACK
insert into dims_idx_rule (ID, NAME, CODE, INDEX_ID, ATTRIBUTETYPE_ID, TYPE, RULEMEMO, DICTIONARYNAME, CREATOR, UPDATER, MEMO) values
(900005501, '机架必填完整性核查.机架名称', 'CM_DEVICE_RACK.zh_label', 900003001, 900001302, 2, null, null, 'admin', 'admin', null),
(900005502, '机架必填完整性核查.机架类型', 'CM_DEVICE_RACK.rack_type', 900003001, 900001303, 2, null, null, 'admin', 'admin', null),
(900005503, '机架必填完整性核查.所属空间类型', 'CM_DEVICE_RACK.related_type', 900003001, 900001304, 2, null, null, 'admin', 'admin', null),
(900005504, '机架必填完整性核查.所属机房/资源点', 'CM_DEVICE_RACK.related_room', 900003001, 900001305, 2, null, null, 'admin', 'admin', null),
(900005505, '机架必填完整性核查.生命周期状态', 'CM_DEVICE_RACK.lifecycle_status', 900003001, 900001307, 2, null, null, 'admin', 'admin', null),
(900005506, '机架必填完整性核查.所属省份', 'CM_DEVICE_RACK.province_id', 900003001, 900001309, 2, null, null, 'admin', 'admin', null),
(900005507, '机架必填完整性核查.所属地市', 'CM_DEVICE_RACK.city_id', 900003001, 900001310, 2, null, null, 'admin', 'admin', null),
(900005508, '机架必填完整性核查.所属区县', 'CM_DEVICE_RACK.county_id', 900003001, 900001311, 2, null, null, 'admin', 'admin', null),
--DDM模块必填完整性核查 CE_WARE_DDM
(900005509, 'DDM模块必填完整性核查.DDM模块名称', 'CE_WARE_DDM.zh_label', 900003002, 900001313, 2, null, null, 'admin', 'admin', null),
(900005510, 'DDM模块必填完整性核查.端子行数', 'CE_WARE_DDM.row_num', 900003002, 900001314, 2, null, null, 'admin', 'admin', null),
(900005511, 'DDM模块必填完整性核查.端子列数', 'CE_WARE_DDM.column_num', 900003002, 900001315, 2, null, null, 'admin', 'admin', null),
(900005512, 'DDM模块必填完整性核查.所属机架', 'CE_WARE_DDM.related_reackpos', 900003002, 900001316, 2, null, null, 'admin', 'admin', null),
(900005513, 'DDM模块必填完整性核查.数据质量责任人（移动）', 'CE_WARE_DDM.qualitor', 900003002, 900001317, 2, null, null, 'admin', 'admin', null),
(900005514, 'DDM模块必填完整性核查.一线数据维护人（代维/一线）', 'CE_WARE_DDM.maintainor', 900003002, 900001318, 2, null, null, 'admin', 'admin', null),
--ODM模块必填完整性核查 CE_WARE_ODM
(900005515, 'ODM模块必填完整性核查.ODM模块名称', 'CE_WARE_ODM.zh_label', 900003003, 900001320, 2, null, null, 'admin', 'admin', null),
(900005516, 'ODM模块必填完整性核查.所属设备类型', 'CE_WARE_ODM.related_equipment_type', 900003003, 900001322, 2, null, null, 'admin', 'admin', null),
(900005517, 'ODM模块必填完整性核查.所属设备', 'CE_WARE_ODM.related_device_id', 900003003, 900001323, 2, null, null, 'admin', 'admin', null),
(900005518, 'ODM模块必填完整性核查.数据质量责任人（移动）', 'CE_WARE_ODM.qualitor', 900003003, 900001324, 2, null, null, 'admin', 'admin', null),
(900005519, 'ODM模块必填完整性核查.一线数据维护人（代维/一线）', 'CE_WARE_ODM.maintainor', 900003003, 900001325, 2, null, null, 'admin', 'admin', null),
(900005520, 'ODM模块必填完整性核查.端子行数', 'CE_WARE_ODM.row_num', 900003003, 900001326, 2, null, null, 'admin', 'admin', null),
(900005521, 'ODM模块必填完整性核查.端子列数', 'CE_WARE_ODM.column_num', 900003003, 900001327, 2, null, null, 'admin', 'admin', null),
--DDF端子必填完整性核查 CM_PORT_DDF
(900005522, 'DDF端子必填完整性核查.DDF端子名称', 'CM_PORT_DDF.zh_label', 900003004, 900001329, 2, null, null, 'admin', 'admin', null),
(900005523, 'DDF端子必填完整性核查.端子位置', 'CM_PORT_DDF.row_column_num', 900003004, 900001330, 2, null, null, 'admin', 'admin', null),
(900005524, 'DDF端子必填完整性核查.端子状态', 'CM_PORT_DDF.port_status', 900003004, 900001331, 2, null, null, 'admin', 'admin', null),
(900005525, 'DDF端子必填完整性核查.所属DDM模块', 'CM_PORT_DDF.related_ddm', 900003004, 900001332, 2, null, null, 'admin', 'admin', null),
--ODF端子必填完整性核查 CM_PORT_ODF
(900005526, 'ODF端子必填完整性核查.ODF端子名称', 'CM_PORT_ODF.zh_label', 900003005, 900001334, 2, null, null, 'admin', 'admin', null),
(900005527, 'ODF端子必填完整性核查.端子位置', 'CM_PORT_ODF.row_column_num', 900003005, 900001335, 2, null, null, 'admin', 'admin', null),
(900005528, 'ODF端子必填完整性核查.端子状态', 'CM_PORT_ODF.port_status', 900003005, 900001336, 2, null, null, 'admin', 'admin', null),
(900005529, 'ODF端子必填完整性核查.所属ODM模块', 'CM_PORT_ODF.related_odm', 900003005, 900001337, 2, null, null, 'admin', 'admin', null),
--枚举值
(900005530, '机架(机架类型)枚举值规范性核查', 'rack_type', 900003007, 900001303, 1, null, '机架类型rack_type', 'admin', 'admin', null),
(900005531, '机架(所属空间类型)枚举值规范性核查', 'related_type', 900003008, 900001304, 1, null, '所属空间类型related_type', 'admin', 'admin', null),
(900005532, '机架(生命周期状态)枚举值规范性核查', 'lifecycle_status', 900003009, 900001307, 1, null, '生命周期状态lifecycle_status', 'admin', 'admin', null),
(900005533, 'ODM模块(所属设备类型)枚举值规范性核查', 'related_equipment_type', 900003010, 900001322, 1, null, 'ODM模块related_equipment_type', 'admin', 'admin', null),
(900005534, 'DDF端子(端子状态)枚举值规范性核查', 'port_status', 900003011, 900001331, 1, null, 'DDF端子port_status', 'admin', 'admin', null),
(900005535, 'ODF端子(端子状态)枚举值规范性核查', 'port_status', 900003012, 900001336, 1, null, 'ODF端子port_status', 'admin', 'admin', null);

--插入动环 dims_idx_index
insert into dims_idx_index (ID, NAME, CODE, ORDERBY, ENTITYTYPE_ID, SPECIALITYNAME, TYPE, AMOUNTSQL, ERRORSQL, ISENABLE, CREATOR, UPDATER, PROCNAME, THREADNO, PRIORITY, MEMO) values
(907099001, '动环资源完整性指标', 'pe10or01-99001', 99001, null, '动环', 3, null, null, 1, 'admin', 'admin', 'PROC_CHECKONEINDEXSET', 0, 2, 'PROC_CHECKONEINDEXSET'),
(907099002, '动环资源规范性指标', 'pe10or02-99002', 99002, null, '动环', 3, null, null, 1, 'admin', 'admin', 'PROC_CHECKONEINDEXSET', 0, 2, 'PROC_CHECKONEINDEXSET'),
(907099003, '动环资源关联性指标', 'pe10or03-99003', 99003, null, '动环', 3, null, null, 1, 'admin', 'admin', 'PROC_CHECKONEINDEXSET', 0, 2, 'PROC_CHECKONEINDEXSET'),
(907099999, '动环数据整体指标', 'pe10or04-99999', 99999, null, '动环', 3, null, null, 1, 'admin', 'admin', 'PROC_CHECKONEINDEXSET', 0, 2, 'PROC_CHECKONEINDEXSET'),
(907003501, '变压器必填完整性核查', 'pe01or01', 3501, 907001503, '动环', 5, null, null, 1, 'admin', 'admin', 'PROC_DH_CHECKONEINTEGRALITYINDEX', 907001503, 1, null),
(907003502, '变换设备必填完整性核查', 'pe01or02', 3502, 907001504, '动环', 5, null, null, 1, 'admin', 'admin', 'PROC_DH_CHECKONEINTEGRALITYINDEX', 907001504, 1, null),
(907003503, '高压配电必填完整性核查', 'pe01or03', 3503, 907001506, '动环', 5, null, null, 1, 'admin', 'admin', 'PROC_DH_CHECKONEINTEGRALITYINDEX', 907001506, 1, null),
(907003504, '高压直流电源必填完整性核查', 'pe01or04', 3504, 907001508, '动环', 5, null, null, 1, 'admin', 'admin', 'PROC_DH_CHECKONEINTEGRALITYINDEX', 907001508, 1, null),
(907003505, '高压直流配电必填完整性核查', 'pe01or05', 3505, 907001509, '动环', 5, null, null, 1, 'admin', 'admin', 'PROC_DH_CHECKONEINTEGRALITYINDEX', 907001509, 1, null),
(907003506, '低压交流配电必填完整性核查', 'pe01or06', 3506, 907001511, '动环', 5, null, null, 1, 'admin', 'admin', 'PROC_DH_CHECKONEINTEGRALITYINDEX', 907001511, 1, null),
(907003507, '发电机组必填完整性核查', 'pe01or07', 3507, 907001513, '动环', 5, null, null, 1, 'admin', 'admin', 'PROC_DH_CHECKONEINTEGRALITYINDEX', 907001513, 1, null),
(907003508, '开关电源必填完整性核查', 'pe01or08', 3508, 907001515, '动环', 5, null, null, 1, 'admin', 'admin', 'PROC_DH_CHECKONEINTEGRALITYINDEX', 907001515, 1, null),
(907003509, '低压直流配电必填完整性核查', 'pe01or09', 3509, 907001516, '动环', 5, null, null, 1, 'admin', 'admin', 'PROC_DH_CHECKONEINTEGRALITYINDEX', 907001516, 1, null),
(907003510, 'UPS设备必填完整性核查', 'pe01or10', 3510, 907001518, '动环', 5, null, null, 1, 'admin', 'admin', 'PROC_DH_CHECKONEINTEGRALITYINDEX', 907001518, 1, null),
(907003511, '蓄电池必填完整性核查', 'pe01or11', 3511, 907001519, '动环', 5, null, null, 1, 'admin', 'admin', 'PROC_DH_CHECKONEINTEGRALITYINDEX', 907001519, 1, null),
(907003512, '空调必填完整性核查', 'pe01or12', 3512, 907001520, '动环', 5, null, null, 1, 'admin', 'admin', 'PROC_DH_CHECKONEINTEGRALITYINDEX', 907001520, 1, null),
(907003513, '节能设备必填完整性核查', 'pe01or13', 3513, 907001521, '动环', 5, null, null, 1, 'admin', 'admin', 'PROC_DH_CHECKONEINTEGRALITYINDEX', 907001521, 1, null),
(907003514, '动环监控必填完整性核查', 'pe01or14', 3514, 907001522, '动环', 5, null, null, 1, 'admin', 'admin', 'PROC_DH_CHECKONEINTEGRALITYINDEX', 907001522, 1, null),
(907003515, '智能电表必填完整性核查', 'pe01or15', 3515, 907001523, '动环', 5, null, null, 1, 'admin', 'admin', 'PROC_DH_CHECKONEINTEGRALITYINDEX', 907001523, 1, null),
(907003516, '其他设备必填完整性核查', 'pe01or16', 3516, 907001526, '动环', 5, null, null, 1, 'admin', 'admin', 'PROC_DH_CHECKONEINTEGRALITYINDEX', 907001526, 1, null),
(907003517, '高压配电系统必填完整性核查', 'pe01or17', 3517, 907001505, '动环', 5, null, null, 1, 'admin', 'admin', 'PROC_DH_CHECKONEINTEGRALITYINDEX', 907001505, 1, null),
(907003518, '高压直流电源系统必填完整性核查', 'pe01or18', 3518, 907001507, '动环', 5, null, null, 1, 'admin', 'admin', 'PROC_DH_CHECKONEINTEGRALITYINDEX', 907001507, 1, null),
(907003519, '低压配电系统必填完整性核查', 'pe01or19', 3519, 907001510, '动环', 5, null, null, 1, 'admin', 'admin', 'PROC_DH_CHECKONEINTEGRALITYINDEX', 907001510, 1, null),
(907003520, '发电系统必填完整性核查', 'pe01or20', 3520, 907001512, '动环', 5, null, null, 1, 'admin', 'admin', 'PROC_DH_CHECKONEINTEGRALITYINDEX', 907001512, 1, null),
(907003521, '开关电源系统必填完整性核查', 'pe01or21', 3521, 907001514, '动环', 5, null, null, 1, 'admin', 'admin', 'PROC_DH_CHECKONEINTEGRALITYINDEX', 907001514, 1, null),
(907003522, 'UPS系统必填完整性核查', 'pe01or22', 3522, 907001517, '动环', 5, null, null, 1, 'admin', 'admin', 'PROC_DH_CHECKONEINTEGRALITYINDEX', 907001517, 1, null),
(907003523, '动环专业内输出分路必填完整性核查', 'pe01or23', 3523, 907001524, '动环', 5, null, null, 1, 'admin', 'admin', 'PROC_DH_CHECKONEINTEGRALITYINDEX', 907001524, 1, null),
(907003524, '跨专业输出分路必填完整性核查', 'pe01or24', 3524, 907001525, '动环', 5, null, null, 1, 'admin', 'admin', 'PROC_DH_CHECKONEINTEGRALITYINDEX', 907001525, 1, null),
(907003525, '位置点动环属性必填完整性核查', 'pe01or25', 3525, 907001501, '动环', 5, null, null, 1, 'admin', 'admin', 'PROC_DH_CHECKONEINTEGRALITYINDEX', 907001501, 1, null),
(907003526, '机房动环属性必填完整性核查', 'pe01or26', 3526, 907001502, '动环', 5, null, null, 1, 'admin', 'admin', 'PROC_DH_CHECKONEINTEGRALITYINDEX', 907001502, 1, null),
(907003527, '风光设备必填完整性核查', 'pe01or27', 3527, 907001521, '动环', 5, null, 
'update CE_DEVICE_PE_ENERY_SAVE 
                   set dims_col_result=(case when dims_col_result like ''%pe01or27%'' then dims_col_result
                                             when dims_col_result is null then ''pe01or27''
                                             else dims_col_result||'',pe01or27'' end),
                       dims_col_rtName=(case when dims_col_rtName like ''%风光设备必填完整性核查%'' then dims_col_rtName
                                             when dims_col_rtName is null then ''不满足规范:风光设备必填完整性核查''
                                             else dims_col_rtName||'',风光设备必填完整性核查'' end)
                 where device_type = ''风光设备''
				                      and (total_system_capacity is null or 
									       system_output_voltage is null or
									       total_fan_number is null or
									       fan_form is null or
									       fan_brand is null or
									       fan_rated_power is null or
									       solar_modules_number is null or
									       solar_modules_brand is null or
									       solar_modules_rated_capacity is null
                                      )', 1, 'admin', 'admin', 'PROC_CHECKONEDYNAMICSQLINDEX', 907001521, 1, null),
									  
(907003528, '动环专业内输出分路下游设备必填完整性核查', 'pe01or28', 3528, 907001524, '动环', 5, null, 
'update CE_LINK_PE_IN 
                   set dims_col_result=(case when dims_col_result like ''%pe01or28%'' then dims_col_result
                                             when dims_col_result is null then ''pe01or28''
                                             else dims_col_result||'',pe01or28'' end),
                       dims_col_rtName=(case when dims_col_rtName like ''%动环专业内输出分路下游设备必填完整性核查%'' then dims_col_rtName
                                             when dims_col_rtName is null then ''不满足规范:动环专业内输出分路下游设备必填完整性核查''
                                             else dims_col_rtName||'',动环专业内输出分路下游设备必填完整性核查'' end)
                 where down_use_status = ''在用''
				                      and down_device_name is null
                                      )', 1, 'admin', 'admin', 'PROC_CHECKONEDYNAMICSQLINDEX', 907001524, 1, null),
(907003529, '跨专业输出分路必填下游负载完整性核查', 'pe01or29', 3529, 907001525, '动环', 5, null, 
'update CE_LINK_PE_OUT 
                   set dims_col_result=(case when dims_col_result like ''%pe01or29%'' then dims_col_result
                                             when dims_col_result is null then ''pe01or29''
                                             else dims_col_result||'',pe01or29'' end),
                       dims_col_rtName=(case when dims_col_rtName like ''%跨专业输出分路必填下游负载完整性核查%'' then dims_col_rtName
                                             when dims_col_rtName is null then ''不满足规范:跨专业输出分路必填下游负载完整性核查''
                                             else dims_col_rtName||'',跨专业输出分路必填下游负载完整性核查'' end)
                 where lifecycle_status = ''在用''
				                      and down_device_name is null
                                      )', 1, 'admin', 'admin', 'PROC_CHECKONEDYNAMICSQLINDEX', 907001525, 1, null),
									  
--枚举值
(907003530, '变压器(设备类型)枚举值规范性核查', 'pe02or01', 3530, 907001503, '动环', 4, null, null, 1, 'admin', 'admin', 'PROC_CHECKONEDICTACCURACYINDEX', 907001503, 1, null),
(907003531, '变压器(设备子类)枚举值规范性核查', 'pe02or02', 3531, 907001503, '动环', 4, null, null, 1, 'admin', 'admin', 'PROC_CHECKONEDICTACCURACYINDEX', 907001503, 1, null),
(907003532, '变压器(设备型号)枚举值规范性核查', 'pe02or03', 3532, 907001503, '动环', 4, null, null, 1, 'admin', 'admin', 'PROC_CHECKONEDICTACCURACYINDEX', 907001503, 1, null),
(907003533, '变压器(设备厂家)枚举值规范性核查', 'pe02or04', 3533, 907001503, '动环', 4, null, null, 1, 'admin', 'admin', 'PROC_CHECKONEDICTACCURACYINDEX', 907001503, 1, null),
(907003534, '变压器(使用状态)枚举值规范性核查', 'pe02or05', 3534, 907001503, '动环', 4, null, null, 1, 'admin', 'admin', 'PROC_CHECKONEDICTACCURACYINDEX', 907001503, 1, null),
(907003535, '变压器(输入额定电压（V）)枚举值规范性核查', 'pe02or06', 3535, 907001503, '动环', 4, null, null, 1, 'admin', 'admin', 'PROC_CHECKONEDICTACCURACYINDEX', 907001503, 1, null),
(907003536, '变压器(备份方式)枚举值规范性核查', 'pe02or07', 3536, 907001503, '动环', 4, null, null, 1, 'admin', 'admin', 'PROC_CHECKONEDICTACCURACYINDEX', 907001503, 1, null),
(907003537, '变换设备(设备类型)枚举值规范性核查', 'pe02or08', 3537, 907001504, '动环', 4, null, null, 1, 'admin', 'admin', 'PROC_CHECKONEDICTACCURACYINDEX', 907001504, 1, null),
(907003538, '变换设备(设备子类)枚举值规范性核查', 'pe02or09', 3538, 907001504, '动环', 4, null, null, 1, 'admin', 'admin', 'PROC_CHECKONEDICTACCURACYINDEX', 907001504, 1, null),
(907003539, '变换设备(设备型号)枚举值规范性核查', 'pe02or10', 3539, 907001504, '动环', 4, null, null, 1, 'admin', 'admin', 'PROC_CHECKONEDICTACCURACYINDEX', 907001504, 1, null),
(907003540, '变换设备(设备厂家)枚举值规范性核查', 'pe02or11', 3540, 907001504, '动环', 4, null, null, 1, 'admin', 'admin', 'PROC_CHECKONEDICTACCURACYINDEX', 907001504, 1, null),
(907003541, '变换设备(使用状态)枚举值规范性核查', 'pe02or12', 3541, 907001504, '动环', 4, null, null, 1, 'admin', 'admin', 'PROC_CHECKONEDICTACCURACYINDEX', 907001504, 1, null),
(907003542, '变换设备(额定输入电压（V）)枚举值规范性核查', 'pe02or13', 3542, 907001504, '动环', 4, null, null, 1, 'admin', 'admin', 'PROC_CHECKONEDICTACCURACYINDEX', 907001504, 1, null),
(907003543, '变换设备(额定输出电压（V）)枚举值规范性核查', 'pe02or14', 3543, 907001504, '动环', 4, null, null, 1, 'admin', 'admin', 'PROC_CHECKONEDICTACCURACYINDEX', 907001504, 1, null),
(907003544, '变换设备(输出类型)枚举值规范性核查', 'pe02or15', 3544, 907001504, '动环', 4, null, null, 1, 'admin', 'admin', 'PROC_CHECKONEDICTACCURACYINDEX', 907001504, 1, null),
(907003545, '高压配电(设备类型)枚举值规范性核查', 'pe02or16', 3545, 907001506, '动环', 4, null, null, 1, 'admin', 'admin', 'PROC_CHECKONEDICTACCURACYINDEX', 907001506, 1, null),
(907003546, '高压配电(设备子类)枚举值规范性核查', 'pe02or17', 3546, 907001506, '动环', 4, null, null, 1, 'admin', 'admin', 'PROC_CHECKONEDICTACCURACYINDEX', 907001506, 1, null),
(907003547, '高压配电(设备型号)枚举值规范性核查', 'pe02or18', 3547, 907001506, '动环', 4, null, null, 1, 'admin', 'admin', 'PROC_CHECKONEDICTACCURACYINDEX', 907001506, 1, null),
(907003548, '高压配电(设备厂家)枚举值规范性核查', 'pe02or19', 3548, 907001506, '动环', 4, null, null, 1, 'admin', 'admin', 'PROC_CHECKONEDICTACCURACYINDEX', 907001506, 1, null),
(907003549, '高压配电(使用状态)枚举值规范性核查', 'pe02or20', 3549, 907001506, '动环', 4, null, null, 1, 'admin', 'admin', 'PROC_CHECKONEDICTACCURACYINDEX', 907001506, 1, null),
(907003550, '高压直流电源(设备类型)枚举值规范性核查', 'pe02or21', 3550, 907001508, '动环', 4, null, null, 1, 'admin', 'admin', 'PROC_CHECKONEDICTACCURACYINDEX', 907001508, 1, null),
(907003551, '高压直流电源(设备子类)枚举值规范性核查', 'pe02or22', 3551, 907001508, '动环', 4, null, null, 1, 'admin', 'admin', 'PROC_CHECKONEDICTACCURACYINDEX', 907001508, 1, null),
(907003552, '高压直流电源(设备型号)枚举值规范性核查', 'pe02or23', 3552, 907001508, '动环', 4, null, null, 1, 'admin', 'admin', 'PROC_CHECKONEDICTACCURACYINDEX', 907001508, 1, null),
(907003553, '高压直流电源(设备厂家)枚举值规范性核查', 'pe02or24', 3553, 907001508, '动环', 4, null, null, 1, 'admin', 'admin', 'PROC_CHECKONEDICTACCURACYINDEX', 907001508, 1, null),
(907003554, '高压直流电源(使用状态)枚举值规范性核查', 'pe02or25', 3554, 907001508, '动环', 4, null, null, 1, 'admin', 'admin', 'PROC_CHECKONEDICTACCURACYINDEX', 907001508, 1, null),
(907003555, '高压直流电源(额定输出电压（V）)枚举值规范性核查', 'pe02or26', 3555, 907001508, '动环', 4, null, null, 1, 'admin', 'admin', 'PROC_CHECKONEDICTACCURACYINDEX', 907001508, 1, null),
(907003556, '高压直流配电(设备类型)枚举值规范性核查', 'pe02or27', 3556, 907001509, '动环', 4, null, null, 1, 'admin', 'admin', 'PROC_CHECKONEDICTACCURACYINDEX', 907001509, 1, null),
(907003557, '高压直流配电(设备子类)枚举值规范性核查', 'pe02or28', 3557, 907001509, '动环', 4, null, null, 1, 'admin', 'admin', 'PROC_CHECKONEDICTACCURACYINDEX', 907001509, 1, null),
(907003558, '高压直流配电(设备型号)枚举值规范性核查', 'pe02or29', 3558, 907001509, '动环', 4, null, null, 1, 'admin', 'admin', 'PROC_CHECKONEDICTACCURACYINDEX', 907001509, 1, null),
(907003559, '高压直流配电(设备厂家)枚举值规范性核查', 'pe02or30', 3559, 907001509, '动环', 4, null, null, 1, 'admin', 'admin', 'PROC_CHECKONEDICTACCURACYINDEX', 907001509, 1, null),
(907003560, '高压直流配电(使用状态)枚举值规范性核查', 'pe02or31', 3560, 907001509, '动环', 4, null, null, 1, 'admin', 'admin', 'PROC_CHECKONEDICTACCURACYINDEX', 907001509, 1, null),
(907003561, '低压交流配电(设备类型)枚举值规范性核查', 'pe02or32', 3561, 907001511, '动环', 4, null, null, 1, 'admin', 'admin', 'PROC_CHECKONEDICTACCURACYINDEX', 907001511, 1, null),
(907003562, '低压交流配电(设备子类)枚举值规范性核查', 'pe02or33', 3562, 907001511, '动环', 4, null, null, 1, 'admin', 'admin', 'PROC_CHECKONEDICTACCURACYINDEX', 907001511, 1, null),
(907003563, '低压交流配电(设备型号)枚举值规范性核查', 'pe02or34', 3563, 907001511, '动环', 4, null, null, 1, 'admin', 'admin', 'PROC_CHECKONEDICTACCURACYINDEX', 907001511, 1, null),
(907003564, '低压交流配电(设备厂家)枚举值规范性核查', 'pe02or35', 3564, 907001511, '动环', 4, null, null, 1, 'admin', 'admin', 'PROC_CHECKONEDICTACCURACYINDEX', 907001511, 1, null),
(907003565, '低压交流配电(使用状态)枚举值规范性核查', 'pe02or36', 3565, 907001511, '动环', 4, null, null, 1, 'admin', 'admin', 'PROC_CHECKONEDICTACCURACYINDEX', 907001511, 1, null),
(907003566, '低压交流配电(输入端口数（路）)枚举值规范性核查', 'pe02or37', 3566, 907001511, '动环', 4, null, null, 1, 'admin', 'admin', 'PROC_CHECKONEDICTACCURACYINDEX', 907001511, 1, null),
(907003567, '发电机组(设备类型)枚举值规范性核查', 'pe02or38', 3567, 907001513, '动环', 4, null, null, 1, 'admin', 'admin', 'PROC_CHECKONEDICTACCURACYINDEX', 907001513, 1, null),
(907003568, '发电机组(设备子类)枚举值规范性核查', 'pe02or39', 3568, 907001513, '动环', 4, null, null, 1, 'admin', 'admin', 'PROC_CHECKONEDICTACCURACYINDEX', 907001513, 1, null),
(907003569, '发电机组(设备型号)枚举值规范性核查', 'pe02or40', 3569, 907001513, '动环', 4, null, null, 1, 'admin', 'admin', 'PROC_CHECKONEDICTACCURACYINDEX', 907001513, 1, null),
(907003570, '发电机组(设备厂家)枚举值规范性核查', 'pe02or41', 3570, 907001513, '动环', 4, null, null, 1, 'admin', 'admin', 'PROC_CHECKONEDICTACCURACYINDEX', 907001513, 1, null),
(907003571, '发电机组(使用状态)枚举值规范性核查', 'pe02or42', 3571, 907001513, '动环', 4, null, null, 1, 'admin', 'admin', 'PROC_CHECKONEDICTACCURACYINDEX', 907001513, 1, null),
(907003572, '发电机组(输出电压类型)枚举值规范性核查', 'pe02or43', 3572, 907001513, '动环', 4, null, null, 1, 'admin', 'admin', 'PROC_CHECKONEDICTACCURACYINDEX', 907001513, 1, null),
(907003573, '发电机组(自启动功能)枚举值规范性核查', 'pe02or44', 3573, 907001513, '动环', 4, null, null, 1, 'admin', 'admin', 'PROC_CHECKONEDICTACCURACYINDEX', 907001513, 1, null),
(907003574, '发电机组(冷却方式)枚举值规范性核查', 'pe02or45', 3574, 907001513, '动环', 4, null, null, 1, 'admin', 'admin', 'PROC_CHECKONEDICTACCURACYINDEX', 907001513, 1, null),
(907003575, '发电机组(安装方式)枚举值规范性核查', 'pe02or46', 3575, 907001513, '动环', 4, null, null, 1, 'admin', 'admin', 'PROC_CHECKONEDICTACCURACYINDEX', 907001513, 1, null),
(907003576, '发电机组(备份方式)枚举值规范性核查', 'pe02or47', 3576, 907001513, '动环', 4, null, null, 1, 'admin', 'admin', 'PROC_CHECKONEDICTACCURACYINDEX', 907001513, 1, null),
(907003577, '开关电源(设备类型)枚举值规范性核查', 'pe02or48', 3577, 907001515, '动环', 4, null, null, 1, 'admin', 'admin', 'PROC_CHECKONEDICTACCURACYINDEX', 907001515, 1, null),
(907003578, '开关电源(设备子类)枚举值规范性核查', 'pe02or49', 3578, 907001515, '动环', 4, null, null, 1, 'admin', 'admin', 'PROC_CHECKONEDICTACCURACYINDEX', 907001515, 1, null),
(907003579, '开关电源(设备型号)枚举值规范性核查', 'pe02or50', 3579, 907001515, '动环', 4, null, null, 1, 'admin', 'admin', 'PROC_CHECKONEDICTACCURACYINDEX', 907001515, 1, null),
(907003580, '开关电源(设备厂家)枚举值规范性核查', 'pe02or51', 3580, 907001515, '动环', 4, null, null, 1, 'admin', 'admin', 'PROC_CHECKONEDICTACCURACYINDEX', 907001515, 1, null),
(907003581, '开关电源(使用状态)枚举值规范性核查', 'pe02or52', 3581, 907001515, '动环', 4, null, null, 1, 'admin', 'admin', 'PROC_CHECKONEDICTACCURACYINDEX', 907001515, 1, null),
(907003582, '开关电源(额定输出电压（V）)枚举值规范性核查', 'pe02or53', 3582, 907001515, '动环', 4, null, null, 1, 'admin', 'admin', 'PROC_CHECKONEDICTACCURACYINDEX', 907001515, 1, null),
(907003583, '低压直流配(设备类型)枚举值规范性核查', 'pe02or54', 3583, 907001516, '动环', 4, null, null, 1, 'admin', 'admin', 'PROC_CHECKONEDICTACCURACYINDEX', 907001516, 1, null),
(907003584, '低压直流配(设备子类)枚举值规范性核查', 'pe02or55', 3584, 907001516, '动环', 4, null, null, 1, 'admin', 'admin', 'PROC_CHECKONEDICTACCURACYINDEX', 907001516, 1, null),
(907003585, '低压直流配(设备型号)枚举值规范性核查', 'pe02or56', 3585, 907001516, '动环', 4, null, null, 1, 'admin', 'admin', 'PROC_CHECKONEDICTACCURACYINDEX', 907001516, 1, null),
(907003586, '低压直流配(设备厂家)枚举值规范性核查', 'pe02or57', 3587, 907001516, '动环', 4, null, null, 1, 'admin', 'admin', 'PROC_CHECKONEDICTACCURACYINDEX', 907001516, 1, null),
(907003587, '低压直流配(使用状态)枚举值规范性核查', 'pe02or58', 3587, 907001516, '动环', 4, null, null, 1, 'admin', 'admin', 'PROC_CHECKONEDICTACCURACYINDEX', 907001516, 1, null),
(907003588, 'UPS(设备类型)枚举值规范性核查', 'pe02or59', 3588, 907001518, '动环', 4, null, null, 1, 'admin', 'admin', 'PROC_CHECKONEDICTACCURACYINDEX', 907001518, 1, null),
(907003589, 'UPS(设备子类)枚举值规范性核查', 'pe02or60', 3589, 907001518, '动环', 4, null, null, 1, 'admin', 'admin', 'PROC_CHECKONEDICTACCURACYINDEX', 907001518, 1, null),
(907003590, 'UPS(设备型号)枚举值规范性核查', 'pe02or61', 3590, 907001518, '动环', 4, null, null, 1, 'admin', 'admin', 'PROC_CHECKONEDICTACCURACYINDEX', 907001518, 1, null),
(907003591, 'UPS(设备厂家)枚举值规范性核查', 'pe02or62', 3591, 907001518, '动环', 4, null, null, 1, 'admin', 'admin', 'PROC_CHECKONEDICTACCURACYINDEX', 907001518, 1, null),
(907003592, 'UPS(使用状态)枚举值规范性核查', 'pe02or63', 3592, 907001518, '动环', 4, null, null, 1, 'admin', 'admin', 'PROC_CHECKONEDICTACCURACYINDEX', 907001518, 1, null),
(907003593, 'UPS(额定输出电压（V）)枚举值规范性核查', 'pe02or64', 3593, 907001518, '动环', 4, null, null, 1, 'admin', 'admin', 'PROC_CHECKONEDICTACCURACYINDEX', 907001518, 1, null),
(907003594, '蓄电池(设备类型)枚举值规范性核查', 'pe02or65', 3594, 907001519, '动环', 4, null, null, 1, 'admin', 'admin', 'PROC_CHECKONEDICTACCURACYINDEX', 907001519, 1, null),
(907003595, '蓄电池(设备子类)枚举值规范性核查', 'pe02or66', 3595, 907001519, '动环', 4, null, null, 1, 'admin', 'admin', 'PROC_CHECKONEDICTACCURACYINDEX', 907001519, 1, null),
(907003596, '蓄电池(设备型号)枚举值规范性核查', 'pe02or67', 3596, 907001519, '动环', 4, null, null, 1, 'admin', 'admin', 'PROC_CHECKONEDICTACCURACYINDEX', 907001519, 1, null),
(907003597, '蓄电池(设备厂家)枚举值规范性核查', 'pe02or68', 3597, 907001519, '动环', 4, null, null, 1, 'admin', 'admin', 'PROC_CHECKONEDICTACCURACYINDEX', 907001519, 1, null),
(907003598, '蓄电池(使用状态)枚举值规范性核查', 'pe02or69', 3598, 907001519, '动环', 4, null, null, 1, 'admin', 'admin', 'PROC_CHECKONEDICTACCURACYINDEX', 907001519, 1, null),
(907003599, '蓄电池(单体电压等级（V）)枚举值规范性核查', 'pe02or70', 3599, 907001519, '动环', 4, null, null, 1, 'admin', 'admin', 'PROC_CHECKONEDICTACCURACYINDEX', 907001519, 1, null),
(907003600, '空调(设备类型)枚举值规范性核查', 'pe02or71', 3600, 907001520, '动环', 4, null, null, 1, 'admin', 'admin', 'PROC_CHECKONEDICTACCURACYINDEX', 907001520, 1, null),
(907003601, '空调(设备子类)枚举值规范性核查', 'pe02or72', 3601, 907001520, '动环', 4, null, null, 1, 'admin', 'admin', 'PROC_CHECKONEDICTACCURACYINDEX', 907001520, 1, null),
(907003602, '空调(设备型号)枚举值规范性核查', 'pe02or73', 3602, 907001520, '动环', 4, null, null, 1, 'admin', 'admin', 'PROC_CHECKONEDICTACCURACYINDEX', 907001520, 1, null),
(907003603, '空调(设备厂家)枚举值规范性核查', 'pe02or74', 3603, 907001520, '动环', 4, null, null, 1, 'admin', 'admin', 'PROC_CHECKONEDICTACCURACYINDEX', 907001520, 1, null),
(907003604, '空调(使用状态)枚举值规范性核查', 'pe02or75', 3604, 907001520, '动环', 4, null, null, 1, 'admin', 'admin', 'PROC_CHECKONEDICTACCURACYINDEX', 907001520, 1, null),
(907003605, '空调(额定工作电压（V）)枚举值规范性核查', 'pe02or76', 3605, 907001520, '动环', 4, null, null, 1, 'admin', 'admin', 'PROC_CHECKONEDICTACCURACYINDEX', 907001520, 1, null),
(907003606, '节能设备(设备类型)枚举值规范性核查', 'pe02or77', 3606, 907001521, '动环', 4, null, null, 1, 'admin', 'admin', 'PROC_CHECKONEDICTACCURACYINDEX', 907001521, 1, null),
(907003607, '节能设备(设备子类)枚举值规范性核查', 'pe02or78', 3607, 907001521, '动环', 4, null, null, 1, 'admin', 'admin', 'PROC_CHECKONEDICTACCURACYINDEX', 907001521, 1, null),
(907003608, '节能设备(设备型号)枚举值规范性核查', 'pe02or79', 3608, 907001521, '动环', 4, null, null, 1, 'admin', 'admin', 'PROC_CHECKONEDICTACCURACYINDEX', 907001521, 1, null),
(907003609, '节能设备(设备厂家)枚举值规范性核查', 'pe02or80', 3609, 907001521, '动环', 4, null, null, 1, 'admin', 'admin', 'PROC_CHECKONEDICTACCURACYINDEX', 907001521, 1, null),
(907003610, '节能设备(使用状态)枚举值规范性核查', 'pe02or81', 3610, 907001521, '动环', 4, null, null, 1, 'admin', 'admin', 'PROC_CHECKONEDICTACCURACYINDEX', 907001521, 1, null),
(907003611, '节能设备(额定工作电压（V）)枚举值规范性核查', 'pe02or82', 3611, 907001521, '动环', 4, null, null, 1, 'admin', 'admin', 'PROC_CHECKONEDICTACCURACYINDEX', 907001521, 1, null),
(907003612, '节能设备(下挂风机形式)枚举值规范性核查', 'pe02or83', 3612, 907001521, '动环', 4, null, null, 1, 'admin', 'admin', 'PROC_CHECKONEDICTACCURACYINDEX', 907001521, 1, null),
(907003613, '动环监控(设备类型)枚举值规范性核查', 'pe02or84', 3613, 907001522, '动环', 4, null, null, 1, 'admin', 'admin', 'PROC_CHECKONEDICTACCURACYINDEX', 907001522, 1, null),
(907003614, '动环监控(设备子类)枚举值规范性核查', 'pe02or85', 3614, 907001522, '动环', 4, null, null, 1, 'admin', 'admin', 'PROC_CHECKONEDICTACCURACYINDEX', 907001522, 1, null),
(907003615, '动环监控(设备型号)枚举值规范性核查', 'pe02or86', 3615, 907001522, '动环', 4, null, null, 1, 'admin', 'admin', 'PROC_CHECKONEDICTACCURACYINDEX', 907001522, 1, null),
(907003616, '动环监控(设备厂家)枚举值规范性核查', 'pe02or87', 3616, 907001522, '动环', 4, null, null, 1, 'admin', 'admin', 'PROC_CHECKONEDICTACCURACYINDEX', 907001522, 1, null),
(907003617, '动环监控(使用状态)枚举值规范性核查', 'pe02or88', 3617, 907001522, '动环', 4, null, null, 1, 'admin', 'admin', 'PROC_CHECKONEDICTACCURACYINDEX', 907001522, 1, null),
(907003618, '智能电表(设备类型)枚举值规范性核查', 'pe02or89', 3618, 907001523, '动环', 4, null, null, 1, 'admin', 'admin', 'PROC_CHECKONEDICTACCURACYINDEX', 907001523, 1, null),
(907003619, '智能电表(设备子类)枚举值规范性核查', 'pe02or90', 3619, 907001523, '动环', 4, null, null, 1, 'admin', 'admin', 'PROC_CHECKONEDICTACCURACYINDEX', 907001523, 1, null),
(907003620, '智能电表(设备型号)枚举值规范性核查', 'pe02or91', 3620, 907001523, '动环', 4, null, null, 1, 'admin', 'admin', 'PROC_CHECKONEDICTACCURACYINDEX', 907001523, 1, null),
(907003621, '智能电表(设备厂家)枚举值规范性核查', 'pe02or92', 3621, 907001523, '动环', 4, null, null, 1, 'admin', 'admin', 'PROC_CHECKONEDICTACCURACYINDEX', 907001523, 1, null),
(907003622, '智能电表(使用状态)枚举值规范性核查', 'pe02or93', 3622, 907001523, '动环', 4, null, null, 1, 'admin', 'admin', 'PROC_CHECKONEDICTACCURACYINDEX', 907001523, 1, null),
(907003623, '其他设备(设备类型)枚举值规范性核查', 'pe02or94', 3623, 907001526, '动环', 4, null, null, 1, 'admin', 'admin', 'PROC_CHECKONEDICTACCURACYINDEX', 907001526, 1, null),
(907003624, '其他设备(设备子类)枚举值规范性核查', 'pe02or95', 3624, 907001526, '动环', 4, null, null, 1, 'admin', 'admin', 'PROC_CHECKONEDICTACCURACYINDEX', 907001526, 1, null),
(907003625, '其他设备(设备型号)枚举值规范性核查', 'pe02or96', 3625, 907001526, '动环', 4, null, null, 1, 'admin', 'admin', 'PROC_CHECKONEDICTACCURACYINDEX', 907001526, 1, null),
(907003626, '其他设备(设备厂家)枚举值规范性核查', 'pe02or97', 3626, 907001526, '动环', 4, null, null, 1, 'admin', 'admin', 'PROC_CHECKONEDICTACCURACYINDEX', 907001526, 1, null),
(907003627, '其他设备(使用状态)枚举值规范性核查', 'pe02or98', 3627, 907001526, '动环', 4, null, null, 1, 'admin', 'admin', 'PROC_CHECKONEDICTACCURACYINDEX', 907001526, 1, null),
(907003628, '高压配电系统枚(系统类型)枚举值规范性核查', 'pe02or99', 3628, 907001505, '动环', 4, null, null, 1, 'admin', 'admin', 'PROC_CHECKONEDICTACCURACYINDEX', 907001505, 1, null),
(907003629, '高压配电系统枚(使用状态)枚举值规范性核查', 'pe02or100', 3629, 907001505, '动环', 4, null, null, 1, 'admin', 'admin', 'PROC_CHECKONEDICTACCURACYINDEX', 907001505, 1, null),
(907003630, '高压直流电源系统(系统类型)枚举值规范性核查', 'pe02or101', 3630, 907001507, '动环', 4, null, null, 1, 'admin', 'admin', 'PROC_CHECKONEDICTACCURACYINDEX', 907001507, 1, null),
(907003631, '高压直流电源系统(使用状态)枚举值规范性核查', 'pe02or102', 3631, 907001507, '动环', 4, null, null, 1, 'admin', 'admin', 'PROC_CHECKONEDICTACCURACYINDEX', 907001507, 1, null),
(907003632, '低压配电系统(系统类型)枚举值规范性核查', 'pe02or103', 3632, 907001510, '动环', 4, null, null, 1, 'admin', 'admin', 'PROC_CHECKONEDICTACCURACYINDEX', 907001510, 1, null),
(907003633, '低压配电系统(使用状态)枚举值规范性核查', 'pe02or104', 3633, 907001510, '动环', 4, null, null, 1, 'admin', 'admin', 'PROC_CHECKONEDICTACCURACYINDEX', 907001510, 1, null),
(907003634, '发电系统(系统类型)枚举值规范性核查', 'pe02or105', 3634, 907001512, '动环', 4, null, null, 1, 'admin', 'admin', 'PROC_CHECKONEDICTACCURACYINDEX', 907001512, 1, null),
(907003635, '发电系统(使用状态)枚举值规范性核查', 'pe02or106', 3635, 907001512, '动环', 4, null, null, 1, 'admin', 'admin', 'PROC_CHECKONEDICTACCURACYINDEX', 907001512, 1, null),
(907003636, '开关电源系统(系统类型)枚举值规范性核查', 'pe02or107', 3636, 907001514, '动环', 4, null, null, 1, 'admin', 'admin', 'PROC_CHECKONEDICTACCURACYINDEX', 907001514, 1, null),
(907003637, '开关电源系统(使用状态)枚举值规范性核查', 'pe02or108', 3637, 907001514, '动环', 4, null, null, 1, 'admin', 'admin', 'PROC_CHECKONEDICTACCURACYINDEX', 907001514, 1, null),
(907003638, 'UPS系统(系统类型)枚举值规范性核查', 'pe02or109', 3638, 907001517, '动环', 4, null, null, 1, 'admin', 'admin', 'PROC_CHECKONEDICTACCURACYINDEX', 907001517, 1, null),
(907003639, 'UPS系统(使用状态)枚举值规范性核查', 'pe02or110', 3639, 907001517, '动环', 4, null, null, 1, 'admin', 'admin', 'PROC_CHECKONEDICTACCURACYINDEX', 907001517, 1, null),
(907003640, 'UPS系统(工作方式)枚举值规范性核查', 'pe02or111', 3640, 907001517, '动环', 4, null, null, 1, 'admin', 'admin', 'PROC_CHECKONEDICTACCURACYINDEX', 907001517, 1, null),
(907003641, 'UPS系统(母线类型)枚举值规范性核查', 'pe02or112', 3641, 907001517, '动环', 4, null, null, 1, 'admin', 'admin', 'PROC_CHECKONEDICTACCURACYINDEX', 907001517, 1, null),
(907003642, 'UPS系统(资源系统类型)枚举值规范性核查', 'pe02or113', 3642, 907001517, '动环', 4, null, null, 1, 'admin', 'admin', 'PROC_CHECKONEDICTACCURACYINDEX', 907001517, 1, null),
(907003643, '动环专业内输出分路(所属设备类型)枚举值规范性核查', 'pe02or114', 3643, 907001524, '动环', 4, null, null, 1, 'admin', 'admin', 'PROC_CHECKONEDICTACCURACYINDEX', 907001524, 1, null),
(907003644, '动环专业内输出分路(分路类型)枚举值规范性核查', 'pe02or115', 3644, 907001524, '动环', 4, null, null, 1, 'admin', 'admin', 'PROC_CHECKONEDICTACCURACYINDEX', 907001524, 1, null),
(907003645, '动环专业内输出分路(分路类型缩写)枚举值规范性核查', 'pe02or116', 3645, 907001524, '动环', 4, null, null, 1, 'admin', 'admin', 'PROC_CHECKONEDICTACCURACYINDEX', 907001524, 1, null),
(907003646, '动环专业内输出分路(分路主备)枚举值规范性核查', 'pe02or117', 3646, 907001524, '动环', 4, null, null, 1, 'admin', 'admin', 'PROC_CHECKONEDICTACCURACYINDEX', 907001524, 1, null),
(907003647, '动环专业内输出分路(使用状态)枚举值规范性核查', 'pe02or118', 3647, 907001524, '动环', 4, null, null, 1, 'admin', 'admin', 'PROC_CHECKONEDICTACCURACYINDEX', 907001524, 1, null),
(907003648, '动环专业内输出分路(下游设备类型)枚举值规范性核查', 'pe02or119', 3648, 907001524, '动环', 4, null, null, 1, 'admin', 'admin', 'PROC_CHECKONEDICTACCURACYINDEX', 907001524, 1, null),
(907003649, '动环专业内输出分路(下游分路类型)枚举值规范性核查', 'pe02or120', 3649, 907001524, '动环', 4, null, null, 1, 'admin', 'admin', 'PROC_CHECKONEDICTACCURACYINDEX', 907001524, 1, null),
(907003650, '动环专业内输出分路(下游分路类型缩写)枚举值规范性核查', 'pe02or121', 3650, 907001524, '动环', 4, null, null, 1, 'admin', 'admin', 'PROC_CHECKONEDICTACCURACYINDEX', 907001524, 1, null),
(907003651, '动环专业内输出分路(下游分路主备)枚举值规范性核查', 'pe02or122', 3651, 907001524, '动环', 4, null, null, 1, 'admin', 'admin', 'PROC_CHECKONEDICTACCURACYINDEX', 907001524, 1, null),
(907003652, '动环专业内输出分路(下游使用状态)枚举值规范性核查', 'pe02or123', 3652, 907001524, '动环', 4, null, null, 1, 'admin', 'admin', 'PROC_CHECKONEDICTACCURACYINDEX', 907001524, 1, null),
(907003653, '跨专业输出分路(所属设备类型)枚举值规范性核查', 'pe02or124', 3653, 907001525, '动环', 4, null, null, 1, 'admin', 'admin', 'PROC_CHECKONEDICTACCURACYINDEX', 907001525, 1, null),
(907003654, '跨专业输出分路(分路类型)枚举值规范性核查', 'pe02or125', 3654, 907001525, '动环', 4, null, null, 1, 'admin', 'admin', 'PROC_CHECKONEDICTACCURACYINDEX', 907001525, 1, null),
(907003655, '跨专业输出分路(分路类型缩写)枚举值规范性核查', 'pe02or126', 3655, 907001525, '动环', 4, null, null, 1, 'admin', 'admin', 'PROC_CHECKONEDICTACCURACYINDEX', 907001525, 1, null),
(907003656, '跨专业输出分路(分路主备)枚举值规范性核查', 'pe02or127', 3656, 907001525, '动环', 4, null, null, 1, 'admin', 'admin', 'PROC_CHECKONEDICTACCURACYINDEX', 907001525, 1, null),
(907003657, '跨专业输出分路(使用状态)枚举值规范性核查', 'pe02or128', 3657, 907001525, '动环', 4, null, null, 1, 'admin', 'admin', 'PROC_CHECKONEDICTACCURACYINDEX', 907001525, 1, null),
(907003658, '跨专业输出分路(下游设备类型)枚举值规范性核查', 'pe02or129', 3658, 907001525, '动环', 4, null, null, 1, 'admin', 'admin', 'PROC_CHECKONEDICTACCURACYINDEX', 907001525, 1, null),
(907003659, '跨专业输出分路(专业类型)枚举值规范性核查', 'pe02or130', 3659, 907001525, '动环', 4, null, null, 1, 'admin', 'admin', 'PROC_CHECKONEDICTACCURACYINDEX', 907001525, 1, null),
(907003660, '位置点动环属性(动环专业站点级别)枚举值规范性核查', 'pe02or131', 3660, 907001501, '动环', 4, null, null, 1, 'admin', 'admin', 'PROC_CHECKONEDICTACCURACYINDEX', 907001501, 1, null),
(907003661, '位置点动环属性(市电备份方式)枚举值规范性核查', 'pe02or132', 3661, 907001501, '动环', 4, null, null, 1, 'admin', 'admin', 'PROC_CHECKONEDICTACCURACYINDEX', 907001501, 1, null),
(907003662, '位置点动环属性(市电是否来自不同变电站)枚举值规范性核查', 'pe02or133', 3662, 907001501, '动环', 4, null, null, 1, 'admin', 'admin', 'PROC_CHECKONEDICTACCURACYINDEX', 907001501, 1, null),
(907003663, '位置点动环属性(市电电压等级)枚举值规范性核查', 'pe02or134', 3663, 907001501, '动环', 4, null, null, 1, 'admin', 'admin', 'PROC_CHECKONEDICTACCURACYINDEX', 907001501, 1, null),
(907003664, '位置点动环属性(市电性质)枚举值规范性核查', 'pe02or135', 3664, 907001501, '动环', 4, null, null, 1, 'admin', 'admin', 'PROC_CHECKONEDICTACCURACYINDEX', 907001501, 1, null),
(907003665, '位置点动环属性(市电油机配置级别)枚举值规范性核查', 'pe02or136', 3665, 907001501, '动环', 4, null, null, 1, 'admin', 'admin', 'PROC_CHECKONEDICTACCURACYINDEX', 907001501, 1, null),
(907003666, '位置点动环属性(产权单位)枚举值规范性核查', 'pe02or137', 3666, 907001501, '动环', 4, null, null, 1, 'admin', 'admin', 'PROC_CHECKONEDICTACCURACYINDEX', 907001501, 1, null),
(907003667, '机房动环属性(动环专业机房类型)枚举值规范性核查', 'pe02or138', 3667, 907001502, '动环', 4, null, null, 1, 'admin', 'admin', 'PROC_CHECKONEDICTACCURACYINDEX', 907001502, 1, null),
 
(907003668, '变压器关键字段唯一性核查', 'pe02or139',3668,907001503, '动环',11, null,
'update CE_DEVICE_PE_TRANSFORM t1
                   set dims_col_result=(case when dims_col_result like ''%pe02or139%'' then dims_col_result
                                             when dims_col_result is null then ''pe02or139''
                                             else dims_col_result||'',pe02or139'' end),
                       dims_col_rtName=(case when dims_col_rtName like ''%变压器关键字段唯一性核查%'' then dims_col_rtName
                                             when dims_col_rtName is null then ''不满足规范:变压器关键字段唯一性核查''
                                             else dims_col_rtName||'',变压器关键字段唯一性核查'' end)
                 where exists(select 1
                                from CE_DEVICE_PE_TRANSFORM t2
                                 where t2.ctid <> t1.ctid
								 and t2.related_site = t1.related_site        
                                 and (t2.zh_label=t1.zh_label or t2.device_code=t1.device_code))',1, 'admin', 'admin', 'PROC_CHECKONEDYNAMICSQLINDEX',907001503,1, null),
								 
(907003669, '变换设备关键字段唯一性核查', 'pe02or140',3669,907001504, '动环',11, null,
'update CE_DECIVE_PE_TRANSFORM_DEVICE t1
                   set dims_col_result=(case when dims_col_result like ''%pe02or140%'' then dims_col_result
                                             when dims_col_result is null then ''pe02or140''
                                             else dims_col_result||'',pe02or140'' end),
                       dims_col_rtName=(case when dims_col_rtName like ''%变换设备关键字段唯一性核查%'' then dims_col_rtName
                                             when dims_col_rtName is null then ''不满足规范:变换设备关键字段唯一性核查''
                                             else dims_col_rtName||'',变换设备关键字段唯一性核查'' end)
                 where exists(select 1
                                from CE_DECIVE_PE_TRANSFORM_DEVICE t2
                                 where t2.ctid <> t1.ctid
								 and t2.related_site = t1.related_site        
                                 and (t2.zh_label=t1.zh_label or t2.device_code=t1.device_code))',1, 'admin', 'admin', 'PROC_CHECKONEDYNAMICSQLINDEX',907001504,1, null),
								 
(907003670, '高压配电关键字段唯一性核查', 'pe02or141',3670,907001506, '动环',11, null,
'update CE_DEVICE_PE_HIGH_DISTRIBUTION t1
                   set dims_col_result=(case when dims_col_result like ''%pe02or141%'' then dims_col_result
                                             when dims_col_result is null then ''pe02or141''
                                             else dims_col_result||'',pe02or141'' end),
                       dims_col_rtName=(case when dims_col_rtName like ''%高压配电关键字段唯一性核查%'' then dims_col_rtName
                                             when dims_col_rtName is null then ''不满足规范:高压配电关键字段唯一性核查''
                                             else dims_col_rtName||'',高压配电关键字段唯一性核查'' end)
                 where exists(select 1
                                from CE_DEVICE_PE_HIGH_DISTRIBUTION t2
                                 where t2.ctid <> t1.ctid
								 and t2.related_site = t1.related_site        
                                 and (t2.zh_label=t1.zh_label or t2.device_code=t1.device_code))',1, 'admin', 'admin', 'PROC_CHECKONEDYNAMICSQLINDEX',907001506,1, null),
								 
(907003671, '高压直流电源关键字段唯一性核查', 'pe02or142',3671,907001508, '动环',11, null,
'update CE_DEVICE_PE_HIGH_POWER t1
                   set dims_col_result=(case when dims_col_result like ''%pe02or142%'' then dims_col_result
                                             when dims_col_result is null then ''pe02or142''
                                             else dims_col_result||'',pe02or142'' end),
                       dims_col_rtName=(case when dims_col_rtName like ''%高压直流电源关键字段唯一性核查%'' then dims_col_rtName
                                             when dims_col_rtName is null then ''不满足规范:高压直流电源关键字段唯一性核查''
                                             else dims_col_rtName||'',高压直流电源关键字段唯一性核查'' end)
                 where exists(select 1
                                from CE_DEVICE_PE_HIGH_POWER t2
                                 where t2.ctid <> t1.ctid
								 and t2.related_site = t1.related_site        
                                 and (t2.zh_label=t1.zh_label or t2.device_code=t1.device_code))',1, 'admin', 'admin', 'PROC_CHECKONEDYNAMICSQLINDEX',907001508,1, null),
(907003672, '高压直流配电关键字段唯一性核查', 'pe02or143',3672,907001509, '动环',11, null,
'update CE_DEVICE_PE_HIGH_DC_DISTRIBUTION t1
                   set dims_col_result=(case when dims_col_result like ''%pe02or143%'' then dims_col_result
                                             when dims_col_result is null then ''pe02or143''
                                             else dims_col_result||'',pe02or143'' end),
                       dims_col_rtName=(case when dims_col_rtName like ''%高压直流配电关键字段唯一性核查%'' then dims_col_rtName
                                             when dims_col_rtName is null then ''不满足规范:高压直流配电关键字段唯一性核查''
                                             else dims_col_rtName||'',高压直流配电关键字段唯一性核查'' end)
                 where exists(select 1
                                from CE_DEVICE_PE_HIGH_DC_DISTRIBUTION t2
                                 where t2.ctid <> t1.ctid
								 and t2.related_site = t1.related_site        
                                 and (t2.zh_label=t1.zh_label or t2.device_code=t1.device_code))',1, 'admin', 'admin', 'PROC_CHECKONEDYNAMICSQLINDEX',907001509,1, null),
								 
(907003673, '低压交流配电关键字段唯一性核查', 'pe02or144',3673,907001511, '动环',11, null,
'update CE_DEVICE_PE_LOW_AC_DISTRIBUTION t1
                   set dims_col_result=(case when dims_col_result like ''%pe02or144%'' then dims_col_result
                                             when dims_col_result is null then ''pe02or144''
                                             else dims_col_result||'',pe02or144'' end),
                       dims_col_rtName=(case when dims_col_rtName like ''%低压交流配电关键字段唯一性核查%'' then dims_col_rtName
                                             when dims_col_rtName is null then ''不满足规范:低压交流配电关键字段唯一性核查''
                                             else dims_col_rtName||'',低压交流配电关键字段唯一性核查'' end)
                 where exists(select 1
                                from CE_DEVICE_PE_LOW_AC_DISTRIBUTION t2
                                 where t2.ctid <> t1.ctid
								 and t2.related_site = t1.related_site        
                                 and (t2.zh_label=t1.zh_label or t2.device_code=t1.device_code))',1, 'admin', 'admin', 'PROC_CHECKONEDYNAMICSQLINDEX',907001511,1, null),
								 
(907003674, '发电机组关键字段唯一性核查', 'pe02or145',3674,907001513, '动环',11, null,
'update CE_DEVICE_PE_POWER_GENERATION t1
                   set dims_col_result=(case when dims_col_result like ''%pe02or145%'' then dims_col_result
                                             when dims_col_result is null then ''pe02or145''
                                             else dims_col_result||'',pe02or145'' end),
                       dims_col_rtName=(case when dims_col_rtName like ''%发电机组关键字段唯一性核查%'' then dims_col_rtName
                                             when dims_col_rtName is null then ''不满足规范:发电机组关键字段唯一性核查''
                                             else dims_col_rtName||'',发电机组关键字段唯一性核查'' end)
                 where exists(select 1
                                from CE_DEVICE_PE_POWER_GENERATION t2
                                 where t2.ctid <> t1.ctid
								 and t2.related_site = t1.related_site        
                                 and (t2.zh_label=t1.zh_label or t2.device_code=t1.device_code))',1, 'admin', 'admin', 'PROC_CHECKONEDYNAMICSQLINDEX',907001513,1, null),
								 
(907003675, '开关电源关键字段唯一性核查', 'pe02or146',3675,907001515, '动环',11, null,
'update CE_DEVICE_PE_SWITCH_POWER t1
                   set dims_col_result=(case when dims_col_result like ''%pe02or146%'' then dims_col_result
                                             when dims_col_result is null then ''pe02or146''
                                             else dims_col_result||'',pe02or146'' end),
                       dims_col_rtName=(case when dims_col_rtName like ''%开关电源关键字段唯一性核查%'' then dims_col_rtName
                                             when dims_col_rtName is null then ''不满足规范:开关电源关键字段唯一性核查''
                                             else dims_col_rtName||'',开关电源关键字段唯一性核查'' end)
                 where exists(select 1
                                from CE_DEVICE_PE_SWITCH_POWER t2
                                 where t2.ctid <> t1.ctid
								 and t2.related_site = t1.related_site        
                                 and (t2.zh_label=t1.zh_label or t2.device_code=t1.device_code))',1, 'admin', 'admin', 'PROC_CHECKONEDYNAMICSQLINDEX',907001515,1, null),
								 
(907003676, '低压直流配电关键字段唯一性核查', 'pe02or147',3676,907001516, '动环',11, null,
'update CE_DEVICE_PE_LOW_DC_DISTRIBUTION t1
                   set dims_col_result=(case when dims_col_result like ''%pe02or147%'' then dims_col_result
                                             when dims_col_result is null then ''pe02or147''
                                             else dims_col_result||'',pe02or147'' end),
                       dims_col_rtName=(case when dims_col_rtName like ''%低压直流配电关键字段唯一性核查%'' then dims_col_rtName
                                             when dims_col_rtName is null then ''不满足规范:低压直流配电关键字段唯一性核查''
                                             else dims_col_rtName||'',低压直流配电关键字段唯一性核查'' end)
                 where exists(select 1
                                from CE_DEVICE_PE_LOW_DC_DISTRIBUTION t2
                                 where t2.ctid <> t1.ctid
								 and t2.related_site = t1.related_site        
                                 and (t2.zh_label=t1.zh_label or t2.device_code=t1.device_code))',1, 'admin', 'admin', 'PROC_CHECKONEDYNAMICSQLINDEX',907001516,1, null),
								 
(907003677, 'UPS关键字段唯一性核查设备', 'pe02or148',3677,907001518, '动环',11, null,
'update CE_DEVICE_PE_UPS t1
                   set dims_col_result=(case when dims_col_result like ''%pe02or148%'' then dims_col_result
                                             when dims_col_result is null then ''pe02or148''
                                             else dims_col_result||'',pe02or148'' end),
                       dims_col_rtName=(case when dims_col_rtName like ''%UPS关键字段唯一性核查设备%'' then dims_col_rtName
                                             when dims_col_rtName is null then ''不满足规范:UPS关键字段唯一性核查设备''
                                             else dims_col_rtName||'',UPS关键字段唯一性核查设备'' end)
                 where exists(select 1
                                from CE_DEVICE_PE_UPS t2
                                 where t2.ctid <> t1.ctid
								 and t2.related_site = t1.related_site        
                                 and (t2.zh_label=t1.zh_label or t2.device_code=t1.device_code))',1, 'admin', 'admin', 'PROC_CHECKONEDYNAMICSQLINDEX',907001518,1, null),
								 
(907003678, '蓄电池关键字段唯一性核查', 'pe02or149',3678,907001519, '动环',11, null,
'update CE_DEVICE_PE_BATTERY t1
                   set dims_col_result=(case when dims_col_result like ''%pe02or149%'' then dims_col_result
                                             when dims_col_result is null then ''pe02or149''
                                             else dims_col_result||'',pe02or149'' end),
                       dims_col_rtName=(case when dims_col_rtName like ''%蓄电池关键字段唯一性核查%'' then dims_col_rtName
                                             when dims_col_rtName is null then ''不满足规范:蓄电池关键字段唯一性核查''
                                             else dims_col_rtName||'',蓄电池关键字段唯一性核查'' end)
                 where exists(select 1
                                from CE_DEVICE_PE_BATTERY t2
                                 where t2.ctid <> t1.ctid
								 and t2.related_site = t1.related_site        
                                 and (t2.zh_label=t1.zh_label or t2.device_code=t1.device_code))',1, 'admin', 'admin', 'PROC_CHECKONEDYNAMICSQLINDEX',907001519,1, null),
								 
(907003679, '空调关键字段唯一性核查', 'pe02or150',3679,907001520, '动环',11, null,
'update CE_DEVICE_PE_AIR t1
                   set dims_col_result=(case when dims_col_result like ''%pe02or150%'' then dims_col_result
                                             when dims_col_result is null then ''pe02or150''
                                             else dims_col_result||'',pe02or150'' end),
                       dims_col_rtName=(case when dims_col_rtName like ''%空调关键字段唯一性核查%'' then dims_col_rtName
                                             when dims_col_rtName is null then ''不满足规范:空调关键字段唯一性核查''
                                             else dims_col_rtName||'',空调关键字段唯一性核查'' end)
                 where exists(select 1
                                from CE_DEVICE_PE_AIR t2
                                 where t2.ctid <> t1.ctid
								 and t2.related_site = t1.related_site        
                                 and (t2.zh_label=t1.zh_label or t2.device_code=t1.device_code))',1, 'admin', 'admin', 'PROC_CHECKONEDYNAMICSQLINDEX',907001520,1, null),
(907003680, '节能设备关键字段唯一性核查', 'pe02or151',3680,907001521, '动环',11, null,
'update CE_DEVICE_PE_ENERY_SAVE t1
                   set dims_col_result=(case when dims_col_result like ''%pe02or151%'' then dims_col_result
                                             when dims_col_result is null then ''pe02or151''
                                             else dims_col_result||'',pe02or151'' end),
                       dims_col_rtName=(case when dims_col_rtName like ''%节能设备关键字段唯一性核查%'' then dims_col_rtName
                                             when dims_col_rtName is null then ''不满足规范:节能设备关键字段唯一性核查''
                                             else dims_col_rtName||'',节能设备关键字段唯一性核查'' end)
                 where exists(select 1
                                from CE_DEVICE_PE_ENERY_SAVE t2
                                 where t2.ctid <> t1.ctid
								 and t2.related_site = t1.related_site        
                                 and (t2.zh_label=t1.zh_label or t2.device_code=t1.device_code))',1, 'admin', 'admin', 'PROC_CHECKONEDYNAMICSQLINDEX',907001521,1, null),
(907003681, '动环监控关键字段唯一性核查', 'pe02or152',3681,907001522, '动环',11, null,
'update CE_DEVICE_PE_POWER_MONITOR t1
                   set dims_col_result=(case when dims_col_result like ''%pe02or152%'' then dims_col_result
                                             when dims_col_result is null then ''pe02or152''
                                             else dims_col_result||'',pe02or152'' end),
                       dims_col_rtName=(case when dims_col_rtName like ''%动环监控关键字段唯一性核查%'' then dims_col_rtName
                                             when dims_col_rtName is null then ''不满足规范:动环监控关键字段唯一性核查''
                                             else dims_col_rtName||'',动环监控关键字段唯一性核查'' end)
                 where exists(select 1
                                from CE_DEVICE_PE_POWER_MONITOR t2
                                 where t2.ctid <> t1.ctid
								 and t2.related_site = t1.related_site        
                                 and (t2.zh_label=t1.zh_label or t2.device_code=t1.device_code))',1, 'admin', 'admin', 'PROC_CHECKONEDYNAMICSQLINDEX',907001522,1, null),
(907003682, '智能电表关键字段唯一性核查', 'pe02or153',3682,907001523, '动环',11, null,
'update CE_DEVICE_PE_SMART_METER t1
                   set dims_col_result=(case when dims_col_result like ''%pe02or153%'' then dims_col_result
                                             when dims_col_result is null then ''pe02or153''
                                             else dims_col_result||'',pe02or153'' end),
                       dims_col_rtName=(case when dims_col_rtName like ''%智能电表关键字段唯一性核查%'' then dims_col_rtName
                                             when dims_col_rtName is null then ''不满足规范:智能电表关键字段唯一性核查''
                                             else dims_col_rtName||'',智能电表关键字段唯一性核查'' end)
                 where exists(select 1
                                from CE_DEVICE_PE_SMART_METER t2
                                 where t2.ctid <> t1.ctid
								 and t2.related_site = t1.related_site        
                                 and (t2.zh_label=t1.zh_label or t2.device_code=t1.device_code))',1, 'admin', 'admin', 'PROC_CHECKONEDYNAMICSQLINDEX',907001523,1, null),
(907003683, '其他设备关键字段唯一性核查', 'pe02or154',3683,907001526, '动环',11, null,
'update CE_DEVICE_PE_OTHER t1
                   set dims_col_result=(case when dims_col_result like ''%pe02or154%'' then dims_col_result
                                             when dims_col_result is null then ''pe02or154''
                                             else dims_col_result||'',pe02or154'' end),
                       dims_col_rtName=(case when dims_col_rtName like ''%其他设备关键字段唯一性核查%'' then dims_col_rtName
                                             when dims_col_rtName is null then ''不满足规范:其他设备关键字段唯一性核查''
                                             else dims_col_rtName||'',其他设备关键字段唯一性核查'' end)
                 where exists(select 1
                                from CE_DEVICE_PE_OTHER t2
                                 where t2.ctid <> t1.ctid
								 and t2.related_site = t1.related_site        
                                 and (t2.zh_label=t1.zh_label or t2.device_code=t1.device_code))',1, 'admin', 'admin', 'PROC_CHECKONEDYNAMICSQLINDEX',907001526,1, null),
(907003684, '高压配电系统关键字段唯一性核查', 'pe02or155',3684,907001505, '动环',11, null,
'update CE_NET_PE_HIGH_DISTRIBUTION t1
                   set dims_col_result=(case when dims_col_result like ''%pe02or155%'' then dims_col_result
                                             when dims_col_result is null then ''pe02or155''
                                             else dims_col_result||'',pe02or155'' end),
                       dims_col_rtName=(case when dims_col_rtName like ''%高压配电系统关键字段唯一性核查%'' then dims_col_rtName
                                             when dims_col_rtName is null then ''不满足规范:高压配电系统关键字段唯一性核查''
                                             else dims_col_rtName||'',高压配电系统关键字段唯一性核查'' end)
                 where exists(select 1
                                from CE_NET_PE_HIGH_DISTRIBUTION t2
                                 where t2.ctid <> t1.ctid
								 and t2.related_site = t1.related_site        
                                 and (t2.zh_label=t1.zh_label or t2.system_code=t1.system_code))',1, 'admin', 'admin', 'PROC_CHECKONEDYNAMICSQLINDEX',907001505,1, null),	
(907003685, '高压直流电源系统关键字段唯一性核查', 'pe02or156',3685,907001507, '动环',11, null,
'update CE_NET_PE_HIGH_POWER t1
                   set dims_col_result=(case when dims_col_result like ''%pe02or156%'' then dims_col_result
                                             when dims_col_result is null then ''pe02or156''
                                             else dims_col_result||'',pe02or156'' end),
                       dims_col_rtName=(case when dims_col_rtName like ''%高压直流电源系统关键字段唯一性核查%'' then dims_col_rtName
                                             when dims_col_rtName is null then ''不满足规范:高压直流电源系统关键字段唯一性核查''
                                             else dims_col_rtName||'',高压直流电源系统关键字段唯一性核查'' end)
                 where exists(select 1
                                from CE_NET_PE_HIGH_POWER t2
                                 where t2.ctid <> t1.ctid
								 and t2.related_site = t1.related_site        
                                 and (t2.zh_label=t1.zh_label or t2.system_code=t1.system_code))',1, 'admin', 'admin', 'PROC_CHECKONEDYNAMICSQLINDEX',907001507,1, null),
(907003686, '低压配电系统关键字段唯一性核查', 'pe02or157',3686,907001510, '动环',11, null,
'update CE_NET_PE_LOW_DISTRIBUTION t1
                   set dims_col_result=(case when dims_col_result like ''%pe02or157%'' then dims_col_result
                                             when dims_col_result is null then ''pe02or157''
                                             else dims_col_result||'',pe02or157'' end),
                       dims_col_rtName=(case when dims_col_rtName like ''%低压配电系统关键字段唯一性核查%'' then dims_col_rtName
                                             when dims_col_rtName is null then ''不满足规范:低压配电系统关键字段唯一性核查''
                                             else dims_col_rtName||'',低压配电系统关键字段唯一性核查'' end)
                 where exists(select 1
                                from CE_NET_PE_LOW_DISTRIBUTION t2
                                 where t2.ctid <> t1.ctid
								 and t2.related_site = t1.related_site        
                                 and (t2.zh_label=t1.zh_label or t2.system_code=t1.system_code))',1, 'admin', 'admin', 'PROC_CHECKONEDYNAMICSQLINDEX',907001510,1, null),
(907003687, '发电系统关键字段唯一性核查', 'pe02or158',3687,907001512, '动环',11, null,
'update CE_NET_PE_SWITCH_POWER t1
                   set dims_col_result=(case when dims_col_result like ''%pe02or158%'' then dims_col_result
                                             when dims_col_result is null then ''pe02or158''
                                             else dims_col_result||'',pe02or158'' end),
                       dims_col_rtName=(case when dims_col_rtName like ''%发电系统关键字段唯一性核查%'' then dims_col_rtName
                                             when dims_col_rtName is null then ''不满足规范:发电系统关键字段唯一性核查''
                                             else dims_col_rtName||'',发电系统关键字段唯一性核查'' end)
                 where exists(select 1
                                from CE_NET_PE_SWITCH_POWER t2
                                 where t2.ctid <> t1.ctid
								 and t2.related_site = t1.related_site        
                                 and (t2.zh_label=t1.zh_label or t2.system_code=t1.system_code))',1, 'admin', 'admin', 'PROC_CHECKONEDYNAMICSQLINDEX',907001512,1, null),
(907003688, '开关电源系统关键字段唯一性核查', 'pe02or159',3688,907001514, '动环',11, null,
'update CE_NET_PE_OPEN_POWER t1
                   set dims_col_result=(case when dims_col_result like ''%pe02or159%'' then dims_col_result
                                             when dims_col_result is null then ''pe02or159''
                                             else dims_col_result||'',pe02or159'' end),
                       dims_col_rtName=(case when dims_col_rtName like ''%开关电源系统关键字段唯一性核查%'' then dims_col_rtName
                                             when dims_col_rtName is null then ''不满足规范:开关电源系统关键字段唯一性核查''
                                             else dims_col_rtName||'',开关电源系统关键字段唯一性核查'' end)
                 where exists(select 1
                                from CE_NET_PE_OPEN_POWER t2
                                 where t2.ctid <> t1.ctid
								 and t2.related_site = t1.related_site        
                                 and (t2.zh_label=t1.zh_label or t2.system_code=t1.system_code))',1, 'admin', 'admin', 'PROC_CHECKONEDYNAMICSQLINDEX',907001514,1, null),
(907003689, 'UPS系统关键字段唯一性核查', 'pe02or160',3689,907001517, '动环',11, null,
'update CE_NET_PE_UPS t1
                   set dims_col_result=(case when dims_col_result like ''%pe02or160%'' then dims_col_result
                                             when dims_col_result is null then ''pe02or160''
                                             else dims_col_result||'',pe02or160'' end),
                       dims_col_rtName=(case when dims_col_rtName like ''%UPS系统关键字段唯一性核查%'' then dims_col_rtName
                                             when dims_col_rtName is null then ''不满足规范:UPS系统关键字段唯一性核查''
                                             else dims_col_rtName||'',UPS系统关键字段唯一性核查'' end)
                 where exists(select 1
                                from CE_NET_PE_UPS t2
                                 where t2.ctid <> t1.ctid
								 and t2.related_site = t1.related_site        
                                 and (t2.zh_label=t1.zh_label or t2.system_code=t1.system_code))',1, 'admin', 'admin', 'PROC_CHECKONEDYNAMICSQLINDEX',907001517,1, null),
(907003690, '动环专业内输出分路关键字段唯一性核查', 'pe02or161',3690,907001524, '动环',11, null,
'update CE_LINK_PE_IN t1
                   set dims_col_result=(case when dims_col_result like ''%pe02or161%'' then dims_col_result
                                             when dims_col_result is null then ''pe02or161''
                                             else dims_col_result||'',pe02or161'' end),
                       dims_col_rtName=(case when dims_col_rtName like ''%动环专业内输出分路关键字段唯一性核查%'' then dims_col_rtName
                                             when dims_col_rtName is null then ''不满足规范:动环专业内输出分路关键字段唯一性核查''
                                             else dims_col_rtName||'',动环专业内输出分路关键字段唯一性核查'' end)
                 where exists(select 1
                                from CE_LINK_PE_IN t2
                                 where t2.ctid <> t1.ctid
								 and t2.related_site = t1.related_site        
                                 and t2.branch_name=t1.branch_name )',1, 'admin', 'admin', 'PROC_CHECKONEDYNAMICSQLINDEX',907001524,1, null),	
(907003691, '跨专业输出分路关键字段唯一性核查', 'pe02or162',3691,907001525, '动环',11, null,
'update CE_LINK_PE_OUT t1
                   set dims_col_result=(case when dims_col_result like ''%pe02or162%'' then dims_col_result
                                             when dims_col_result is null then ''pe02or162''
                                             else dims_col_result||'',pe02or162'' end),
                       dims_col_rtName=(case when dims_col_rtName like ''%跨专业输出分路关键字段唯一性核查%'' then dims_col_rtName
                                             when dims_col_rtName is null then ''不满足规范:跨专业输出分路关键字段唯一性核查''
                                             else dims_col_rtName||'',跨专业输出分路关键字段唯一性核查'' end)
                 where exists(select 1
                                from CE_LINK_PE_OUT t2
                                 where t2.ctid <> t1.ctid
								 and t2.related_site = t1.related_site        
                                 and t2.branch_name=t1.branch_name )',1, 'admin', 'admin', 'PROC_CHECKONEDYNAMICSQLINDEX',907001525,1, null),
(907003692, '位置点动环属性关键字段唯一性核查', 'pe02or163',3692,907001501, '动环',11, null,
'update RM_SITE_PROPERTY t1
                   set dims_col_result=(case when dims_col_result like ''%pe02or163%'' then dims_col_result
                                             when dims_col_result is null then ''pe02or163''
                                             else dims_col_result||'',pe02or163'' end),
                       dims_col_rtName=(case when dims_col_rtName like ''%位置点动环属性关键字段唯一性核查%'' then dims_col_rtName
                                             when dims_col_rtName is null then ''不满足规范:位置点动环属性关键字段唯一性核查''
                                             else dims_col_rtName||'',位置点动环属性关键字段唯一性核查'' end)
                 where exists(select 1
                                from RM_SITE_PROPERTY t2
                                 where t2.ctid <> t1.ctid
								 and t2.zh_label = t1.zh_label)',1, 'admin', 'admin', 'PROC_CHECKONEDYNAMICSQLINDEX',907001501,1, null),	
(907003693, '机房动环属性关键字段唯一性核查', 'pe02or164',3693,907001502, '动环',11, null,
'update RM_ROOM_PROPERTY t1
                   set dims_col_result=(case when dims_col_result like ''%pe02or164%'' then dims_col_result
                                             when dims_col_result is null then ''pe02or164''
                                             else dims_col_result||'',pe02or164'' end),
                       dims_col_rtName=(case when dims_col_rtName like ''%机房动环属性关键字段唯一性核查%'' then dims_col_rtName
                                             when dims_col_rtName is null then ''不满足规范:机房动环属性关键字段唯一性核查''
                                             else dims_col_rtName||'',机房动环属性关键字段唯一性核查'' end)
                 where exists(select 1
                                from RM_ROOM_PROPERTY t2
                                 where t2.ctid <> t1.ctid
								 and t2.related_site = t1.related_site        
                                 and t2.zh_label=t1.zh_label )',1, 'admin', 'admin', 'PROC_CHECKONEDYNAMICSQLINDEX',907001502,1, null),	
(907003694, '位置点动环属性主键唯一性核查', 'pe02or165',3694,907001501, '动环',11, null,
'update RM_SITE_PROPERTY t1
                   set dims_col_result=(case when dims_col_result like ''%pe02or165%'' then dims_col_result
                                             when dims_col_result is null then ''pe02or165''
                                             else dims_col_result||'',pe02or165'' end),
                       dims_col_rtName=(case when dims_col_rtName like ''%位置点动环属性主键唯一性核查%'' then dims_col_rtName
                                             when dims_col_rtName is null then ''不满足规范:位置点动环属性主键唯一性核查''
                                             else dims_col_rtName||'',位置点动环属性主键唯一性核查'' end)
                 where exists(select 1
                                from RM_SITE_PROPERTY t2
                                 where t2.ctid <> t1.ctid
								 and t2.int_id = t1.int_id)',1, 'admin', 'admin', 'PROC_CHECKONEDYNAMICSQLINDEX',907001501,1, null),
(907003695, '机房动环属性主键唯一性核查', 'pe02or166',3695,907001502, '动环',11, null,
'update RM_ROOM_PROPERTY t1
                   set dims_col_result=(case when dims_col_result like ''%pe02or166%'' then dims_col_result
                                             when dims_col_result is null then ''pe02or166''
                                             else dims_col_result||'',pe02or166'' end),
                       dims_col_rtName=(case when dims_col_rtName like ''%机房动环属性主键唯一性核查%'' then dims_col_rtName
                                             when dims_col_rtName is null then ''不满足规范:机房动环属性主键唯一性核查''
                                             else dims_col_rtName||'',机房动环属性主键唯一性核查'' end)
                 where exists(select 1
                                from RM_ROOM_PROPERTY t2
                                 where t2.ctid <> t1.ctid
								 and t2.int_id = t1.int_id)',1, 'admin', 'admin', 'PROC_CHECKONEDYNAMICSQLINDEX',907001502,1, null),
								 
(907003696, '变压器主键唯一性核查', 'pe02or167',3696,907001503, '动环',11, null,
'update CE_DEVICE_PE_TRANSFORM t1
                   set dims_col_result=(case when dims_col_result like ''%pe02or167%'' then dims_col_result
                                             when dims_col_result is null then ''pe02or167''
                                             else dims_col_result||'',pe02or167'' end),
                       dims_col_rtName=(case when dims_col_rtName like ''%变压器主键唯一性核查%'' then dims_col_rtName
                                             when dims_col_rtName is null then ''不满足规范:变压器主键唯一性核查''
                                             else dims_col_rtName||'',变压器主键唯一性核查'' end)
                 where exists(select 1
                                from CE_DEVICE_PE_TRANSFORM t2
                                 where t2.ctid <> t1.ctid
								 and t2.int_id = t1.int_id)',1, 'admin', 'admin', 'PROC_CHECKONEDYNAMICSQLINDEX',907001503,1, null),
								 
(907003697, '变换设备主键唯一性核查', 'pe02or168',3697,907001504, '动环',11, null,
'update CE_DECIVE_PE_TRANSFORM_DEVICE t1
                   set dims_col_result=(case when dims_col_result like ''%pe02or168%'' then dims_col_result
                                             when dims_col_result is null then ''pe02or168''
                                             else dims_col_result||'',pe02or168'' end),
                       dims_col_rtName=(case when dims_col_rtName like ''%变换设备主键唯一性核查%'' then dims_col_rtName
                                             when dims_col_rtName is null then ''不满足规范:变换设备主键唯一性核查''
                                             else dims_col_rtName||'',变换设备主键唯一性核查'' end)
                 where exists(select 1
                                from CE_DECIVE_PE_TRANSFORM_DEVICE t2
                                 where t2.ctid <> t1.ctid
								 and t2.int_id = t1.int_id)',1, 'admin', 'admin', 'PROC_CHECKONEDYNAMICSQLINDEX',907001504,1, null),
								 
(907003698, '高压配电系统主键唯一性核查', 'pe02or169',3698,907001505, '动环',11, null,
'update CE_NET_PE_HIGH_DISTRIBUTION t1
                   set dims_col_result=(case when dims_col_result like ''%pe02or169%'' then dims_col_result
                                             when dims_col_result is null then ''pe02or169''
                                             else dims_col_result||'',pe02or169'' end),
                       dims_col_rtName=(case when dims_col_rtName like ''%高压配电系统主键唯一性核查%'' then dims_col_rtName
                                             when dims_col_rtName is null then ''不满足规范:高压配电系统主键唯一性核查''
                                             else dims_col_rtName||'',高压配电系统主键唯一性核查'' end)
                 where exists(select 1
                                from CE_NET_PE_HIGH_DISTRIBUTION t2
                                 where t2.ctid <> t1.ctid
								 and t2.int_id = t1.int_id)',1, 'admin', 'admin', 'PROC_CHECKONEDYNAMICSQLINDEX',907001505,1, null),
(907003699, '高压配电主键唯一性核查', 'pe02or170',3699,907001506, '动环',11, null,
'update CE_DEVICE_PE_HIGH_DISTRIBUTION t1
                   set dims_col_result=(case when dims_col_result like ''%pe02or170%'' then dims_col_result
                                             when dims_col_result is null then ''pe02or170''
                                             else dims_col_result||'',pe02or170'' end),
                       dims_col_rtName=(case when dims_col_rtName like ''%高压配电主键唯一性核查%'' then dims_col_rtName
                                             when dims_col_rtName is null then ''不满足规范:高压配电主键唯一性核查''
                                             else dims_col_rtName||'',高压配电主键唯一性核查'' end)
                 where exists(select 1
                                from CE_DEVICE_PE_HIGH_DISTRIBUTION t2
                                 where t2.ctid <> t1.ctid
								 and t2.int_id = t1.int_id)',1, 'admin', 'admin', 'PROC_CHECKONEDYNAMICSQLINDEX',907001506,1, null),
								 
(907003700, '高压直流电源系统主键唯一性核查', 'pe02or171',3700,907001507, '动环',11, null,
'update CE_NET_PE_HIGH_POWER t1
                   set dims_col_result=(case when dims_col_result like ''%pe02or171%'' then dims_col_result
                                             when dims_col_result is null then ''pe02or171''
                                             else dims_col_result||'',pe02or171'' end),
                       dims_col_rtName=(case when dims_col_rtName like ''%高压直流电源系统主键唯一性核查%'' then dims_col_rtName
                                             when dims_col_rtName is null then ''不满足规范:高压直流电源系统主键唯一性核查''
                                             else dims_col_rtName||'',高压直流电源系统主键唯一性核查'' end)
                 where exists(select 1
                                from CE_NET_PE_HIGH_POWER t2
                                 where t2.ctid <> t1.ctid
								 and t2.int_id = t1.int_id)',1, 'admin', 'admin', 'PROC_CHECKONEDYNAMICSQLINDEX',907001507,1, null),
								 
(907003701, '高压直流电源主键唯一性核查', 'pe02or172',3701,907001508, '动环',11, null,
'update CE_DEVICE_PE_HIGH_POWER t1
                   set dims_col_result=(case when dims_col_result like ''%pe02or172%'' then dims_col_result
                                             when dims_col_result is null then ''pe02or172''
                                             else dims_col_result||'',pe02or172'' end),
                       dims_col_rtName=(case when dims_col_rtName like ''%高压直流电源主键唯一性核查%'' then dims_col_rtName
                                             when dims_col_rtName is null then ''不满足规范:高压直流电源主键唯一性核查''
                                             else dims_col_rtName||'',高压直流电源主键唯一性核查'' end)
                 where exists(select 1
                                from CE_DEVICE_PE_HIGH_POWER t2
                                 where t2.ctid <> t1.ctid
								 and t2.int_id = t1.int_id)',1, 'admin', 'admin', 'PROC_CHECKONEDYNAMICSQLINDEX',907001508,1, null),
(907003702, '高压直流配电主键唯一性核查', 'pe02or173',3702,907001509, '动环',11, null,
'update CE_DEVICE_PE_HIGH_DC_DISTRIBUTION t1
                   set dims_col_result=(case when dims_col_result like ''%pe02or173%'' then dims_col_result
                                             when dims_col_result is null then ''pe02or173''
                                             else dims_col_result||'',pe02or173'' end),
                       dims_col_rtName=(case when dims_col_rtName like ''%高压直流配电主键唯一性核查%'' then dims_col_rtName
                                             when dims_col_rtName is null then ''不满足规范:高压直流配电主键唯一性核查''
                                             else dims_col_rtName||'',高压直流配电主键唯一性核查'' end)
                 where exists(select 1
                                from CE_DEVICE_PE_HIGH_DC_DISTRIBUTION t2
                                 where t2.ctid <> t1.ctid
								 and t2.int_id = t1.int_id)',1, 'admin', 'admin', 'PROC_CHECKONEDYNAMICSQLINDEX',907001509,1, null),
(907003703, '低压配电系统主键唯一性核查', 'pe02or174',3703,907001510, '动环',11, null,
'update CE_NET_PE_LOW_DISTRIBUTION t1
                   set dims_col_result=(case when dims_col_result like ''%pe02or174%'' then dims_col_result
                                             when dims_col_result is null then ''pe02or174''
                                             else dims_col_result||'',pe02or174'' end),
                       dims_col_rtName=(case when dims_col_rtName like ''%低压配电系统主键唯一性核查%'' then dims_col_rtName
                                             when dims_col_rtName is null then ''不满足规范:低压配电系统主键唯一性核查''
                                             else dims_col_rtName||'',低压配电系统主键唯一性核查'' end)
                 where exists(select 1
                                from CE_NET_PE_LOW_DISTRIBUTION t2
                                 where t2.ctid <> t1.ctid
								 and t2.int_id = t1.int_id)',1, 'admin', 'admin', 'PROC_CHECKONEDYNAMICSQLINDEX',907001510,1, null),
(907003704, '低压交流配电主键唯一性核查', 'pe02or175',3704,907001511, '动环',11, null,
'update CE_DEVICE_PE_LOW_AC_DISTRIBUTION t1
                   set dims_col_result=(case when dims_col_result like ''%pe02or175%'' then dims_col_result
                                             when dims_col_result is null then ''pe02or175''
                                             else dims_col_result||'',pe02or175'' end),
                       dims_col_rtName=(case when dims_col_rtName like ''%低压交流配电主键唯一性核查%'' then dims_col_rtName
                                             when dims_col_rtName is null then ''不满足规范:低压交流配电主键唯一性核查''
                                             else dims_col_rtName||'',低压交流配电主键唯一性核查'' end)
                 where exists(select 1
                                from CE_DEVICE_PE_LOW_AC_DISTRIBUTION t2
                                 where t2.ctid <> t1.ctid
								 and t2.int_id = t1.int_id)',1, 'admin', 'admin', 'PROC_CHECKONEDYNAMICSQLINDEX',907001511,1, null),
(907003705, '发电系统主键唯一性核查', 'pe02or176',3705,907001512, '动环',11, null,
'update CE_NET_PE_SWITCH_POWER t1
                   set dims_col_result=(case when dims_col_result like ''%pe02or176%'' then dims_col_result
                                             when dims_col_result is null then ''pe02or176''
                                             else dims_col_result||'',pe02or176'' end),
                       dims_col_rtName=(case when dims_col_rtName like ''%发电系统主键唯一性核查%'' then dims_col_rtName
                                             when dims_col_rtName is null then ''不满足规范:发电系统主键唯一性核查''
                                             else dims_col_rtName||'',发电系统主键唯一性核查'' end)
                 where exists(select 1
                                from CE_NET_PE_SWITCH_POWER t2
                                 where t2.ctid <> t1.ctid
								 and t2.int_id = t1.int_id)',1, 'admin', 'admin', 'PROC_CHECKONEDYNAMICSQLINDEX',907001512,1, null),
(907003706, '发电机组主键唯一性核查', 'pe02or177',3706,907001513, '动环',11, null,
'update CE_DEVICE_PE_POWER_GENERATION t1
                   set dims_col_result=(case when dims_col_result like ''%pe02or177%'' then dims_col_result
                                             when dims_col_result is null then ''pe02or177''
                                             else dims_col_result||'',pe02or177'' end),
                       dims_col_rtName=(case when dims_col_rtName like ''%发电机组主键唯一性核查%'' then dims_col_rtName
                                             when dims_col_rtName is null then ''不满足规范:发电机组主键唯一性核查''
                                             else dims_col_rtName||'',发电机组主键唯一性核查'' end)
                 where exists(select 1
                                from CE_DEVICE_PE_POWER_GENERATION t2
                                 where t2.ctid <> t1.ctid
								 and t2.int_id = t1.int_id)',1, 'admin', 'admin', 'PROC_CHECKONEDYNAMICSQLINDEX',907001513,1, null),
(907003707, '开关电源系统主键唯一性核查', 'pe02or178',3707,907001514, '动环',11, null,
'update CE_NET_PE_OPEN_POWER t1
                   set dims_col_result=(case when dims_col_result like ''%pe02or178%'' then dims_col_result
                                             when dims_col_result is null then ''pe02or178''
                                             else dims_col_result||'',pe02or178'' end),
                       dims_col_rtName=(case when dims_col_rtName like ''%开关电源系统主键唯一性核查%'' then dims_col_rtName
                                             when dims_col_rtName is null then ''不满足规范:开关电源系统主键唯一性核查''
                                             else dims_col_rtName||'',开关电源系统主键唯一性核查'' end)
                 where exists(select 1
                                from CE_NET_PE_OPEN_POWER t2
                                 where t2.ctid <> t1.ctid
								 and t2.int_id = t1.int_id)',1, 'admin', 'admin', 'PROC_CHECKONEDYNAMICSQLINDEX',907001514,1, null),
								 
(907003708, '开关电源主键唯一性核查', 'pe02or179',3708,907001515, '动环',11, null,
'update CE_DEVICE_PE_SWITCH_POWER t1
                   set dims_col_result=(case when dims_col_result like ''%pe02or179%'' then dims_col_result
                                             when dims_col_result is null then ''pe02or179''
                                             else dims_col_result||'',pe02or179'' end),
                       dims_col_rtName=(case when dims_col_rtName like ''%开关电源主键唯一性核查%'' then dims_col_rtName
                                             when dims_col_rtName is null then ''不满足规范:开关电源主键唯一性核查''
                                             else dims_col_rtName||'',开关电源主键唯一性核查'' end)
                 where exists(select 1
                                from CE_DEVICE_PE_SWITCH_POWER t2
                                 where t2.ctid <> t1.ctid
								 and t2.int_id = t1.int_id)',1, 'admin', 'admin', 'PROC_CHECKONEDYNAMICSQLINDEX',907001515,1, null),								 
								 
(907003709, '低压直流配电主键唯一性核查', 'pe02or180',3709,907001516, '动环',11, null,
'update CE_DEVICE_PE_LOW_DC_DISTRIBUTION t1
                   set dims_col_result=(case when dims_col_result like ''%pe02or180%'' then dims_col_result
                                             when dims_col_result is null then ''pe02or180''
                                             else dims_col_result||'',pe02or180'' end),
                       dims_col_rtName=(case when dims_col_rtName like ''%低压直流配电主键唯一性核查%'' then dims_col_rtName
                                             when dims_col_rtName is null then ''不满足规范:低压直流配电主键唯一性核查''
                                             else dims_col_rtName||'',低压直流配电主键唯一性核查'' end)
                 where exists(select 1
                                from CE_DEVICE_PE_LOW_DC_DISTRIBUTION t2
                                 where t2.ctid <> t1.ctid
								 and t2.int_id = t1.int_id)',1, 'admin', 'admin', 'PROC_CHECKONEDYNAMICSQLINDEX',907001516,1, null),									 
								 
(907003710, 'UPS系统主键唯一性核查', 'pe02or181',3710,907001517, '动环',11, null,
'update CE_NET_PE_UPS t1
                   set dims_col_result=(case when dims_col_result like ''%pe02or181%'' then dims_col_result
                                             when dims_col_result is null then ''pe02or181''
                                             else dims_col_result||'',pe02or181'' end),
                       dims_col_rtName=(case when dims_col_rtName like ''%UPS系统主键唯一性核查%'' then dims_col_rtName
                                             when dims_col_rtName is null then ''不满足规范:UPS系统主键唯一性核查''
                                             else dims_col_rtName||'',UPS系统主键唯一性核查'' end)
                 where exists(select 1
                                from CE_NET_PE_UPS t2
                                 where t2.ctid <> t1.ctid
								 and t2.int_id = t1.int_id)',1, 'admin', 'admin', 'PROC_CHECKONEDYNAMICSQLINDEX',907001517,1, null),	
(907003711, 'UPS设备主键唯一性核查', 'pe02or182',3711,907001518, '动环',11, null,
'update CE_DEVICE_PE_UPS t1
                   set dims_col_result=(case when dims_col_result like ''%pe02or182%'' then dims_col_result
                                             when dims_col_result is null then ''pe02or182''
                                             else dims_col_result||'',pe02or182'' end),
                       dims_col_rtName=(case when dims_col_rtName like ''%UPS设备主键唯一性核查%'' then dims_col_rtName
                                             when dims_col_rtName is null then ''不满足规范:UPS设备主键唯一性核查''
                                             else dims_col_rtName||'',UPS设备主键唯一性核查'' end)
                 where exists(select 1
                                from CE_DEVICE_PE_UPS t2
                                 where t2.ctid <> t1.ctid
								 and t2.int_id = t1.int_id)',1, 'admin', 'admin', 'PROC_CHECKONEDYNAMICSQLINDEX',907001518,1, null),	
								 
(907003712, '蓄电池主键唯一性核查', 'pe02or183',3712,907001519, '动环',11, null,
'update CE_DEVICE_PE_BATTERY t1
                   set dims_col_result=(case when dims_col_result like ''%pe02or183%'' then dims_col_result
                                             when dims_col_result is null then ''pe02or183''
                                             else dims_col_result||'',pe02or183'' end),
                       dims_col_rtName=(case when dims_col_rtName like ''%蓄电池主键唯一性核查%'' then dims_col_rtName
                                             when dims_col_rtName is null then ''不满足规范:蓄电池主键唯一性核查''
                                             else dims_col_rtName||'',蓄电池主键唯一性核查'' end)
                 where exists(select 1
                                from CE_DEVICE_PE_BATTERY t2
                                 where t2.ctid <> t1.ctid
								 and t2.int_id = t1.int_id)',1, 'admin', 'admin', 'PROC_CHECKONEDYNAMICSQLINDEX',907001519,1, null),									 
								 
(907003713, '空调主键唯一性核查', 'pe02or184',3713,907001520, '动环',11, null,
'update CE_DEVICE_PE_AIR t1
                   set dims_col_result=(case when dims_col_result like ''%pe02or184%'' then dims_col_result
                                             when dims_col_result is null then ''pe02or184''
                                             else dims_col_result||'',pe02or184'' end),
                       dims_col_rtName=(case when dims_col_rtName like ''%空调主键唯一性核查%'' then dims_col_rtName
                                             when dims_col_rtName is null then ''不满足规范:空调主键唯一性核查''
                                             else dims_col_rtName||'',空调主键唯一性核查'' end)
                 where exists(select 1
                                from CE_DEVICE_PE_AIR t2
                                 where t2.ctid <> t1.ctid
								 and t2.int_id = t1.int_id)',1, 'admin', 'admin', 'PROC_CHECKONEDYNAMICSQLINDEX',907001520,1, null),								 
								 
(907003714, '节能设备主键唯一性核查', 'pe02or185',3714,907001521, '动环',11, null,
'update CE_DEVICE_PE_ENERY_SAVE t1
                   set dims_col_result=(case when dims_col_result like ''%pe02or185%'' then dims_col_result
                                             when dims_col_result is null then ''pe02or185''
                                             else dims_col_result||'',pe02or185'' end),
                       dims_col_rtName=(case when dims_col_rtName like ''%节能设备主键唯一性核查%'' then dims_col_rtName
                                             when dims_col_rtName is null then ''不满足规范:节能设备主键唯一性核查''
                                             else dims_col_rtName||'',节能设备主键唯一性核查'' end)
                 where exists(select 1
                                from CE_DEVICE_PE_ENERY_SAVE t2
                                 where t2.ctid <> t1.ctid
								 and t2.int_id = t1.int_id)',1, 'admin', 'admin', 'PROC_CHECKONEDYNAMICSQLINDEX',907001521,1, null),
(907003715, '动环监控主键唯一性核查', 'pe02or186',3715,907001522, '动环',11, null,
'update CE_DEVICE_PE_POWER_MONITOR t1
                   set dims_col_result=(case when dims_col_result like ''%pe02or186%'' then dims_col_result
                                             when dims_col_result is null then ''pe02or186''
                                             else dims_col_result||'',pe02or186'' end),
                       dims_col_rtName=(case when dims_col_rtName like ''%动环监控主键唯一性核查%'' then dims_col_rtName
                                             when dims_col_rtName is null then ''不满足规范:动环监控主键唯一性核查''
                                             else dims_col_rtName||'',动环监控主键唯一性核查'' end)
                 where exists(select 1
                                from CE_DEVICE_PE_POWER_MONITOR t2
                                 where t2.ctid <> t1.ctid
								 and t2.int_id = t1.int_id)',1, 'admin', 'admin', 'PROC_CHECKONEDYNAMICSQLINDEX',907001522,1, null),
(907003716, '智能电表主键唯一性核查', 'pe02or187',3716,907001523, '动环',11, null,
'update CE_DEVICE_PE_SMART_METER t1
                   set dims_col_result=(case when dims_col_result like ''%pe02or187%'' then dims_col_result
                                             when dims_col_result is null then ''pe02or187''
                                             else dims_col_result||'',pe02or187'' end),
                       dims_col_rtName=(case when dims_col_rtName like ''%智能电表主键唯一性核查%'' then dims_col_rtName
                                             when dims_col_rtName is null then ''不满足规范:智能电表主键唯一性核查''
                                             else dims_col_rtName||'',智能电表主键唯一性核查'' end)
                 where exists(select 1
                                from CE_DEVICE_PE_SMART_METER t2
                                 where t2.ctid <> t1.ctid
								 and t2.int_id = t1.int_id)',1, 'admin', 'admin', 'PROC_CHECKONEDYNAMICSQLINDEX',907001523,1, null),
(907003717, '动环专业内输出分路主键唯一性核查', 'pe02or188',3717,907001524, '动环',11, null,
'update CE_LINK_PE_IN t1
                   set dims_col_result=(case when dims_col_result like ''%pe02or188%'' then dims_col_result
                                             when dims_col_result is null then ''pe02or188''
                                             else dims_col_result||'',pe02or188'' end),
                       dims_col_rtName=(case when dims_col_rtName like ''%动环专业内输出分路主键唯一性核查%'' then dims_col_rtName
                                             when dims_col_rtName is null then ''不满足规范:动环专业内输出分路主键唯一性核查''
                                             else dims_col_rtName||'',动环专业内输出分路主键唯一性核查'' end)
                 where exists(select 1
                                from CE_LINK_PE_IN t2
                                 where t2.ctid <> t1.ctid
								 and t2.int_id = t1.int_id)',1, 'admin', 'admin', 'PROC_CHECKONEDYNAMICSQLINDEX',907001524,1, null),
(907003718, '跨专业输出分路主键唯一性核查', 'pe02or189',3718,907001525, '动环',11, null,
'update CE_LINK_PE_OUT t1
                   set dims_col_result=(case when dims_col_result like ''%pe02or189%'' then dims_col_result
                                             when dims_col_result is null then ''pe02or189''
                                             else dims_col_result||'',pe02or189'' end),
                       dims_col_rtName=(case when dims_col_rtName like ''%跨专业输出分路主键唯一性核查%'' then dims_col_rtName
                                             when dims_col_rtName is null then ''不满足规范:跨专业输出分路主键唯一性核查''
                                             else dims_col_rtName||'',跨专业输出分路主键唯一性核查'' end)
                 where exists(select 1
                                from CE_LINK_PE_OUT t2
                                 where t2.ctid <> t1.ctid
								 and t2.int_id = t1.int_id)',1, 'admin', 'admin', 'PROC_CHECKONEDYNAMICSQLINDEX',907001525,1, null),
(907003719, '其它设备主键唯一性核查', 'pe02or190',3719,907001526, '动环',11, null,
'update CE_DEVICE_PE_OTHER t1
                   set dims_col_result=(case when dims_col_result like ''%pe02or190%'' then dims_col_result
                                             when dims_col_result is null then ''pe02or190''
                                             else dims_col_result||'',pe02or190'' end),
                       dims_col_rtName=(case when dims_col_rtName like ''%其它设备主键唯一性核查%'' then dims_col_rtName
                                             when dims_col_rtName is null then ''不满足规范:其它设备主键唯一性核查''
                                             else dims_col_rtName||'',其它设备主键唯一性核查'' end)
                 where exists(select 1
                                from CE_DEVICE_PE_OTHER t2
                                 where t2.ctid <> t1.ctid
								 and t2.int_id = t1.int_id)',1, 'admin', 'admin', 'PROC_CHECKONEDYNAMICSQLINDEX',907001526,1, null),	
--关联性	
(907003720, '变压器关联型字段核查', 'pe03or01',3720,907001503, '动环',11, null,
'update CE_DEVICE_PE_TRANSFORM t1
                   set dims_col_result=(case when dims_col_result like ''%pe03or01%'' then dims_col_result
                                             when dims_col_result is null then ''pe03or01''
                                             else dims_col_result||'',pe03or01'' end),
                       dims_col_rtName=(case when dims_col_rtName like ''%变压器关联型字段核查%'' then dims_col_rtName
                                             when dims_col_rtName is null then ''不满足规范:变压器关联型字段核查''
                                             else dims_col_rtName||'',变压器关联型字段核查'' end)
                 where (isNotNull(t1.related_room) and not exists(select 1 from RM_AREA_ROOM t2 where t2.int_id = t1.related_room)) 
				    or (isNotNull(t1.related_site) and not exists(select 1 from RM_AREA_SITE t2 where t2.int_id = t1.related_site))',1, 'admin', 'admin', 'PROC_CHECKONEDYNAMICSQLINDEX',907001503,1, null),
(907003721, '变换设备关联型字段核查', 'pe03or02',3721,907001504, '动环',11, null,
'update CE_DECIVE_PE_TRANSFORM_DEVICE t1
                   set dims_col_result=(case when dims_col_result like ''%pe03or02%'' then dims_col_result
                                             when dims_col_result is null then ''pe03or02''
                                             else dims_col_result||'',pe03or02'' end),
                       dims_col_rtName=(case when dims_col_rtName like ''%变换设备关联型字段核查%'' then dims_col_rtName
                                             when dims_col_rtName is null then ''不满足规范:变换设备关联型字段核查''
                                             else dims_col_rtName||'',变换设备关联型字段核查'' end)
                 where (isNotNull(t1.related_room) and not exists(select 1 from RM_AREA_ROOM t2 where t2.int_id = t1.related_room)) 
				    or (isNotNull(t1.related_site) and not exists(select 1 from RM_AREA_SITE t2 where t2.int_id = t1.related_site))',1, 'admin', 'admin', 'PROC_CHECKONEDYNAMICSQLINDEX',907001504,1, null),
(907003722, '高压配电关联型字段核查', 'pe03or03',3722,907001506, '动环',11, null,
'update CE_DEVICE_PE_HIGH_DISTRIBUTION t1
                   set dims_col_result=(case when dims_col_result like ''%pe03or03%'' then dims_col_result
                                             when dims_col_result is null then ''pe03or03''
                                             else dims_col_result||'',pe03or03'' end),
                       dims_col_rtName=(case when dims_col_rtName like ''%高压配电关联型字段核查%'' then dims_col_rtName
                                             when dims_col_rtName is null then ''不满足规范:高压配电关联型字段核查''
                                             else dims_col_rtName||'',高压配电关联型字段核查'' end)
                 where (isNotNull(t1.related_room) and not exists(select 1 from RM_AREA_ROOM t2 where t2.int_id = t1.related_room)) 
				    or (isNotNull(t1.related_site) and not exists(select 1 from RM_AREA_SITE t2 where t2.int_id = t1.related_site))
				    or (isNotNull(t1.related_system) and not exists(select 1 from CE_NET_PE_HIGH_DISTRIBUTION t2 where t2.int_id = t1.related_system))',1, 'admin', 'admin', 'PROC_CHECKONEDYNAMICSQLINDEX',907001506,1, null),
(907003723, '高压直流电源关联型字段核查', 'pe03or04',3723,907001508, '动环',11, null,
'update CE_DEVICE_PE_HIGH_POWER t1
                   set dims_col_result=(case when dims_col_result like ''%pe03or04%'' then dims_col_result
                                             when dims_col_result is null then ''pe03or04''
                                             else dims_col_result||'',pe03or04'' end),
                       dims_col_rtName=(case when dims_col_rtName like ''%高压直流电源关联型字段核查%'' then dims_col_rtName
                                             when dims_col_rtName is null then ''不满足规范:高压直流电源关联型字段核查''
                                             else dims_col_rtName||'',高压直流电源关联型字段核查'' end)
                 where (isNotNull(t1.related_room) and not exists(select 1 from RM_AREA_ROOM t2 where t2.int_id = t1.related_room)) 
				    or (isNotNull(t1.related_site) and not exists(select 1 from RM_AREA_SITE t2 where t2.int_id = t1.related_site))
				    or (isNotNull(t1.related_system) and not exists(select 1 from CE_NET_PE_HIGH_POWER t2 where t2.int_id = t1.related_system))',1, 'admin', 'admin', 'PROC_CHECKONEDYNAMICSQLINDEX',907001508,1, null),
(907003724, '高压直流配电关联型字段核查', 'pe03or05',3724,907001509, '动环',11, null,
'update CE_DEVICE_PE_HIGH_DC_DISTRIBUTION t1
                   set dims_col_result=(case when dims_col_result like ''%pe03or05%'' then dims_col_result
                                             when dims_col_result is null then ''pe03or05''
                                             else dims_col_result||'',pe03or05'' end),
                       dims_col_rtName=(case when dims_col_rtName like ''%高压直流配电关联型字段核查%'' then dims_col_rtName
                                             when dims_col_rtName is null then ''不满足规范:高压直流配电关联型字段核查''
                                             else dims_col_rtName||'',高压直流配电关联型字段核查'' end)
                 where (isNotNull(t1.related_room) and not exists(select 1 from RM_AREA_ROOM t2 where t2.int_id = t1.related_room)) 
				    or (isNotNull(t1.related_site) and not exists(select 1 from RM_AREA_SITE t2 where t2.int_id = t1.related_site))
				    or (isNotNull(t1.related_system) and not exists(select 1 from CE_NET_PE_HIGH_POWER t2 where t2.int_id = t1.related_system))',1, 'admin', 'admin', 'PROC_CHECKONEDYNAMICSQLINDEX',907001509,1, null),
(907003725, '低压交流配电关联型字段核查', 'pe03or06',3725,907001511, '动环',11, null,
'update CE_DEVICE_PE_LOW_AC_DISTRIBUTION t1
                   set dims_col_result=(case when dims_col_result like ''%pe03or06%'' then dims_col_result
                                             when dims_col_result is null then ''pe03or06''
                                             else dims_col_result||'',pe03or06'' end),
                       dims_col_rtName=(case when dims_col_rtName like ''%低压交流配电关联型字段核查%'' then dims_col_rtName
                                             when dims_col_rtName is null then ''不满足规范:低压交流配电关联型字段核查''
                                             else dims_col_rtName||'',低压交流配电关联型字段核查'' end)
                 where (isNotNull(t1.related_room) and not exists(select 1 from RM_AREA_ROOM t2 where t2.int_id = t1.related_room)) 
				    or (isNotNull(t1.related_site) and not exists(select 1 from RM_AREA_SITE t2 where t2.int_id = t1.related_site))
				    or (isNotNull(t1.related_system) and not exists(select 1 from CE_NET_PE_LOW_DISTRIBUTION t2 where t2.int_id = t1.related_system))',1, 'admin', 'admin', 'PROC_CHECKONEDYNAMICSQLINDEX',907001511,1, null),
(907003726, '发电机组关联型字段核查', 'pe03or07',3726,907001513, '动环',11, null,
'update CE_DEVICE_PE_POWER_GENERATION t1
                   set dims_col_result=(case when dims_col_result like ''%pe03or07%'' then dims_col_result
                                             when dims_col_result is null then ''pe03or07''
                                             else dims_col_result||'',pe03or07'' end),
                       dims_col_rtName=(case when dims_col_rtName like ''%发电机组关联型字段核查%'' then dims_col_rtName
                                             when dims_col_rtName is null then ''不满足规范:发电机组关联型字段核查''
                                             else dims_col_rtName||'',发电机组关联型字段核查'' end)
                 where (isNotNull(t1.related_room) and not exists(select 1 from RM_AREA_ROOM t2 where t2.int_id = t1.related_room)) 
				    or (isNotNull(t1.related_site) and not exists(select 1 from RM_AREA_SITE t2 where t2.int_id = t1.related_site))
				    or (isNotNull(t1.related_system) and not exists(select 1 from CE_NET_PE_SWITCH_POWER t2 where t2.int_id = t1.related_system))',1, 'admin', 'admin', 'PROC_CHECKONEDYNAMICSQLINDEX',907001513,1, null),
(907003727, '开关电源关联型字段核查', 'pe03or08',3727,907001515, '动环',11, null,
'update CE_DEVICE_PE_SWITCH_POWER t1
                   set dims_col_result=(case when dims_col_result like ''%pe03or08%'' then dims_col_result
                                             when dims_col_result is null then ''pe03or08''
                                             else dims_col_result||'',pe03or08'' end),
                       dims_col_rtName=(case when dims_col_rtName like ''%开关电源关联型字段核查%'' then dims_col_rtName
                                             when dims_col_rtName is null then ''不满足规范:开关电源关联型字段核查''
                                             else dims_col_rtName||'',开关电源关联型字段核查'' end)
                 where (isNotNull(t1.related_room) and not exists(select 1 from RM_AREA_ROOM t2 where t2.int_id = t1.related_room)) 
				    or (isNotNull(t1.related_site) and not exists(select 1 from RM_AREA_SITE t2 where t2.int_id = t1.related_site))
				    or (isNotNull(t1.related_system) and not exists(select 1 from CE_NET_PE_OPEN_POWER t2 where t2.int_id = t1.related_system))',1, 'admin', 'admin', 'PROC_CHECKONEDYNAMICSQLINDEX',907001515,1, null),
(907003728, '低压直流配电关联型字段核查', 'pe03or09',3728,907001516, '动环',11, null,
'update CE_DEVICE_PE_LOW_DC_DISTRIBUTION t1
                   set dims_col_result=(case when dims_col_result like ''%pe03or09%'' then dims_col_result
                                             when dims_col_result is null then ''pe03or09''
                                             else dims_col_result||'',pe03or09'' end),
                       dims_col_rtName=(case when dims_col_rtName like ''%低压直流配电关联型字段核查%'' then dims_col_rtName
                                             when dims_col_rtName is null then ''不满足规范:低压直流配电关联型字段核查''
                                             else dims_col_rtName||'',低压直流配电关联型字段核查'' end)
                 where (isNotNull(t1.related_room) and not exists(select 1 from RM_AREA_ROOM t2 where t2.int_id = t1.related_room)) 
				    or (isNotNull(t1.related_site) and not exists(select 1 from RM_AREA_SITE t2 where t2.int_id = t1.related_site))
				    or (isNotNull(t1.related_system) and not exists(select 1 from CE_NET_PE_OPEN_POWER t2 where t2.int_id = t1.related_system))',1, 'admin', 'admin', 'PROC_CHECKONEDYNAMICSQLINDEX',907001516,1, null),
(907003729, 'UPS关联型字段核查设备', 'pe03or10',3729,907001518, '动环',11, null,
'update CE_DEVICE_PE_UPS t1
                   set dims_col_result=(case when dims_col_result like ''%pe03or10%'' then dims_col_result
                                             when dims_col_result is null then ''pe03or10''
                                             else dims_col_result||'',pe03or10'' end),
                       dims_col_rtName=(case when dims_col_rtName like ''%UPS关联型字段核查设备%'' then dims_col_rtName
                                             when dims_col_rtName is null then ''不满足规范:UPS关联型字段核查设备''
                                             else dims_col_rtName||'',UPS关联型字段核查设备'' end)
                 where (isNotNull(t1.related_room) and not exists(select 1 from RM_AREA_ROOM t2 where t2.int_id = t1.related_room)) 
				    or (isNotNull(t1.related_site) and not exists(select 1 from RM_AREA_SITE t2 where t2.int_id = t1.related_site))
				    or (isNotNull(t1.related_system) and not exists(select 1 from CE_NET_PE_UPS t2 where t2.int_id = t1.related_system))',1, 'admin', 'admin', 'PROC_CHECKONEDYNAMICSQLINDEX',907001518,1, null),
(907003730, '蓄电池关联型字段核查', 'pe03or11',3730,907001519, '动环',11, null,
'update CE_DEVICE_PE_BATTERY t1
                   set dims_col_result=(case when dims_col_result like ''%pe03or11%'' then dims_col_result
                                             when dims_col_result is null then ''pe03or11''
                                             else dims_col_result||'',pe03or11'' end),
                       dims_col_rtName=(case when dims_col_rtName like ''%蓄电池关联型字段核查%'' then dims_col_rtName
                                             when dims_col_rtName is null then ''不满足规范:蓄电池关联型字段核查''
                                             else dims_col_rtName||'',蓄电池关联型字段核查'' end)
                 where (isNotNull(t1.related_room) and not exists(select 1 from RM_AREA_ROOM t2 where t2.int_id = t1.related_room)) 
				    or (isNotNull(t1.related_site) and not exists(select 1 from RM_AREA_SITE t2 where t2.int_id = t1.related_site))
				    or (isNotNull(t1.ralated_power_device) and not exists(select 1 from CE_NET_PE_UPS t2,CE_DEVICE_PE_SWITCH_POWER t3,CE_DEVICE_PE_POWER_GENERATION t4,CE_DEVICE_PE_HIGH_DC_DISTRIBUTION t5,CE_DEVICE_PE_HIGH_DISTRIBUTION t6
					where t2.int_id = t1.ralated_power_device or t3.int_id = t1.ralated_power_device or t4.int_id = t1.ralated_power_device or t5.int_id = t1.ralated_power_device or t6.int_id = t1.ralated_power_device or))',1, 'admin', 'admin', 'PROC_CHECKONEDYNAMICSQLINDEX',907001519,1, null),
(907003731, '空调关联型字段核查', 'pe03or12',3731,907001520, '动环',11, null,
'update CE_DEVICE_PE_AIR t1
                   set dims_col_result=(case when dims_col_result like ''%pe03or12%'' then dims_col_result
                                             when dims_col_result is null then ''pe03or12''
                                             else dims_col_result||'',pe03or12'' end),
                       dims_col_rtName=(case when dims_col_rtName like ''%空调关联型字段核查%'' then dims_col_rtName
                                             when dims_col_rtName is null then ''不满足规范:空调关联型字段核查''
                                             else dims_col_rtName||'',空调关联型字段核查'' end)
                 where (isNotNull(t1.related_room) and not exists(select 1 from RM_AREA_ROOM t2 where t2.int_id = t1.related_room)) 
				    or (isNotNull(t1.related_site) and not exists(select 1 from RM_AREA_SITE t2 where t2.int_id = t1.related_site))',1, 'admin', 'admin', 'PROC_CHECKONEDYNAMICSQLINDEX',907001520,1, null),
(907003732, '节能设备关联型字段核查', 'pe03or13',3732,907001521, '动环',11, null,
'update CE_DEVICE_PE_ENERY_SAVE t1
                   set dims_col_result=(case when dims_col_result like ''%pe03or13%'' then dims_col_result
                                             when dims_col_result is null then ''pe03or13''
                                             else dims_col_result||'',pe03or13'' end),
                       dims_col_rtName=(case when dims_col_rtName like ''%节能设备关联型字段核查%'' then dims_col_rtName
                                             when dims_col_rtName is null then ''不满足规范:节能设备关联型字段核查''
                                             else dims_col_rtName||'',节能设备关联型字段核查'' end)
                 where (isNotNull(t1.related_room) and not exists(select 1 from RM_AREA_ROOM t2 where t2.int_id = t1.related_room)) 
				    or (isNotNull(t1.related_site) and not exists(select 1 from RM_AREA_SITE t2 where t2.int_id = t1.related_site))',1, 'admin', 'admin', 'PROC_CHECKONEDYNAMICSQLINDEX',907001521,1, null),
(907003733, '动环监控关联型字段核查', 'pe03or14',3733,907001522, '动环',11, null,
'update CE_DEVICE_PE_POWER_MONITOR t1
                   set dims_col_result=(case when dims_col_result like ''%pe03or14%'' then dims_col_result
                                             when dims_col_result is null then ''pe03or14''
                                             else dims_col_result||'',pe03or14'' end),
                       dims_col_rtName=(case when dims_col_rtName like ''%动环监控关联型字段核查%'' then dims_col_rtName
                                             when dims_col_rtName is null then ''不满足规范:动环监控关联型字段核查''
                                             else dims_col_rtName||'',动环监控关联型字段核查'' end)
                 where (isNotNull(t1.related_room) and not exists(select 1 from RM_AREA_ROOM t2 where t2.int_id = t1.related_room)) 
				    or (isNotNull(t1.related_site) and not exists(select 1 from RM_AREA_SITE t2 where t2.int_id = t1.related_site))',1, 'admin', 'admin', 'PROC_CHECKONEDYNAMICSQLINDEX',907001522,1, null),
(907003734, '智能电表关联型字段核查', 'pe03or15',3734,907001523, '动环',11, null,
'update CE_DEVICE_PE_SMART_METER t1
                   set dims_col_result=(case when dims_col_result like ''%pe03or15%'' then dims_col_result
                                             when dims_col_result is null then ''pe03or15''
                                             else dims_col_result||'',pe03or15'' end),
                       dims_col_rtName=(case when dims_col_rtName like ''%智能电表关联型字段核查%'' then dims_col_rtName
                                             when dims_col_rtName is null then ''不满足规范:智能电表关联型字段核查''
                                             else dims_col_rtName||'',智能电表关联型字段核查'' end)
                 where (isNotNull(t1.related_room) and not exists(select 1 from RM_AREA_ROOM t2 where t2.int_id = t1.related_room)) 
				    or (isNotNull(t1.related_site) and not exists(select 1 from RM_AREA_SITE t2 where t2.int_id = t1.related_site))',1, 'admin', 'admin', 'PROC_CHECKONEDYNAMICSQLINDEX',907001523,1, null),
					
(907003735, '其他设备关联型字段核查', 'pe03or16',3735,907001526, '动环',11, null,
'update CE_DEVICE_PE_OTHER t1
                   set dims_col_result=(case when dims_col_result like ''%pe03or16%'' then dims_col_result
                                             when dims_col_result is null then ''pe03or16''
                                             else dims_col_result||'',pe03or16'' end),
                       dims_col_rtName=(case when dims_col_rtName like ''%其他设备关联型字段核查%'' then dims_col_rtName
                                             when dims_col_rtName is null then ''不满足规范:其他设备关联型字段核查''
                                             else dims_col_rtName||'',其他设备关联型字段核查'' end)
                 where (isNotNull(t1.related_room) and not exists(select 1 from RM_AREA_ROOM t2 where t2.int_id = t1.related_room)) 
				    or (isNotNull(t1.related_site) and not exists(select 1 from RM_AREA_SITE t2 where t2.int_id = t1.related_site))',1, 'admin', 'admin', 'PROC_CHECKONEDYNAMICSQLINDEX',907001526,1, null),
(907003736, '高压配电系统关联型字段核查', 'pe03or17',3736,907001505, '动环',11, null,
'update CE_NET_PE_HIGH_DISTRIBUTION t1
                   set dims_col_result=(case when dims_col_result like ''%pe03or17%'' then dims_col_result
                                             when dims_col_result is null then ''pe03or17''
                                             else dims_col_result||'',pe03or17'' end),
                       dims_col_rtName=(case when dims_col_rtName like ''%高压配电系统关联型字段核查%'' then dims_col_rtName
                                             when dims_col_rtName is null then ''不满足规范:高压配电系统关联型字段核查''
                                             else dims_col_rtName||'',高压配电系统关联型字段核查'' end)
                 where (isNotNull(t1.related_room) and not exists(select 1 from RM_AREA_ROOM t2 where t2.int_id = t1.related_room)) 
				    or (isNotNull(t1.related_site) and not exists(select 1 from RM_AREA_SITE t2 where t2.int_id = t1.related_site))',1, 'admin', 'admin', 'PROC_CHECKONEDYNAMICSQLINDEX',907001505,1, null),
(907003737, '高压直流电源系统关联型字段核查', 'pe03or18',3737,907001507, '动环',11, null,
'update CE_NET_PE_HIGH_POWER t1
                   set dims_col_result=(case when dims_col_result like ''%pe03or18%'' then dims_col_result
                                             when dims_col_result is null then ''pe03or18''
                                             else dims_col_result||'',pe03or18'' end),
                       dims_col_rtName=(case when dims_col_rtName like ''%高压直流电源系统关联型字段核查%'' then dims_col_rtName
                                             when dims_col_rtName is null then ''不满足规范:高压直流电源系统关联型字段核查''
                                             else dims_col_rtName||'',高压直流电源系统关联型字段核查'' end)
                 where (isNotNull(t1.related_room) and not exists(select 1 from RM_AREA_ROOM t2 where t2.int_id = t1.related_room)) 
				    or (isNotNull(t1.related_site) and not exists(select 1 from RM_AREA_SITE t2 where t2.int_id = t1.related_site))',1, 'admin', 'admin', 'PROC_CHECKONEDYNAMICSQLINDEX',907001507,1, null),
(907003738, '低压配电系统关联型字段核查', 'pe03or19',3738,907001510, '动环',11, null,
'update CE_NET_PE_LOW_DISTRIBUTION t1
                   set dims_col_result=(case when dims_col_result like ''%pe03or19%'' then dims_col_result
                                             when dims_col_result is null then ''pe03or19''
                                             else dims_col_result||'',pe03or19'' end),
                       dims_col_rtName=(case when dims_col_rtName like ''%低压配电系统关联型字段核查%'' then dims_col_rtName
                                             when dims_col_rtName is null then ''不满足规范:低压配电系统关联型字段核查''
                                             else dims_col_rtName||'',低压配电系统关联型字段核查'' end)
                 where (isNotNull(t1.related_room) and not exists(select 1 from RM_AREA_ROOM t2 where t2.int_id = t1.related_room)) 
				    or (isNotNull(t1.related_site) and not exists(select 1 from RM_AREA_SITE t2 where t2.int_id = t1.related_site))',1, 'admin', 'admin', 'PROC_CHECKONEDYNAMICSQLINDEX',907001510,1, null),
(907003739, '发电系统关联型字段核查', 'pe03or20',3739,907001512, '动环',11, null,
'update CE_NET_PE_SWITCH_POWER t1
                   set dims_col_result=(case when dims_col_result like ''%pe03or20%'' then dims_col_result
                                             when dims_col_result is null then ''pe03or20''
                                             else dims_col_result||'',pe03or20'' end),
                       dims_col_rtName=(case when dims_col_rtName like ''%发电系统关联型字段核查%'' then dims_col_rtName
                                             when dims_col_rtName is null then ''不满足规范:发电系统关联型字段核查''
                                             else dims_col_rtName||'',发电系统关联型字段核查'' end)
                 where (isNotNull(t1.related_room) and not exists(select 1 from RM_AREA_ROOM t2 where t2.int_id = t1.related_room)) 
				    or (isNotNull(t1.related_site) and not exists(select 1 from RM_AREA_SITE t2 where t2.int_id = t1.related_site))',1, 'admin', 'admin', 'PROC_CHECKONEDYNAMICSQLINDEX',907001512,1, null),
(907003740, '开关电源系统关联型字段核查', 'pe03or21',3740,907001514, '动环',11, null,
'update CE_NET_PE_OPEN_POWER t1
                   set dims_col_result=(case when dims_col_result like ''%pe03or21%'' then dims_col_result
                                             when dims_col_result is null then ''pe03or21''
                                             else dims_col_result||'',pe03or21'' end),
                       dims_col_rtName=(case when dims_col_rtName like ''%开关电源系统关联型字段核查%'' then dims_col_rtName
                                             when dims_col_rtName is null then ''不满足规范:开关电源系统关联型字段核查''
                                             else dims_col_rtName||'',开关电源系统关联型字段核查'' end)
                 where (isNotNull(t1.related_room) and not exists(select 1 from RM_AREA_ROOM t2 where t2.int_id = t1.related_room)) 
				    or (isNotNull(t1.related_site) and not exists(select 1 from RM_AREA_SITE t2 where t2.int_id = t1.related_site))',1, 'admin', 'admin', 'PROC_CHECKONEDYNAMICSQLINDEX',907001514,1, null),
					
(907003741, 'UPS系统关联型字段核查', 'pe03or22',3741,907001517, '动环',11, null,
'update CE_NET_PE_UPS t1
                   set dims_col_result=(case when dims_col_result like ''%pe03or22%'' then dims_col_result
                                             when dims_col_result is null then ''pe03or22''
                                             else dims_col_result||'',pe03or22'' end),
                       dims_col_rtName=(case when dims_col_rtName like ''%UPS系统关联型字段核查%'' then dims_col_rtName
                                             when dims_col_rtName is null then ''不满足规范:UPS系统关联型字段核查''
                                             else dims_col_rtName||'',UPS系统关联型字段核查'' end)
                 where (isNotNull(t1.related_room) and not exists(select 1 from RM_AREA_ROOM t2 where t2.int_id = t1.related_room)) 
				    or (isNotNull(t1.related_site) and not exists(select 1 from RM_AREA_SITE t2 where t2.int_id = t1.related_site))',1, 'admin', 'admin', 'PROC_CHECKONEDYNAMICSQLINDEX',907001517,1, null),	
(907003742, '动环专业内输出分路关联型字段核查', 'pe03or23',3742,907001524, '动环',11, null,
'update CE_LINK_PE_IN t1
                   set dims_col_result=(case when dims_col_result like ''%pe03or23%'' then dims_col_result
                                             when dims_col_result is null then ''pe03or23''
                                             else dims_col_result||'',pe03or23'' end),
                       dims_col_rtName=(case when dims_col_rtName like ''%动环专业内输出分路关联型字段核查%'' then dims_col_rtName
                                             when dims_col_rtName is null then ''不满足规范:动环专业内输出分路关联型字段核查''
                                             else dims_col_rtName||'',动环专业内输出分路关联型字段核查'' end)
                 where (isNotNull(t1.related_room) and not exists(select 1 from RM_AREA_ROOM t2 where t2.int_id = t1.related_room)) 
				    or (isNotNull(t1.related_site) and not exists(select 1 from RM_AREA_SITE t2 where t2.int_id = t1.related_site))
				    or (isNotNull(t1.related_device) and not exists(select 1 from CE_DEVICE_PE_TRANSFORM t2,CE_DECIVE_PE_TRANSFORM_DEVICE t3,CE_DEVICE_PE_HIGH_DISTRIBUTION t4,CE_DEVICE_PE_HIGH_POWER t5,
					CE_DEVICE_PE_HIGH_DC_DISTRIBUTION t6,CE_DEVICE_PE_LOW_AC_DISTRIBUTION t7,CE_DEVICE_PE_POWER_GENERATION t8,CE_DEVICE_PE_SWITCH_POWER t9,CE_DEVICE_PE_LOW_DC_DISTRIBUTION t10,CE_DEVICE_PE_UPS t11,
					CE_DEVICE_PE_BATTERY t12,CE_DEVICE_PE_AIR t13,CE_DEVICE_PE_ENERY_SAVE t14,CE_DEVICE_PE_POWER_MONITOR t15,CE_DEVICE_PE_SMART_METER t16,CE_DEVICE_PE_OTHER t17 where t2.int_id = t1.related_device
					or t3.int_id = t1.related_device or t4.int_id = t1.related_device or t5.int_id = t1.related_device or t6.int_id = t1.related_device or t7.int_id = t1.related_device or t8.int_id = t1.related_device 
					or t9.int_id = t1.related_device or t10.int_id = t1.related_device or t11.int_id = t1.related_device or t12.int_id = t1.related_device or t13.int_id = t1.related_device or t14.int_id = t1.related_device
					or t15.int_id = t1.related_device or t16.int_id = t1.related_device or t17.int_id = t1.related_device))
					or (isNotNull(t1.down_device_name) and not exists(select 1 from CE_DEVICE_PE_TRANSFORM t2,CE_DECIVE_PE_TRANSFORM_DEVICE t3,CE_DEVICE_PE_HIGH_DISTRIBUTION t4,CE_DEVICE_PE_HIGH_POWER t5,
					CE_DEVICE_PE_HIGH_DC_DISTRIBUTION t6,CE_DEVICE_PE_LOW_AC_DISTRIBUTION t7,CE_DEVICE_PE_POWER_GENERATION t8,CE_DEVICE_PE_SWITCH_POWER t9,CE_DEVICE_PE_LOW_DC_DISTRIBUTION t10,CE_DEVICE_PE_UPS t11,
					CE_DEVICE_PE_BATTERY t12,CE_DEVICE_PE_AIR t13,CE_DEVICE_PE_ENERY_SAVE t14,CE_DEVICE_PE_POWER_MONITOR t15,CE_DEVICE_PE_SMART_METER t16,CE_DEVICE_PE_OTHER t17 where t2.int_id = t1.down_device_name
					or t3.int_id = t1.down_device_name or t4.int_id = t1.down_device_name or t5.int_id = t1.down_device_name or t6.int_id = t1.down_device_name or t7.int_id = t1.down_device_name or t8.int_id = t1.down_device_name 
					or t9.int_id = t1.down_device_name or t10.int_id = t1.down_device_name or t11.int_id = t1.down_device_name or t12.int_id = t1.down_device_name or t13.int_id = t1.down_device_name or t14.int_id = t1.down_device_name
					or t15.int_id = t1.down_device_name or t16.int_id = t1.down_device_name or t17.int_id = t1.down_device_name)) 
					or (isNotNull(t1.down_device_ralated_room) and not exists(select 1 from RM_AREA_ROOM t2 where t2.int_id = t1.down_device_ralated_room))',1, 'admin', 'admin', 'PROC_CHECKONEDYNAMICSQLINDEX',907001524,1, null),	
--todo 907003743
(907003743, '跨专业输出分路关联型字段核查', 'pe03or24',3743,907001525, '动环',11, null,
'update CE_LINK_PE_OUT t1
                   set dims_col_result=(case when dims_col_result like ''%pe03or24%'' then dims_col_result
                                             when dims_col_result is null then ''pe03or24''
                                             else dims_col_result||'',pe03or24'' end),
                       dims_col_rtName=(case when dims_col_rtName like ''%跨专业输出分路关联型字段核查%'' then dims_col_rtName
                                             when dims_col_rtName is null then ''不满足规范:跨专业输出分路关联型字段核查''
                                             else dims_col_rtName||'',跨专业输出分路关联型字段核查'' end)
                 where (isNotNull(t1.related_room) and not exists(select 1 from RM_AREA_ROOM t2 where t2.int_id = t1.related_room)) 
				    or (isNotNull(t1.related_site) and not exists(select 1 from RM_AREA_SITE t2 where t2.int_id = t1.related_site))
				    or (isNotNull(t1.related_device) and not exists(select 1 from CE_DEVICE_PE_TRANSFORM t2,CE_DECIVE_PE_TRANSFORM_DEVICE t3,CE_DEVICE_PE_HIGH_DISTRIBUTION t4,CE_DEVICE_PE_HIGH_POWER t5,
					CE_DEVICE_PE_HIGH_DC_DISTRIBUTION t6,CE_DEVICE_PE_LOW_AC_DISTRIBUTION t7,CE_DEVICE_PE_POWER_GENERATION t8,CE_DEVICE_PE_SWITCH_POWER t9,CE_DEVICE_PE_LOW_DC_DISTRIBUTION t10,CE_DEVICE_PE_UPS t11,
					CE_DEVICE_PE_BATTERY t12,CE_DEVICE_PE_AIR t13,CE_DEVICE_PE_ENERY_SAVE t14,CE_DEVICE_PE_POWER_MONITOR t15,CE_DEVICE_PE_SMART_METER t16,CE_DEVICE_PE_OTHER t17 where t2.int_id = t1.related_device
					or t3.int_id = t1.related_device or t4.int_id = t1.related_device or t5.int_id = t1.related_device or t6.int_id = t1.related_device or t7.int_id = t1.related_device or t8.int_id = t1.related_device 
					or t9.int_id = t1.related_device or t10.int_id = t1.related_device or t11.int_id = t1.related_device or t12.int_id = t1.related_device or t13.int_id = t1.related_device or t14.int_id = t1.related_device
					or t15.int_id = t1.related_device or t16.int_id = t1.related_device or t17.int_id = t1.related_device))
					or (isNotNull(t1.down_device_name) and not exists(select 1 from CE_DEVICE_PE_TRANSFORM t2,CE_DECIVE_PE_TRANSFORM_DEVICE t3,CE_DEVICE_PE_HIGH_DISTRIBUTION t4,CE_DEVICE_PE_HIGH_POWER t5,
					CE_DEVICE_PE_HIGH_DC_DISTRIBUTION t6,CE_DEVICE_PE_LOW_AC_DISTRIBUTION t7,CE_DEVICE_PE_POWER_GENERATION t8,CE_DEVICE_PE_SWITCH_POWER t9,CE_DEVICE_PE_LOW_DC_DISTRIBUTION t10,CE_DEVICE_PE_UPS t11,
					CE_DEVICE_PE_BATTERY t12,CE_DEVICE_PE_AIR t13,CE_DEVICE_PE_ENERY_SAVE t14,CE_DEVICE_PE_POWER_MONITOR t15,CE_DEVICE_PE_SMART_METER t16,CE_DEVICE_PE_OTHER t17 where t2.int_id = t1.down_device_name
					or t3.int_id = t1.down_device_name or t4.int_id = t1.down_device_name or t5.int_id = t1.down_device_name or t6.int_id = t1.down_device_name or t7.int_id = t1.down_device_name or t8.int_id = t1.down_device_name 
					or t9.int_id = t1.down_device_name or t10.int_id = t1.down_device_name or t11.int_id = t1.down_device_name or t12.int_id = t1.down_device_name or t13.int_id = t1.down_device_name or t14.int_id = t1.down_device_name
					or t15.int_id = t1.down_device_name or t16.int_id = t1.down_device_name or t17.int_id = t1.down_device_name)) 
					or (isNotNull(t1.down_device_ralated_room) and not exists(select 1 from RM_AREA_ROOM t2 where t2.int_id = t1.down_device_ralated_room))
					or (isNotNull(t1.down_device_related_rack) and not exists(select 1 from RM_AREA_RACKPOS t2 where t2.int_id = t1.down_device_related_rack))',1, 'admin', 'admin', 'PROC_CHECKONEDYNAMICSQLINDEX',907001525,2, null),	
(907003744, '位置点动环属性关联型字段核查', 'pe03or25',3744,907001501, '动环',11, null,
'update RM_SITE_PROPERTY t1
                   set dims_col_result=(case when dims_col_result like ''%pe03or25%'' then dims_col_result
                                             when dims_col_result is null then ''pe03or25''
                                             else dims_col_result||'',pe03or25'' end),
                       dims_col_rtName=(case when dims_col_rtName like ''%位置点动环属性关联型字段核查%'' then dims_col_rtName
                                             when dims_col_rtName is null then ''不满足规范:位置点动环属性关联型字段核查''
                                             else dims_col_rtName||'',位置点动环属性关联型字段核查'' end)
                 where (isNotNull(t1.zh_label) and not exists(select 1 from RM_AREA_SITE t2 where t2.int_id = t1.zh_label))',1, 'admin', 'admin', 'PROC_CHECKONEDYNAMICSQLINDEX',907001501,2, null),	
(907003745, '机房动环属性关联型字段核查', 'pe03or26',3745,907001502, '动环',11, null,
'update RM_ROOM_PROPERTY t1
                   set dims_col_result=(case when dims_col_result like ''%pe03or26%'' then dims_col_result
                                             when dims_col_result is null then ''pe03or26''
                                             else dims_col_result||'',pe03or26'' end),
                       dims_col_rtName=(case when dims_col_rtName like ''%机房动环属性关联型字段核查%'' then dims_col_rtName
                                             when dims_col_rtName is null then ''不满足规范:机房动环属性关联型字段核查''
                                             else dims_col_rtName||'',机房动环属性关联型字段核查'' end)
                 where (isNotNull(t1.power_related_site_name) and not exists(select 1 from RM_AREA_SITE t2 where t2.int_id = t1.power_related_site_name))
				    or (isNotNull(t1.zh_label) and not exists(select 1 from RM_AREA_ROOM t2 where t2.int_id = t1.zh_label))',1, 'admin', 'admin', 'PROC_CHECKONEDYNAMICSQLINDEX',907001502,2, null),	
(907003746, '孤立设备（变压器）核查', 'pe03or27',3746,907001503, '动环',11, null,
'update CE_DEVICE_PE_TRANSFORM t1
                   set dims_col_result=(case when dims_col_result like ''%pe03or27%'' then dims_col_result
                                             when dims_col_result is null then ''pe03or27''
                                             else dims_col_result||'',pe03or27'' end),
                       dims_col_rtName=(case when dims_col_rtName like ''%孤立设备（变压器）核查%'' then dims_col_rtName
                                             when dims_col_rtName is null then ''不满足规范:孤立设备（变压器）核查''
                                             else dims_col_rtName||'',孤立设备（变压器）核查'' end)
                 where isNotNull(t1.int_id) and not exists(select 1 from CE_LINK_PE_IN t2 where t2.related_device = t1.int_id) and not exists(select 1 from CE_LINK_PE_IN t2 where t2.down_device_name = t1.int_id)
				 and not exists(select 1 from CE_LINK_PE_OUT t2 where t2.related_device = t1.int_id)',1, 'admin', 'admin', 'PROC_CHECKONEDYNAMICSQLINDEX',907001503,2, null),
				 
(907003747, '孤立设备（变换设备）核查', 'pe03or28',3747,907001504, '动环',11, null,
'update CE_DECIVE_PE_TRANSFORM_DEVICE t1
                   set dims_col_result=(case when dims_col_result like ''%pe03or28%'' then dims_col_result
                                             when dims_col_result is null then ''pe03or28''
                                             else dims_col_result||'',pe03or28'' end),
                       dims_col_rtName=(case when dims_col_rtName like ''%孤立设备（变换设备）核查%'' then dims_col_rtName
                                             when dims_col_rtName is null then ''不满足规范:孤立设备（变换设备）核查''
                                             else dims_col_rtName||'',孤立设备（变换设备）核查'' end)
                 where isNotNull(t1.int_id) and not exists(select 1 from CE_LINK_PE_IN t2 where t2.related_device = t1.int_id) and not exists(select 1 from CE_LINK_PE_IN t2 where t2.down_device_name = t1.int_id)
				 and not exists(select 1 from CE_LINK_PE_OUT t2 where t2.related_device = t1.int_id)',1, 'admin', 'admin', 'PROC_CHECKONEDYNAMICSQLINDEX',907001504,2, null),
				 
(907003748, '孤立设备（高压配电）核查', 'pe03or29',3748,907001506, '动环',11, null,
'update CE_DEVICE_PE_HIGH_DISTRIBUTION t1
                   set dims_col_result=(case when dims_col_result like ''%pe03or29%'' then dims_col_result
                                             when dims_col_result is null then ''pe03or29''
                                             else dims_col_result||'',pe03or29'' end),
                       dims_col_rtName=(case when dims_col_rtName like ''%孤立设备（高压配电）核查%'' then dims_col_rtName
                                             when dims_col_rtName is null then ''不满足规范:孤立设备（高压配电）核查''
                                             else dims_col_rtName||'',孤立设备（高压配电）核查'' end)
                 where isNotNull(t1.int_id) and not exists(select 1 from CE_LINK_PE_IN t2 where t2.related_device = t1.int_id) and not exists(select 1 from CE_LINK_PE_IN t2 where t2.down_device_name = t1.int_id)
				 and not exists(select 1 from CE_LINK_PE_OUT t2 where t2.related_device = t1.int_id)',1, 'admin', 'admin', 'PROC_CHECKONEDYNAMICSQLINDEX',907001506,2, null),
				 
(907003749, '孤立设备（高压直流电源）核查', 'pe03or30',3749,907001508, '动环',11, null,
'update CE_DEVICE_PE_HIGH_POWER t1
                   set dims_col_result=(case when dims_col_result like ''%pe03or30%'' then dims_col_result
                                             when dims_col_result is null then ''pe03or30''
                                             else dims_col_result||'',pe03or30'' end),
                       dims_col_rtName=(case when dims_col_rtName like ''%孤立设备（高压直流电源）核查%'' then dims_col_rtName
                                             when dims_col_rtName is null then ''不满足规范:孤立设备（高压直流电源）核查''
                                             else dims_col_rtName||'',孤立设备（高压直流电源）核查'' end)
                 where isNotNull(t1.int_id) and not exists(select 1 from CE_LINK_PE_IN t2 where t2.related_device = t1.int_id) and not exists(select 1 from CE_LINK_PE_IN t2 where t2.down_device_name = t1.int_id)
				 and not exists(select 1 from CE_LINK_PE_OUT t2 where t2.related_device = t1.int_id)',1, 'admin', 'admin', 'PROC_CHECKONEDYNAMICSQLINDEX',907001508,2, null),
				 
(907003750, '孤立设备（高压直流配电）核查', 'pe03or31',3750,907001509, '动环',11, null,
'update CE_DEVICE_PE_HIGH_DC_DISTRIBUTION t1
                   set dims_col_result=(case when dims_col_result like ''%pe03or31%'' then dims_col_result
                                             when dims_col_result is null then ''pe03or31''
                                             else dims_col_result||'',pe03or31'' end),
                       dims_col_rtName=(case when dims_col_rtName like ''%孤立设备（高压直流配电）核查%'' then dims_col_rtName
                                             when dims_col_rtName is null then ''不满足规范:孤立设备（高压直流配电）核查''
                                             else dims_col_rtName||'',孤立设备（高压直流配电）核查'' end)
                 where isNotNull(t1.int_id) and not exists(select 1 from CE_LINK_PE_IN t2 where t2.related_device = t1.int_id) and not exists(select 1 from CE_LINK_PE_IN t2 where t2.down_device_name = t1.int_id)
				 and not exists(select 1 from CE_LINK_PE_OUT t2 where t2.related_device = t1.int_id)',1, 'admin', 'admin', 'PROC_CHECKONEDYNAMICSQLINDEX',907001509,2, null),
(907003751, '孤立设备（低压交流配电）核查', 'pe03or32',3751,907001511, '动环',11, null,
'update CE_DEVICE_PE_LOW_AC_DISTRIBUTION t1
                   set dims_col_result=(case when dims_col_result like ''%pe03or32%'' then dims_col_result
                                             when dims_col_result is null then ''pe03or32''
                                             else dims_col_result||'',pe03or32'' end),
                       dims_col_rtName=(case when dims_col_rtName like ''%孤立设备（低压交流配电）核查%'' then dims_col_rtName
                                             when dims_col_rtName is null then ''不满足规范:孤立设备（低压交流配电）核查''
                                             else dims_col_rtName||'',孤立设备（低压交流配电）核查'' end)
                 where isNotNull(t1.int_id) and not exists(select 1 from CE_LINK_PE_IN t2 where t2.related_device = t1.int_id) and not exists(select 1 from CE_LINK_PE_IN t2 where t2.down_device_name = t1.int_id)
				 and not exists(select 1 from CE_LINK_PE_OUT t2 where t2.related_device = t1.int_id)',1, 'admin', 'admin', 'PROC_CHECKONEDYNAMICSQLINDEX',907001511,2, null),
(907003752, '孤立设备（开关电源）核查', 'pe03or33',3752,907001515, '动环',11, null,
'update CE_DEVICE_PE_SWITCH_POWER t1
                   set dims_col_result=(case when dims_col_result like ''%pe03or33%'' then dims_col_result
                                             when dims_col_result is null then ''pe03or33''
                                             else dims_col_result||'',pe03or33'' end),
                       dims_col_rtName=(case when dims_col_rtName like ''%孤立设备（开关电源）核查%'' then dims_col_rtName
                                             when dims_col_rtName is null then ''不满足规范:孤立设备（开关电源）核查''
                                             else dims_col_rtName||'',孤立设备（开关电源）核查'' end)
                 where isNotNull(t1.int_id) and not exists(select 1 from CE_LINK_PE_IN t2 where t2.related_device = t1.int_id) and not exists(select 1 from CE_LINK_PE_IN t2 where t2.down_device_name = t1.int_id)
				 and not exists(select 1 from CE_LINK_PE_OUT t2 where t2.related_device = t1.int_id)',1, 'admin', 'admin', 'PROC_CHECKONEDYNAMICSQLINDEX',907001515,2, null),
				 
(907003753, '孤立设备（低压直流配电）核查', 'pe03or34',3753,907001516, '动环',11, null,
'update CE_DEVICE_PE_LOW_DC_DISTRIBUTION t1
                   set dims_col_result=(case when dims_col_result like ''%pe03or34%'' then dims_col_result
                                             when dims_col_result is null then ''pe03or34''
                                             else dims_col_result||'',pe03or34'' end),
                       dims_col_rtName=(case when dims_col_rtName like ''%孤立设备（低压直流配电）核查%'' then dims_col_rtName
                                             when dims_col_rtName is null then ''不满足规范:孤立设备（低压直流配电）核查''
                                             else dims_col_rtName||'',孤立设备（低压直流配电）核查'' end)
                 where isNotNull(t1.int_id) and not exists(select 1 from CE_LINK_PE_IN t2 where t2.related_device = t1.int_id) and not exists(select 1 from CE_LINK_PE_IN t2 where t2.down_device_name = t1.int_id)
				 and not exists(select 1 from CE_LINK_PE_OUT t2 where t2.related_device = t1.int_id)',1, 'admin', 'admin', 'PROC_CHECKONEDYNAMICSQLINDEX',907001516,2, null),				 
				 
(907003754, '孤立设备（UPS设备）核查', 'pe03or35',3754,907001518, '动环',11, null,
'update CE_DEVICE_PE_UPS t1
                   set dims_col_result=(case when dims_col_result like ''%pe03or35%'' then dims_col_result
                                             when dims_col_result is null then ''pe03or35''
                                             else dims_col_result||'',pe03or35'' end),
                       dims_col_rtName=(case when dims_col_rtName like ''%孤立设备（UPS设备）核查%'' then dims_col_rtName
                                             when dims_col_rtName is null then ''不满足规范:孤立设备（UPS设备）核查''
                                             else dims_col_rtName||'',孤立设备（UPS设备）核查'' end)
                 where isNotNull(t1.int_id) and not exists(select 1 from CE_LINK_PE_IN t2 where t2.related_device = t1.int_id) and not exists(select 1 from CE_LINK_PE_IN t2 where t2.down_device_name = t1.int_id)
				 and not exists(select 1 from CE_LINK_PE_OUT t2 where t2.related_device = t1.int_id)',1, 'admin', 'admin', 'PROC_CHECKONEDYNAMICSQLINDEX',907001518,2, null),	
(907003755, '孤立设备（空调）核查', 'pe03or36',3755,907001520, '动环',11, null,
'update CE_DEVICE_PE_AIR t1
                   set dims_col_result=(case when dims_col_result like ''%pe03or36%'' then dims_col_result
                                             when dims_col_result is null then ''pe03or36''
                                             else dims_col_result||'',pe03or36'' end),
                       dims_col_rtName=(case when dims_col_rtName like ''%孤立设备（空调）核查%'' then dims_col_rtName
                                             when dims_col_rtName is null then ''不满足规范:孤立设备（空调）核查''
                                             else dims_col_rtName||'',孤立设备（空调）核查'' end)
                 where isNotNull(t1.int_id) and not exists(select 1 from CE_LINK_PE_IN t2 where t2.related_device = t1.int_id) and not exists(select 1 from CE_LINK_PE_IN t2 where t2.down_device_name = t1.int_id)
				 and not exists(select 1 from CE_LINK_PE_OUT t2 where t2.related_device = t1.int_id)',1, 'admin', 'admin', 'PROC_CHECKONEDYNAMICSQLINDEX',907001520,2, null);
							 						 
--插入动环 dims_idx_IndexCarrier
insert into dims_idx_IndexCarrier (ID, PARENTINDEX_ID, CHILDINDEX_ID, CREATOR, UPDATER, MEMO) values 
(907004501, 907099001, 907003501, 'admin', 'admin', null),
(907004502, 907099001, 907003502, 'admin', 'admin', null),
(907004503, 907099001, 907003503, 'admin', 'admin', null),
(907004504, 907099001, 907003504, 'admin', 'admin', null),
(907004505, 907099001, 907003505, 'admin', 'admin', null),
(907004506, 907099001, 907003506, 'admin', 'admin', null),
(907004507, 907099001, 907003507, 'admin', 'admin', null),
(907004508, 907099001, 907003508, 'admin', 'admin', null),
(907004509, 907099001, 907003509, 'admin', 'admin', null),
(907004510, 907099001, 907003510, 'admin', 'admin', null),
(907004511, 907099001, 907003511, 'admin', 'admin', null),
(907004512, 907099001, 907003512, 'admin', 'admin', null),
(907004513, 907099001, 907003513, 'admin', 'admin', null),
(907004514, 907099001, 907003514, 'admin', 'admin', null),
(907004515, 907099001, 907003515, 'admin', 'admin', null),
(907004516, 907099001, 907003516, 'admin', 'admin', null),
(907004517, 907099001, 907003517, 'admin', 'admin', null),
(907004518, 907099001, 907003518, 'admin', 'admin', null),
(907004519, 907099001, 907003519, 'admin', 'admin', null),
(907004520, 907099001, 907003520, 'admin', 'admin', null),
(907004521, 907099001, 907003521, 'admin', 'admin', null),
(907004522, 907099001, 907003522, 'admin', 'admin', null),
(907004523, 907099001, 907003523, 'admin', 'admin', null),
(907004524, 907099001, 907003524, 'admin', 'admin', null),
(907004525, 907099001, 907003525, 'admin', 'admin', null),
(907004526, 907099001, 907003526, 'admin', 'admin', null),
(907004527, 907099001, 907003527, 'admin', 'admin', null),
(907004528, 907099001, 907003528, 'admin', 'admin', null),
(907004529, 907099001, 907003529, 'admin', 'admin', null),
(907004530, 907099002, 907003530, 'admin', 'admin', null),
(907004531, 907099002, 907003531, 'admin', 'admin', null),
(907004532, 907099002, 907003532, 'admin', 'admin', null),
(907004533, 907099002, 907003533, 'admin', 'admin', null),
(907004534, 907099002, 907003534, 'admin', 'admin', null),
(907004535, 907099002, 907003535, 'admin', 'admin', null),
(907004536, 907099002, 907003536, 'admin', 'admin', null),
(907004537, 907099002, 907003537, 'admin', 'admin', null),
(907004538, 907099002, 907003538, 'admin', 'admin', null),
(907004539, 907099002, 907003539, 'admin', 'admin', null),
(907004540,907099002,907003540,'admin','admin',null),
(907004541,907099002,907003541,'admin','admin',null),
(907004542,907099002,907003542,'admin','admin',null),
(907004543,907099002,907003543,'admin','admin',null),
(907004544,907099002,907003544,'admin','admin',null),
(907004545,907099002,907003545,'admin','admin',null),
(907004546,907099002,907003546,'admin','admin',null),
(907004547,907099002,907003547,'admin','admin',null),
(907004548,907099002,907003548,'admin','admin',null),
(907004549,907099002,907003549,'admin','admin',null),
(907004550,907099002,907003550,'admin','admin',null),
(907004551,907099002,907003551,'admin','admin',null),
(907004552,907099002,907003552,'admin','admin',null),
(907004553,907099002,907003553,'admin','admin',null),
(907004554,907099002,907003554,'admin','admin',null),
(907004555,907099002,907003555,'admin','admin',null),
(907004556,907099002,907003556,'admin','admin',null),
(907004557,907099002,907003557,'admin','admin',null),
(907004558,907099002,907003558,'admin','admin',null),
(907004559,907099002,907003559,'admin','admin',null),
(907004560,907099002,907003560,'admin','admin',null),
(907004561,907099002,907003561,'admin','admin',null),
(907004562,907099002,907003562,'admin','admin',null),
(907004563,907099002,907003563,'admin','admin',null),
(907004564,907099002,907003564,'admin','admin',null),
(907004565,907099002,907003565,'admin','admin',null),
(907004566,907099002,907003566,'admin','admin',null),
(907004567,907099002,907003567,'admin','admin',null),
(907004568,907099002,907003568,'admin','admin',null),
(907004569,907099002,907003569,'admin','admin',null),
(907004570,907099002,907003570,'admin','admin',null),
(907004571,907099002,907003571,'admin','admin',null),
(907004572,907099002,907003572,'admin','admin',null),
(907004573,907099002,907003573,'admin','admin',null),
(907004574,907099002,907003574,'admin','admin',null),
(907004575,907099002,907003575,'admin','admin',null),
(907004576,907099002,907003576,'admin','admin',null),
(907004577,907099002,907003577,'admin','admin',null),
(907004578,907099002,907003578,'admin','admin',null),
(907004579,907099002,907003579,'admin','admin',null),
(907004580,907099002,907003580,'admin','admin',null),
(907004581,907099002,907003581,'admin','admin',null),
(907004582,907099002,907003582,'admin','admin',null),
(907004583,907099002,907003583,'admin','admin',null),
(907004584,907099002,907003584,'admin','admin',null),
(907004585,907099002,907003585,'admin','admin',null),
(907004586,907099002,907003586,'admin','admin',null),
(907004587,907099002,907003587,'admin','admin',null),
(907004588,907099002,907003588,'admin','admin',null),
(907004589,907099002,907003589,'admin','admin',null),
(907004590,907099002,907003590,'admin','admin',null),
(907004591,907099002,907003591,'admin','admin',null),
(907004592,907099002,907003592,'admin','admin',null),
(907004593,907099002,907003593,'admin','admin',null),
(907004594,907099002,907003594,'admin','admin',null),
(907004595,907099002,907003595,'admin','admin',null),
(907004596,907099002,907003596,'admin','admin',null),
(907004597,907099002,907003597,'admin','admin',null),
(907004598,907099002,907003598,'admin','admin',null),
(907004599,907099002,907003599,'admin','admin',null),
(907004600,907099002,907003600,'admin','admin',null),
(907004601,907099002,907003601,'admin','admin',null),
(907004602,907099002,907003602,'admin','admin',null),
(907004603,907099002,907003603,'admin','admin',null),
(907004604,907099002,907003604,'admin','admin',null),
(907004605,907099002,907003605,'admin','admin',null),
(907004606,907099002,907003606,'admin','admin',null),
(907004607,907099002,907003607,'admin','admin',null),
(907004608,907099002,907003608,'admin','admin',null),
(907004609,907099002,907003609,'admin','admin',null),
(907004610,907099002,907003610,'admin','admin',null),
(907004611,907099002,907003611,'admin','admin',null),
(907004612,907099002,907003612,'admin','admin',null),
(907004613,907099002,907003613,'admin','admin',null),
(907004614,907099002,907003614,'admin','admin',null),
(907004615,907099002,907003615,'admin','admin',null),
(907004616,907099002,907003616,'admin','admin',null),
(907004617,907099002,907003617,'admin','admin',null),
(907004618,907099002,907003618,'admin','admin',null),
(907004619,907099002,907003619,'admin','admin',null),
(907004620,907099002,907003620,'admin','admin',null),
(907004621,907099002,907003621,'admin','admin',null),
(907004622,907099002,907003622,'admin','admin',null),
(907004623,907099002,907003623,'admin','admin',null),
(907004624,907099002,907003624,'admin','admin',null),
(907004625,907099002,907003625,'admin','admin',null),
(907004626,907099002,907003626,'admin','admin',null),
(907004627,907099002,907003627,'admin','admin',null),
(907004628,907099002,907003628,'admin','admin',null),
(907004629,907099002,907003629,'admin','admin',null),
(907004630,907099002,907003630,'admin','admin',null),
(907004631,907099002,907003631,'admin','admin',null),
(907004632,907099002,907003632,'admin','admin',null),
(907004633,907099002,907003633,'admin','admin',null),
(907004634,907099002,907003634,'admin','admin',null),
(907004635,907099002,907003635,'admin','admin',null),
(907004636,907099002,907003636,'admin','admin',null),
(907004637,907099002,907003637,'admin','admin',null),
(907004638,907099002,907003638,'admin','admin',null),
(907004639,907099002,907003639,'admin','admin',null),
(907004640,907099002,907003640,'admin','admin',null),
(907004641,907099002,907003641,'admin','admin',null),
(907004642,907099002,907003642,'admin','admin',null),
(907004643,907099002,907003643,'admin','admin',null),
(907004644,907099002,907003644,'admin','admin',null),
(907004645,907099002,907003645,'admin','admin',null),
(907004646,907099002,907003646,'admin','admin',null),
(907004647,907099002,907003647,'admin','admin',null),
(907004648,907099002,907003648,'admin','admin',null),
(907004649,907099002,907003649,'admin','admin',null),
(907004650,907099002,907003650,'admin','admin',null),
(907004651,907099002,907003651,'admin','admin',null),
(907004652,907099002,907003652,'admin','admin',null),
(907004653,907099002,907003653,'admin','admin',null),
(907004654,907099002,907003654,'admin','admin',null),
(907004655,907099002,907003655,'admin','admin',null),
(907004656,907099002,907003656,'admin','admin',null),
(907004657,907099002,907003657,'admin','admin',null),
(907004658,907099002,907003658,'admin','admin',null),
(907004659,907099002,907003659,'admin','admin',null),
(907004660,907099002,907003660,'admin','admin',null),
(907004661,907099002,907003661,'admin','admin',null),
(907004662,907099002,907003662,'admin','admin',null),
(907004663,907099002,907003663,'admin','admin',null),
(907004664,907099002,907003664,'admin','admin',null),
(907004665,907099002,907003665,'admin','admin',null),
(907004666,907099002,907003666,'admin','admin',null),
(907004667,907099002,907003667,'admin','admin',null),
(907004668,907099002,907003668,'admin','admin',null),
(907004669,907099002,907003669,'admin','admin',null),
(907004670,907099002,907003670,'admin','admin',null),
(907004671,907099002,907003671,'admin','admin',null),
(907004672,907099002,907003672,'admin','admin',null),
(907004673,907099002,907003673,'admin','admin',null),
(907004674,907099002,907003674,'admin','admin',null),
(907004675,907099002,907003675,'admin','admin',null),
(907004676,907099002,907003676,'admin','admin',null),
(907004677,907099002,907003677,'admin','admin',null),
(907004678,907099002,907003678,'admin','admin',null),
(907004679,907099002,907003679,'admin','admin',null),
(907004680,907099002,907003680,'admin','admin',null),
(907004681,907099002,907003681,'admin','admin',null),
(907004682,907099002,907003682,'admin','admin',null),
(907004683,907099002,907003683,'admin','admin',null),
(907004684,907099002,907003684,'admin','admin',null),
(907004685,907099002,907003685,'admin','admin',null),
(907004686,907099002,907003686,'admin','admin',null),
(907004687,907099002,907003687,'admin','admin',null),
(907004688,907099002,907003688,'admin','admin',null),
(907004689,907099002,907003689,'admin','admin',null),
(907004690,907099002,907003690,'admin','admin',null),
(907004691,907099002,907003691,'admin','admin',null),
(907004692,907099002,907003692,'admin','admin',null),
(907004693,907099002,907003693,'admin','admin',null),
(907004694,907099002,907003694,'admin','admin',null),
(907004695,907099002,907003695,'admin','admin',null),
(907004696,907099002,907003696,'admin','admin',null),
(907004697,907099002,907003697,'admin','admin',null),
(907004698,907099002,907003698,'admin','admin',null),
(907004699,907099002,907003699,'admin','admin',null),
(907004700,907099002,907003700,'admin','admin',null),
(907004701,907099002,907003701,'admin','admin',null),
(907004702,907099002,907003702,'admin','admin',null),
(907004703,907099002,907003703,'admin','admin',null),
(907004704,907099002,907003704,'admin','admin',null),
(907004705,907099002,907003705,'admin','admin',null),
(907004706,907099002,907003706,'admin','admin',null),
(907004707,907099002,907003707,'admin','admin',null),
(907004708,907099002,907003708,'admin','admin',null),
(907004709,907099002,907003709,'admin','admin',null),
(907004710,907099002,907003710,'admin','admin',null),
(907004711,907099002,907003711,'admin','admin',null),
(907004712,907099002,907003712,'admin','admin',null),
(907004713,907099002,907003713,'admin','admin',null),
(907004714,907099002,907003714,'admin','admin',null),
(907004715,907099002,907003715,'admin','admin',null),
(907004716,907099002,907003716,'admin','admin',null),
(907004717,907099002,907003717,'admin','admin',null),
(907004718,907099002,907003718,'admin','admin',null),
(907004719,907099002,907003719,'admin','admin',null),
(907004720,907099003,907003720,'admin','admin',null),
(907004721,907099003,907003721,'admin','admin',null),
(907004722,907099003,907003722,'admin','admin',null),
(907004723,907099003,907003723,'admin','admin',null),
(907004724,907099003,907003724,'admin','admin',null),
(907004725,907099003,907003725,'admin','admin',null),
(907004726,907099003,907003726,'admin','admin',null),
(907004727,907099003,907003727,'admin','admin',null),
(907004728,907099003,907003728,'admin','admin',null),
(907004729,907099003,907003729,'admin','admin',null),
(907004730,907099003,907003730,'admin','admin',null),
(907004731,907099003,907003731,'admin','admin',null),
(907004732,907099003,907003732,'admin','admin',null),
(907004733,907099003,907003733,'admin','admin',null),
(907004734,907099003,907003734,'admin','admin',null),
(907004735,907099003,907003735,'admin','admin',null),
(907004736,907099003,907003736,'admin','admin',null),
(907004737,907099003,907003737,'admin','admin',null),
(907004738,907099003,907003738,'admin','admin',null),
(907004739,907099003,907003739,'admin','admin',null),
(907004740,907099003,907003740,'admin','admin',null),
(907004741,907099003,907003741,'admin','admin',null),
(907004742,907099003,907003742,'admin','admin',null),
(907004743,907099003,907003743,'admin','admin',null),
(907004744,907099003,907003744,'admin','admin',null),
(907004745,907099003,907003745,'admin','admin',null),
(907004746,907099003,907003746,'admin','admin',null),
(907004747,907099003,907003747,'admin','admin',null),
(907004748,907099003,907003748,'admin','admin',null),
(907004749,907099003,907003749,'admin','admin',null),
(907004750,907099003,907003750,'admin','admin',null),
(907004751,907099003,907003751,'admin','admin',null),
(907004752,907099003,907003752,'admin','admin',null),
(907004753,907099003,907003753,'admin','admin',null),
(907004754,907099003,907003754,'admin','admin',null),
(907004755,907099003,907003755,'admin','admin',null),
(907004756,907099999,907099001,'admin','admin',null),
(907004757,907099999,907099002,'admin','admin',null),
(907004758,907099999,907099003,'admin','admin',null);
--插入动环 dims_idx_rule
--变压器必填完整性核查 CE_DEVICE_PE_TRANSFORM
insert into dims_idx_rule (ID, NAME, CODE, INDEX_ID, ATTRIBUTETYPE_ID, TYPE, RULEMEMO, DICTIONARYNAME, CREATOR, UPDATER, MEMO) values
(907006001, '变压器必填完整性核查.资源标识', 'CE_DEVICE_PE_TRANSFORM.int_id', 907003501, 907001824, 2, null, null, 'admin', 'admin', null),
(907006002, '变压器必填完整性核查.所属站点', 'CE_DEVICE_PE_TRANSFORM.related_site', 907003501, 907001828, 2, null, null, 'admin', 'admin', null),
(907006003, '变压器必填完整性核查.所属机房', 'CE_DEVICE_PE_TRANSFORM.related_room', 907003501, 907001829, 2, null, null, 'admin', 'admin', null),
(907006004, '变压器必填完整性核查.设备类型', 'CE_DEVICE_PE_TRANSFORM.device_type', 907003501, 907001830, 2, null, null, 'admin', 'admin', null),
(907006005, '变压器必填完整性核查.设备子类', 'CE_DEVICE_PE_TRANSFORM.device_subclass', 907003501, 907001831, 2, null, null, 'admin', 'admin', null),
(907006006, '变压器必填完整性核查.设备名称', 'CE_DEVICE_PE_TRANSFORM.zh_label', 907003501, 907001832, 2, null, null, 'admin', 'admin', null),
(907006007, '变压器必填完整性核查.设备编码', 'CE_DEVICE_PE_TRANSFORM.device_code', 907003501, 907001833, 2, null, null, 'admin', 'admin', null),
(907006008, '变压器必填完整性核查.设备型号', 'CE_DEVICE_PE_TRANSFORM.product_name', 907003501, 907001834, 2, null, null, 'admin', 'admin', null),
(907006009, '变压器必填完整性核查.设备厂家', 'CE_DEVICE_PE_TRANSFORM.vendor_id', 907003501, 907001835, 2, null, null, 'admin', 'admin', null),
(907006010, '变压器必填完整性核查.开始使用时间', 'CE_DEVICE_PE_TRANSFORM.start_time', 907003501, 907001840, 2, null, null, 'admin', 'admin', null),
(907006011, '变压器必填完整性核查.预计报废时间', 'CE_DEVICE_PE_TRANSFORM.estimated_retirement_time', 907003501, 907001841, 2, null, null, 'admin', 'admin', null),
(907006012, '变压器必填完整性核查.使用状态', 'CE_DEVICE_PE_TRANSFORM.lifecycle_status', 907003501, 907001842, 2, null, null, 'admin', 'admin', null),
(907006013, '变压器必填完整性核查.维护责任人', 'CE_DEVICE_PE_TRANSFORM.maintainor', 907003501, 907001843, 2, null, null, 'admin', 'admin', null),
(907006014, '变压器必填完整性核查.数据质量责任人（移动）', 'CE_DEVICE_PE_TRANSFORM.qualitor', 907003501, 907001844, 2, null, null, 'admin', 'admin', null),
(907006015, '变压器必填完整性核查.额定功率（KVA）', 'CE_DEVICE_PE_TRANSFORM.rated_power', 907003501, 907001836, 2, null, null, 'admin', 'admin', null),
(907006016, '变压器必填完整性核查.输入额定电压（V）', 'CE_DEVICE_PE_TRANSFORM.input_rated_voltage', 907003501, 907001837, 2, null, null, 'admin', 'admin', null),
(907006017, '变压器必填完整性核查.低压额定电流', 'CE_DEVICE_PE_TRANSFORM.low_reted_current', 907003501, 907001838, 2, null, null, 'admin', 'admin', null),
(907006018, '变压器必填完整性核查.备份方式', 'CE_DEVICE_PE_TRANSFORM.backup_method', 907003501, 907001839, 2, null, null, 'admin', 'admin', null),
--变换设备必填完整性核查 CE_DECIVE_PE_TRANSFORM_DEVICE
(907006019, '变换设备必填完整性核查.资源标识', 'CE_DECIVE_PE_TRANSFORM_DEVICE.int_id', 907003502, 907001845, 2, null, null, 'admin', 'admin', null),
(907006020, '变换设备必填完整性核查.所属站点', 'CE_DECIVE_PE_TRANSFORM_DEVICE.related_site', 907003502, 907001849, 2, null, null, 'admin', 'admin', null),
(907006021, '变换设备必填完整性核查.所属机房', 'CE_DECIVE_PE_TRANSFORM_DEVICE.related_room', 907003502, 907001850, 2, null, null, 'admin', 'admin', null),
(907006022, '变换设备必填完整性核查.设备类型', 'CE_DECIVE_PE_TRANSFORM_DEVICE.device_type', 907003502, 907001851, 2, null, null, 'admin', 'admin', null),
(907006023, '变换设备必填完整性核查.设备子类', 'CE_DECIVE_PE_TRANSFORM_DEVICE.device_subclass', 907003502, 907001852, 2, null, null, 'admin', 'admin', null),
(907006024, '变换设备必填完整性核查.设备名称', 'CE_DECIVE_PE_TRANSFORM_DEVICE.zh_label', 907003502, 907001853, 2, null, null, 'admin', 'admin', null),
(907006025, '变换设备必填完整性核查.设备编码', 'CE_DECIVE_PE_TRANSFORM_DEVICE.device_code', 907003502, 907001854, 2, null, null, 'admin', 'admin', null),
(907006026, '变换设备必填完整性核查.设备型号', 'CE_DECIVE_PE_TRANSFORM_DEVICE.product_name', 907003502, 907001855, 2, null, null, 'admin', 'admin', null),
(907006027, '变换设备必填完整性核查.设备厂家', 'CE_DECIVE_PE_TRANSFORM_DEVICE.vendor_id', 907003502, 907001856, 2, null, null, 'admin', 'admin', null),
(907006028, '变换设备必填完整性核查.开始使用时间', 'CE_DECIVE_PE_TRANSFORM_DEVICE.start_time', 907003502, 907001863, 2, null, null, 'admin', 'admin', null),
(907006029, '变换设备必填完整性核查.预计报废时间', 'CE_DECIVE_PE_TRANSFORM_DEVICE.estimated_retirement_time', 907003502, 907001864, 2, null, null, 'admin', 'admin', null),
(907006030, '变换设备必填完整性核查.使用状态', 'CE_DECIVE_PE_TRANSFORM_DEVICE.lifecycle_status', 907003502, 907001865, 2, null, null, 'admin', 'admin', null),
(907006031, '变换设备必填完整性核查.维护责任人', 'CE_DECIVE_PE_TRANSFORM_DEVICE.maintainor', 907003502, 907001866, 2, null, null, 'admin', 'admin', null),
(907006032, '变换设备必填完整性核查.数据质量责任人（移动）', 'CE_DECIVE_PE_TRANSFORM_DEVICE.qualitor', 907003502, 907001867, 2, null, null, 'admin', 'admin', null),
(907006033, '变换设备必填完整性核查.额定输入电压（V）', 'CE_DECIVE_PE_TRANSFORM_DEVICE.rated_input_voltage', 907003502, 907001857, 2, null, null, 'admin', 'admin', null),
(907006034, '变换设备必填完整性核查.额定输出电压（V）', 'CE_DECIVE_PE_TRANSFORM_DEVICE.rated_output_voltage', 907003502, 907001858, 2, null, null, 'admin', 'admin', null),
(907006035, '变换设备必填完整性核查.输出类型', 'CE_DECIVE_PE_TRANSFORM_DEVICE.output_type', 907003502, 907001859, 2, null, null, 'admin', 'admin', null),
(907006036, '变换设备必填完整性核查.可装变换模块总数（块）', 'CE_DECIVE_PE_TRANSFORM_DEVICE.total_loading_modules_number', 907003502, 907001860, 2, null, null, 'admin', 'admin', null),
(907006037, '变换设备必填完整性核查.实配变换模块总数（块）', 'CE_DECIVE_PE_TRANSFORM_DEVICE.total_match_modules_number', 907003502, 907001861, 2, null, null, 'admin', 'admin', null),
(907006038, '变换设备必填完整性核查.单个模块额定输出电流（A)', 'CE_DECIVE_PE_TRANSFORM_DEVICE.single_module_output_current', 907003502, 907001862, 2, null, null, 'admin', 'admin', null),
--高压配电必填完整性核查 CE_DEVICE_PE_HIGH_DISTRIBUTION
(907006039, '高压配电必填完整性核查.资源标识', 'CE_DEVICE_PE_HIGH_DISTRIBUTION.int_id', 907003503, 907001880, 2, null, null, 'admin', 'admin', null),
(907006040, '高压配电必填完整性核查.所属站点', 'CE_DEVICE_PE_HIGH_DISTRIBUTION.related_site', 907003503, 907001884, 2, null, null, 'admin', 'admin', null),
(907006041, '高压配电必填完整性核查.所属机房', 'CE_DEVICE_PE_HIGH_DISTRIBUTION.related_room', 907003503, 907001885, 2, null, null, 'admin', 'admin', null),
(907006042, '高压配电必填完整性核查.设备类型', 'CE_DEVICE_PE_HIGH_DISTRIBUTION.device_type', 907003503, 907001886, 2, null, null, 'admin', 'admin', null),
(907006043, '高压配电必填完整性核查.设备子类', 'CE_DEVICE_PE_HIGH_DISTRIBUTION.device_subclass', 907003503, 907001887, 2, null, null, 'admin', 'admin', null),	   
(907006044, '高压配电必填完整性核查.设备名称', 'CE_DEVICE_PE_HIGH_DISTRIBUTION.zh_label', 907003503, 907001888, 2, null, null, 'admin', 'admin', null),	   
(907006045, '高压配电必填完整性核查.设备编码', 'CE_DEVICE_PE_HIGH_DISTRIBUTION.device_code', 907003503, 907001889, 2, null, null, 'admin', 'admin', null),	   
(907006046, '高压配电必填完整性核查.设备型号', 'CE_DEVICE_PE_HIGH_DISTRIBUTION.product_name', 907003503, 907001890, 2, null, null, 'admin', 'admin', null),	   
(907006047, '高压配电必填完整性核查.设备厂家', 'CE_DEVICE_PE_HIGH_DISTRIBUTION.vendor_id', 907003503, 907001891, 2, null, null, 'admin', 'admin', null),	   
(907006048, '高压配电必填完整性核查.开始使用时间', 'CE_DEVICE_PE_HIGH_DISTRIBUTION.start_time', 907003503, 907001894, 2, null, null, 'admin', 'admin', null),	   
(907006049, '高压配电必填完整性核查.预计报废时间', 'CE_DEVICE_PE_HIGH_DISTRIBUTION.estimated_retirement_time', 907003503, 907001895, 2, null, null, 'admin', 'admin', null),
(907006050, '高压配电必填完整性核查.使用状态', 'CE_DEVICE_PE_HIGH_DISTRIBUTION.lifecycle_status', 907003503, 907001896, 2, null, null, 'admin', 'admin', null),   
(907006051, '高压配电必填完整性核查.维护责任人', 'CE_DEVICE_PE_HIGH_DISTRIBUTION.maintainor', 907003503, 907001897, 2, null, null, 'admin', 'admin', null),	   
(907006052, '高压配电必填完整性核查.数据质量责任人（移动）', 'CE_DEVICE_PE_HIGH_DISTRIBUTION.qualitor', 907003503, 907001898, 2, null, null, 'admin', 'admin', null),	  
(907006053, '高压配电必填完整性核查.额定容量（A）', 'CE_DEVICE_PE_HIGH_DISTRIBUTION.reted_capacity', 907003503, 907001893, 2, null, null, 'admin', 'admin', null),	  
(907006054, '高压配电必填完整性核查.所属系统', 'CE_DEVICE_PE_HIGH_DISTRIBUTION.related_system', 907003503, 907001892, 2, null, null, 'admin', 'admin', null),
--高压直流电源必填完整性核查 CE_DEVICE_PE_HIGH_POWER
(907006055, '高压直流电源必填完整性核查.资源标识', 'CE_DEVICE_PE_HIGH_POWER.int_id', 907003504, 907001911, 2, null, null, 'admin', 'admin', null),
(907006056, '高压直流电源必填完整性核查.所属站点', 'CE_DEVICE_PE_HIGH_POWER.related_site', 907003504, 907001915, 2, null, null, 'admin', 'admin', null),
(907006057, '高压直流电源必填完整性核查.所属机房', 'CE_DEVICE_PE_HIGH_POWER.related_room', 907003504, 907001916, 2, null, null, 'admin', 'admin', null),
(907006058, '高压直流电源必填完整性核查.设备类型', 'CE_DEVICE_PE_HIGH_POWER.device_type', 907003504, 907001917, 2, null, null, 'admin', 'admin', null),
(907006059, '高压直流电源必填完整性核查.设备子类', 'CE_DEVICE_PE_HIGH_POWER.device_subclass', 907003504, 907001918, 2, null, null, 'admin', 'admin', null),	   
(907006060, '高压直流电源必填完整性核查.设备名称', 'CE_DEVICE_PE_HIGH_POWER.zh_label', 907003504, 907001919, 2, null, null, 'admin', 'admin', null),	   
(907006061, '高压直流电源必填完整性核查.设备编码', 'CE_DEVICE_PE_HIGH_POWER.device_code', 907003504, 907001920, 2, null, null, 'admin', 'admin', null),   
(907006062, '高压直流电源必填完整性核查.设备型号', 'CE_DEVICE_PE_HIGH_POWER.product_name', 907003504, 907001921, 2, null, null, 'admin', 'admin', null),   
(907006063, '高压直流电源必填完整性核查.设备厂家', 'CE_DEVICE_PE_HIGH_POWER.vendor_id', 907003504, 907001922, 2, null, null, 'admin', 'admin', null),	   
(907006064, '高压直流电源必填完整性核查.开始使用时间', 'CE_DEVICE_PE_HIGH_POWER.start_time', 907003504, 907001929, 2, null, null, 'admin', 'admin', null),	   
(907006065, '高压直流电源必填完整性核查.预计报废时间', 'CE_DEVICE_PE_HIGH_POWER.estimated_retirement_time', 907003504, 907001930, 2, null, null, 'admin', 'admin', null),
(907006066, '高压直流电源必填完整性核查.使用状态', 'CE_DEVICE_PE_HIGH_POWER.lifecycle_status', 907003504, 907001931, 2, null, null, 'admin', 'admin', null),   
(907006067, '高压直流电源必填完整性核查.维护责任人', 'CE_DEVICE_PE_HIGH_POWER.maintainor', 907003504, 907001932, 2, null, null, 'admin', 'admin', null),   
(907006068, '高压直流电源必填完整性核查.数据质量责任人（移动）', 'CE_DEVICE_PE_HIGH_POWER.qualitor', 907003504, 907001933, 2, null, null, 'admin', 'admin', null),  
(907006069, '高压直流电源必填完整性核查.额定输出电压（V）', 'CE_DEVICE_PE_HIGH_POWER.rated_output_voltage', 907003504, 907001924, 2, null, null, 'admin', 'admin', null), 
(907006070, '高压直流电源必填完整性核查.监控模块型号', 'CE_DEVICE_PE_HIGH_POWER.monitoring_module_model', 907003504, 907001925, 2, null, null, 'admin', 'admin', null),  
(907006071, '高压直流电源必填完整性核查.本机架可装整流模块总数（块）', 'CE_DEVICE_PE_HIGH_POWER.total_rack_loading_modules_number', 907003504, 907001926, 2, null, null, 'admin', 'admin', null),
(907006072, '高压直流电源必填完整性核查.本机架实配整流模块总数（块）', 'CE_DEVICE_PE_HIGH_POWER.total_rack_match_modules_number', 907003504, 907001927, 2, null, null, 'admin', 'admin', null),
(907006073, '高压直流电源必填完整性核查.单个整流模块额定输出容量（A）', 'CE_DEVICE_PE_HIGH_POWER.signal_output_rated_capacity', 907003504, 907001928, 2, null, null, 'admin', 'admin', null),
(907006074, '高压直流电源必填完整性核查.所属系统', 'CE_DEVICE_PE_HIGH_POWER.related_system', 907003504, 907001923, 2, null, null, 'admin', 'admin', null),
--高压直流配电必填完整性核查 CE_DEVICE_PE_HIGH_DC_DISTRIBUTION
(907006075, '高压直流配电必填完整性核查.资源标识', 'CE_DEVICE_PE_HIGH_DC_DISTRIBUTION.int_id', 907003505, 907001934, 2, null, null, 'admin', 'admin', null),
(907006076, '高压直流配电必填完整性核查.所属站点', 'CE_DEVICE_PE_HIGH_DC_DISTRIBUTION.related_site', 907003505, 907001938, 2, null, null, 'admin', 'admin', null),
(907006077, '高压直流配电必填完整性核查.所属机房', 'CE_DEVICE_PE_HIGH_DC_DISTRIBUTION.related_room', 907003505, 907001939, 2, null, null, 'admin', 'admin', null),
(907006078, '高压直流配电必填完整性核查.设备类型', 'CE_DEVICE_PE_HIGH_DC_DISTRIBUTION.device_type', 907003505, 907001940, 2, null, null, 'admin', 'admin', null),
(907006079, '高压直流配电必填完整性核查.设备子类', 'CE_DEVICE_PE_HIGH_DC_DISTRIBUTION.device_subclass', 907003505, 907001941, 2, null, null, 'admin', 'admin', null),	   
(907006080, '高压直流配电必填完整性核查.设备名称', 'CE_DEVICE_PE_HIGH_DC_DISTRIBUTION.zh_label', 907003505, 907001942, 2, null, null, 'admin', 'admin', null),   
(907006081, '高压直流配电必填完整性核查.设备编码', 'CE_DEVICE_PE_HIGH_DC_DISTRIBUTION.device_code', 907003505, 907001943, 2, null, null, 'admin', 'admin', null),   
(907006082, '高压直流配电必填完整性核查.设备型号', 'CE_DEVICE_PE_HIGH_DC_DISTRIBUTION.product_name', 907003505, 907001944, 2, null, null, 'admin', 'admin', null),   
(907006083, '高压直流配电必填完整性核查.设备厂家', 'CE_DEVICE_PE_HIGH_DC_DISTRIBUTION.vendor_id', 907003505, 907001945, 2, null, null, 'admin', 'admin', null),	   
(907006084, '高压直流配电必填完整性核查.开始使用时间', 'CE_DEVICE_PE_HIGH_DC_DISTRIBUTION.start_time', 907003505, 907001950, 2, null, null, 'admin', 'admin', null),	   
(907006085, '高压直流配电必填完整性核查.预计报废时间', 'CE_DEVICE_PE_HIGH_DC_DISTRIBUTION.estimated_retirement_time', 907003505, 907001951, 2, null, null, 'admin', 'admin', null),
(907006086, '高压直流配电必填完整性核查.使用状态', 'CE_DEVICE_PE_HIGH_DC_DISTRIBUTION.lifecycle_status', 907003505, 907001952, 2, null, null, 'admin', 'admin', null),	   
(907006087, '高压直流配电必填完整性核查.维护责任人', 'CE_DEVICE_PE_HIGH_DC_DISTRIBUTION.maintainor', 907003505, 907001953, 2, null, null, 'admin', 'admin', null),	   
(907006088, '高压直流配电必填完整性核查.数据质量责任人（移动）', 'CE_DEVICE_PE_HIGH_DC_DISTRIBUTION.qualitor', 907003505, 907001954, 2, null, null, 'admin', 'admin', null),  
(907006089, '高压直流配电必填完整性核查.额定容量（A）', 'CE_DEVICE_PE_HIGH_DC_DISTRIBUTION.reted_capacity', 907003505, 907001947, 2, null, null, 'admin', 'admin', null),		  
(907006090, '高压直流配电必填完整性核查.输入端口总数（路）', 'CE_DEVICE_PE_HIGH_DC_DISTRIBUTION.total_input_port', 907003505, 907001948, 2, null, null, 'admin', 'admin', null),
(907006091, '高压直流配电必填完整性核查.输出端口总数（路）', 'CE_DEVICE_PE_HIGH_DC_DISTRIBUTION.total_onput_port', 907003505, 907001949, 2, null, null, 'admin', 'admin', null),
(907006092, '高压直流配电必填完整性核查.所属系统', 'CE_DEVICE_PE_HIGH_DC_DISTRIBUTION.related_system', 907003505, 907001946, 2, null, null, 'admin', 'admin', null),
--低压交流配电必填完整性核查 CE_DEVICE_PE_LOW_AC_DISTRIBUTION
(907006093, '低压交流配电必填完整性核查.资源标识', 'CE_DEVICE_PE_LOW_AC_DISTRIBUTION.int_id', 907003506, 907001968, 2, null, null, 'admin', 'admin', null),
(907006094, '低压交流配电必填完整性核查.所属站点', 'CE_DEVICE_PE_LOW_AC_DISTRIBUTION.related_site', 907003506, 907001972, 2, null, null, 'admin', 'admin', null),
(907006095, '低压交流配电必填完整性核查.所属机房', 'CE_DEVICE_PE_LOW_AC_DISTRIBUTION.related_room', 907003506, 907001973, 2, null, null, 'admin', 'admin', null),
(907006096, '低压交流配电必填完整性核查.设备类型', 'CE_DEVICE_PE_LOW_AC_DISTRIBUTION.device_type', 907003506, 907001974, 2, null, null, 'admin', 'admin', null),
(907006097, '低压交流配电必填完整性核查.设备子类', 'CE_DEVICE_PE_LOW_AC_DISTRIBUTION.device_subclass', 907003506, 907001975, 2, null, null, 'admin', 'admin', null),		   
(907006098, '低压交流配电必填完整性核查.设备名称', 'CE_DEVICE_PE_LOW_AC_DISTRIBUTION.zh_label', 907003506, 907001976, 2, null, null, 'admin', 'admin', null),		   
(907006099, '低压交流配电必填完整性核查.设备编码', 'CE_DEVICE_PE_LOW_AC_DISTRIBUTION.device_code', 907003506, 907001977, 2, null, null, 'admin', 'admin', null),		   
(907006100, '低压交流配电必填完整性核查.设备型号', 'CE_DEVICE_PE_LOW_AC_DISTRIBUTION.product_name', 907003506, 907001978, 2, null, null, 'admin', 'admin', null),		   
(907006101, '低压交流配电必填完整性核查.设备厂家', 'CE_DEVICE_PE_LOW_AC_DISTRIBUTION.vendor_id', 907003506, 907001979, 2, null, null, 'admin', 'admin', null),		   
(907006102, '低压交流配电必填完整性核查.开始使用时间', 'CE_DEVICE_PE_LOW_AC_DISTRIBUTION.start_time', 907003506, 907001986, 2, null, null, 'admin', 'admin', null),	   
(907006103, '低压交流配电必填完整性核查.预计报废时间', 'CE_DEVICE_PE_LOW_AC_DISTRIBUTION.estimated_retirement_time', 907003506, 907001987, 2, null, null, 'admin', 'admin', null),
(907006104, '低压交流配电必填完整性核查.使用状态', 'CE_DEVICE_PE_LOW_AC_DISTRIBUTION.lifecycle_status', 907003506, 907001988, 2, null, null, 'admin', 'admin', null),	   
(907006105, '低压交流配电必填完整性核查.维护责任人', 'CE_DEVICE_PE_LOW_AC_DISTRIBUTION.maintainor', 907003506, 907001989, 2, null, null, 'admin', 'admin', null),	   
(907006106, '低压交流配电必填完整性核查.数据质量责任人（移动）', 'CE_DEVICE_PE_LOW_AC_DISTRIBUTION.qualitor', 907003506, 907001990, 2, null, null, 'admin', 'admin', null),	  
(907006107, '低压交流配电必填完整性核查.额定容量（A）', 'CE_DEVICE_PE_LOW_AC_DISTRIBUTION.reted_capacity', 907003506, 907001981, 2, null, null, 'admin', 'admin', null),	  
(907006108, '低压交流配电必填完整性核查.所属系统', 'CE_DEVICE_PE_LOW_AC_DISTRIBUTION.related_system', 907003506, 907001980, 2, null, null, 'admin', 'admin', null),
--发电机组必填完整性核查 CE_DEVICE_PE_POWER_GENERATION
(907006109, '发电机组必填完整性核查.资源标识', 'CE_DEVICE_PE_POWER_GENERATION.int_id', 907003507, 907002004, 2, null, null, 'admin', 'admin', null),
(907006110, '发电机组必填完整性核查.所属站点', 'CE_DEVICE_PE_POWER_GENERATION.related_site', 907003507, 907002008, 2, null, null, 'admin', 'admin', null),
(907006111, '发电机组必填完整性核查.所属机房', 'CE_DEVICE_PE_POWER_GENERATION.related_room', 907003507, 907002009, 2, null, null, 'admin', 'admin', null),
(907006112, '发电机组必填完整性核查.设备类型', 'CE_DEVICE_PE_POWER_GENERATION.device_type', 907003507, 907002010 , 2, null, null, 'admin', 'admin', null),
(907006113, '发电机组必填完整性核查.设备子类', 'CE_DEVICE_PE_POWER_GENERATION.device_subclass', 907003507, 907002011 , 2, null, null, 'admin', 'admin', null),	   
(907006114, '发电机组必填完整性核查.设备名称', 'CE_DEVICE_PE_POWER_GENERATION.zh_label', 907003507, 907002012 , 2, null, null, 'admin', 'admin', null),   
(907006115, '发电机组必填完整性核查.设备编码', 'CE_DEVICE_PE_POWER_GENERATION.device_code', 907003507, 907002013 , 2, null, null, 'admin', 'admin', null),   
(907006116, '发电机组必填完整性核查.设备型号', 'CE_DEVICE_PE_POWER_GENERATION.product_name', 907003507, 907002014 , 2, null, null, 'admin', 'admin', null),   
(907006117, '发电机组必填完整性核查.设备厂家', 'CE_DEVICE_PE_POWER_GENERATION.vendor_id', 907003507, 907002015 , 2, null, null, 'admin', 'admin', null),	   
(907006118, '发电机组必填完整性核查.开始使用时间', 'CE_DEVICE_PE_POWER_GENERATION.start_time', 907003507, 907002024, 2, null, null, 'admin', 'admin', null),   
(907006119, '发电机组必填完整性核查.预计报废时间', 'CE_DEVICE_PE_POWER_GENERATION.estimated_retirement_time', 907003507, 907002025, 2, null, null, 'admin', 'admin', null),
(907006120, '发电机组必填完整性核查.使用状态', 'CE_DEVICE_PE_POWER_GENERATION.lifecycle_status', 907003507, 907002026, 2, null, null, 'admin', 'admin', null),	   
(907006121, '发电机组必填完整性核查.维护责任人', 'CE_DEVICE_PE_POWER_GENERATION.maintainor', 907003507, 907002027, 2, null, null, 'admin', 'admin', null),   
(907006122, '发电机组必填完整性核查.数据质量责任人（移动）', 'CE_DEVICE_PE_POWER_GENERATION.qualitor', 907003507, 907002028, 2, null, null, 'admin', 'admin', null),  
(907006123, '发电机组必填完整性核查.额定功率（KW）', 'CE_DEVICE_PE_POWER_GENERATION.rated_power', 907003507, 907002016, 2, null, null, 'admin', 'admin', null),
(907006124, '发电机组必填完整性核查.额定输出电压（V)', 'CE_DEVICE_PE_POWER_GENERATION.rated_output_voltage', 907003507, 907002017, 2, null, null, 'admin', 'admin', null),
(907006125, '发电机组必填完整性核查.自启动功能', 'CE_DEVICE_PE_POWER_GENERATION.self_start_function', 907003507, 907002019, 2, null, null, 'admin', 'admin', null),
(907006126, '发电机组必填完整性核查.输出电压类型', 'CE_DEVICE_PE_POWER_GENERATION.output_voltage_type', 907003507, 907002018, 2, null, null, 'admin', 'admin', null),
(907006127, '发电机组必填完整性核查.冷却方式', 'CE_DEVICE_PE_POWER_GENERATION.cooling_method', 907003507, 907002020, 2, null, null, 'admin', 'admin', null),
(907006128, '发电机组必填完整性核查.安装方式', 'CE_DEVICE_PE_POWER_GENERATION.installation_method', 907003507, 907002021, 2, null, null, 'admin', 'admin', null),
(907006129, '发电机组必填完整性核查.备份方式', 'CE_DEVICE_PE_POWER_GENERATION.backup_method', 907003507, 907002022, 2, null, null, 'admin', 'admin', null),  
(907006130, '发电机组必填完整性核查.所属系统', 'CE_DEVICE_PE_POWER_GENERATION.related_system', 907003507, 907002023, 2, null, null, 'admin', 'admin', null),
--开关电源必填完整性核查 CE_DEVICE_PE_SWITCH_POWER
(907006131, '开关电源必填完整性核查.资源标识', 'CE_DEVICE_PE_SWITCH_POWER.int_id', 907003508, 907002042, 2, null, null, 'admin', 'admin', null),
(907006132, '开关电源必填完整性核查.所属站点', 'CE_DEVICE_PE_SWITCH_POWER.related_site', 907003508, 907002046, 2, null, null, 'admin', 'admin', null),
(907006133, '开关电源必填完整性核查.所属机房', 'CE_DEVICE_PE_SWITCH_POWER.related_room', 907003508, 907002047, 2, null, null, 'admin', 'admin', null),
(907006134, '开关电源必填完整性核查.设备类型', 'CE_DEVICE_PE_SWITCH_POWER.device_type', 907003508, 907002048 , 2, null, null, 'admin', 'admin', null),
(907006135, '开关电源必填完整性核查.设备子类', 'CE_DEVICE_PE_SWITCH_POWER.device_subclass', 907003508, 907002049 , 2, null, null, 'admin', 'admin', null),   
(907006136, '开关电源必填完整性核查.设备名称', 'CE_DEVICE_PE_SWITCH_POWER.zh_label', 907003508, 907002050 , 2, null, null, 'admin', 'admin', null),   
(907006137, '开关电源必填完整性核查.设备编码', 'CE_DEVICE_PE_SWITCH_POWER.device_code', 907003508, 907002051 , 2, null, null, 'admin', 'admin', null),	   
(907006138, '开关电源必填完整性核查.设备型号', 'CE_DEVICE_PE_SWITCH_POWER.product_name', 907003508, 907002052 , 2, null, null, 'admin', 'admin', null),	   
(907006139, '开关电源必填完整性核查.设备厂家', 'CE_DEVICE_PE_SWITCH_POWER.vendor_id', 907003508, 907002053 , 2, null, null, 'admin', 'admin', null),	   
(907006140, '开关电源必填完整性核查.开始使用时间', 'CE_DEVICE_PE_SWITCH_POWER.start_time', 907003508, 907002060, 2, null, null, 'admin', 'admin', null),  
(907006141, '开关电源必填完整性核查.预计报废时间', 'CE_DEVICE_PE_SWITCH_POWER.estimated_retirement_time', 907003508, 907002061, 2, null, null, 'admin', 'admin', null),
(907006142, '开关电源必填完整性核查.使用状态', 'CE_DEVICE_PE_SWITCH_POWER.lifecycle_status', 907003508, 907002062, 2, null, null, 'admin', 'admin', null),   
(907006143, '开关电源必填完整性核查.维护责任人', 'CE_DEVICE_PE_SWITCH_POWER.maintainor', 907003508, 907002063, 2, null, null, 'admin', 'admin', null),   
(907006144, '开关电源必填完整性核查.数据质量责任人（移动）', 'CE_DEVICE_PE_SWITCH_POWER.qualitor', 907003508, 907002064, 2, null, null, 'admin', 'admin', null),	  
(907006145, '开关电源必填完整性核查.额定输出电压（V）', 'CE_DEVICE_PE_SWITCH_POWER.rated_output_voltage', 907003508, 907002055, 2, null, null, 'admin', 'admin', null),
(907006146, '开关电源必填完整性核查.监控模块型号', 'CE_DEVICE_PE_SWITCH_POWER.monitoring_module_model', 907003508, 907002056, 2, null, null, 'admin', 'admin', null),
(907006147, '开关电源必填完整性核查.本机架可装整流模块总数（块）', 'CE_DEVICE_PE_SWITCH_POWER.total_rack_loading_modules_number', 907003508, 907002057, 2, null, null, 'admin', 'admin', null),
(907006148, '开关电源必填完整性核查.本机架实配整流模块总数（块）', 'CE_DEVICE_PE_SWITCH_POWER.total_rack_match_modules_number', 907003508, 907002058, 2, null, null, 'admin', 'admin', null),
(907006149, '开关电源必填完整性核查.单个整流模块额定输出容量（A）', 'CE_DEVICE_PE_SWITCH_POWER.signal_output_rated_capacity', 907003508, 907002059, 2, null, null, 'admin', 'admin', null),
--低压直流配电必填完整性核查 CE_DEVICE_PE_LOW_DC_DISTRIBUTION
(907006150, '低压直流配电必填完整性核查.资源标识', 'CE_DEVICE_PE_LOW_DC_DISTRIBUTION.int_id', 907003509, 907002065, 2, null, null, 'admin', 'admin', null),
(907006151, '低压直流配电必填完整性核查.所属站点', 'CE_DEVICE_PE_LOW_DC_DISTRIBUTION.related_site', 907003509, 907002069, 2, null, null, 'admin', 'admin', null),
(907006152, '低压直流配电必填完整性核查.所属机房', 'CE_DEVICE_PE_LOW_DC_DISTRIBUTION.related_room', 907003509, 907002070, 2, null, null, 'admin', 'admin', null),
(907006153, '低压直流配电必填完整性核查.设备类型', 'CE_DEVICE_PE_LOW_DC_DISTRIBUTION.device_type', 907003509, 907002071 , 2, null, null, 'admin', 'admin', null),
(907006154, '低压直流配电必填完整性核查.设备子类', 'CE_DEVICE_PE_LOW_DC_DISTRIBUTION.device_subclass', 907003509, 907002072 , 2, null, null, 'admin', 'admin', null),   
(907006155, '低压直流配电必填完整性核查.设备名称', 'CE_DEVICE_PE_LOW_DC_DISTRIBUTION.zh_label', 907003509, 907002073 , 2, null, null, 'admin', 'admin', null),   
(907006156, '低压直流配电必填完整性核查.设备编码', 'CE_DEVICE_PE_LOW_DC_DISTRIBUTION.device_code', 907003509, 907002074 , 2, null, null, 'admin', 'admin', null),   
(907006157, '低压直流配电必填完整性核查.设备型号', 'CE_DEVICE_PE_LOW_DC_DISTRIBUTION.product_name', 907003509, 907002075 , 2, null, null, 'admin', 'admin', null),
(907006158, '低压直流配电必填完整性核查.设备厂家', 'CE_DEVICE_PE_LOW_DC_DISTRIBUTION.vendor_id', 907003509, 907002076 , 2, null, null, 'admin', 'admin', null),
(907006159, '低压直流配电必填完整性核查.开始使用时间', 'CE_DEVICE_PE_LOW_DC_DISTRIBUTION.start_time', 907003509, 907002081, 2, null, null, 'admin', 'admin', null),  
(907006160, '低压直流配电必填完整性核查.预计报废时间', 'CE_DEVICE_PE_LOW_DC_DISTRIBUTION.estimated_retirement_time', 907003509, 907002082, 2, null, null, 'admin', 'admin', null),
(907006161, '低压直流配电必填完整性核查.使用状态', 'CE_DEVICE_PE_LOW_DC_DISTRIBUTION.lifecycle_status', 907003509, 907002083, 2, null, null, 'admin', 'admin', null),
(907006162, '低压直流配电必填完整性核查.维护责任人', 'CE_DEVICE_PE_LOW_DC_DISTRIBUTION.maintainor', 907003509, 907002084, 2, null, null, 'admin', 'admin', null),  
(907006163, '低压直流配电必填完整性核查.数据质量责任人（移动）', 'CE_DEVICE_PE_LOW_DC_DISTRIBUTION.qualitor', 907003509, 907002085, 2, null, null, 'admin', 'admin', null),  
(907006164, '低压直流配电必填完整性核查.所属系统', 'CE_DEVICE_PE_LOW_DC_DISTRIBUTION.related_system', 907003509, 907002077, 2, null, null, 'admin', 'admin', null),
(907006165, '低压直流配电必填完整性核查.额定容量（A）', 'CE_DEVICE_PE_LOW_DC_DISTRIBUTION.reted_capacity', 907003509, 907002078, 2, null, null, 'admin', 'admin', null),
(907006166, '低压直流配电必填完整性核查.输人端口总数（路）', 'CE_DEVICE_PE_LOW_DC_DISTRIBUTION.total_input_port', 907003509, 907002079, 2, null, null, 'admin', 'admin', null),
(907006167, '低压直流配电必填完整性核查.输出端口总数（路）', 'CE_DEVICE_PE_LOW_DC_DISTRIBUTION.total_onput_port', 907003509, 907002080, 2, null, null, 'admin', 'admin', null),
--UPS设备必填完整性核查 CE_DEVICE_PE_UPS
(907006168, 'UPS设备必填完整性核查.资源标识', 'CE_DEVICE_PE_UPS.int_id', 907003510, 907002101, 2, null, null, 'admin', 'admin', null),
(907006169, 'UPS设备必填完整性核查.所属站点', 'CE_DEVICE_PE_UPS.related_site', 907003510, 907002105, 2, null, null, 'admin', 'admin', null),
(907006170, 'UPS设备必填完整性核查.所属机房', 'CE_DEVICE_PE_UPS.related_room', 907003510, 907002106, 2, null, null, 'admin', 'admin', null),
(907006171, 'UPS设备必填完整性核查.设备类型', 'CE_DEVICE_PE_UPS.device_type', 907003510, 907002107 , 2, null, null, 'admin', 'admin', null),
(907006172, 'UPS设备必填完整性核查.设备子类', 'CE_DEVICE_PE_UPS.device_subclass', 907003510, 907002108 , 2, null, null, 'admin', 'admin', null),	   
(907006173, 'UPS设备必填完整性核查.设备名称', 'CE_DEVICE_PE_UPS.zh_label', 907003510, 907002109 , 2, null, null, 'admin', 'admin', null),	   
(907006174, 'UPS设备必填完整性核查.设备编码', 'CE_DEVICE_PE_UPS.device_code', 907003510, 907002110 , 2, null, null, 'admin', 'admin', null),	   
(907006175, 'UPS设备必填完整性核查.设备型号', 'CE_DEVICE_PE_UPS.product_name', 907003510, 907002111 , 2, null, null, 'admin', 'admin', null),   
(907006176, 'UPS设备必填完整性核查.设备厂家', 'CE_DEVICE_PE_UPS.vendor_id', 907003510, 907002112 , 2, null, null, 'admin', 'admin', null),   
(907006177, 'UPS设备必填完整性核查.开始使用时间', 'CE_DEVICE_PE_UPS.start_time', 907003510, 907002116, 2, null, null, 'admin', 'admin', null),	   
(907006178, 'UPS设备必填完整性核查.预计报废时间', 'CE_DEVICE_PE_UPS.estimated_retirement_time', 907003510, 907002082, 2, null, null, 'admin', 'admin', null),
(907006179, 'UPS设备必填完整性核查.使用状态', 'CE_DEVICE_PE_UPS.lifecycle_status', 907003510, 907002118, 2, null, null, 'admin', 'admin', null),   
(907006180, 'UPS设备必填完整性核查.维护责任人', 'CE_DEVICE_PE_UPS.maintainor', 907003510, 907002119, 2, null, null, 'admin', 'admin', null),   
(907006181, 'UPS设备必填完整性核查.数据质量责任人（移动）', 'CE_DEVICE_PE_UPS.qualitor', 907003510, 907002120, 2, null, null, 'admin', 'admin', null),  
(907006182, 'UPS设备必填完整性核查.所属系统', 'CE_DEVICE_PE_UPS.related_system', 907003510, 907002113, 2, null, null, 'admin', 'admin', null),
(907006183, 'UPS设备必填完整性核查.额定容量（KVA）', 'CE_DEVICE_PE_UPS.rated_capacity', 907003510, 907002114, 2, null, null, 'admin', 'admin', null),
(907006184, 'UPS设备必填完整性核查.额定输出电压（V）', 'CE_DEVICE_PE_UPS.rated_output_voltage', 907003510, 907002115, 2, null, null, 'admin', 'admin', null),
--蓄电池必填完整性核查 CE_DEVICE_PE_BATTERY
(907006185, '蓄电池必填完整性核查.资源标识', 'CE_DEVICE_PE_BATTERY.int_id', 907003511, 907002121, 2, null, null, 'admin', 'admin', null),
(907006186, '蓄电池必填完整性核查.所属站点', 'CE_DEVICE_PE_BATTERY.related_site', 907003511, 907002125, 2, null, null, 'admin', 'admin', null),
(907006187, '蓄电池必填完整性核查.所属机房', 'CE_DEVICE_PE_BATTERY.related_room', 907003511, 907002126, 2, null, null, 'admin', 'admin', null),
(907006188, '蓄电池必填完整性核查.设备类型', 'CE_DEVICE_PE_BATTERY.device_type', 907003511, 907002127 , 2, null, null, 'admin', 'admin', null),
(907006189, '蓄电池必填完整性核查.设备子类', 'CE_DEVICE_PE_BATTERY.device_subclass', 907003511, 907002128 , 2, null, null, 'admin', 'admin', null),   
(907006190, '蓄电池必填完整性核查.设备名称', 'CE_DEVICE_PE_BATTERY.zh_label', 907003511, 907002129 , 2, null, null, 'admin', 'admin', null),   
(907006191, '蓄电池必填完整性核查.设备编码', 'CE_DEVICE_PE_BATTERY.device_code', 907003511, 907002130 , 2, null, null, 'admin', 'admin', null),   
(907006192, '蓄电池必填完整性核查.设备型号', 'CE_DEVICE_PE_BATTERY.product_name', 907003511, 907002131 , 2, null, null, 'admin', 'admin', null),	   
(907006193, '蓄电池必填完整性核查.设备厂家', 'CE_DEVICE_PE_BATTERY.vendor_id', 907003511, 907002132 , 2, null, null, 'admin', 'admin', null),	   
(907006194, '蓄电池必填完整性核查.开始使用时间', 'CE_DEVICE_PE_BATTERY.start_time', 907003511, 907002137, 2, null, null, 'admin', 'admin', null),   
(907006195, '蓄电池必填完整性核查.预计报废时间', 'CE_DEVICE_PE_BATTERY.estimated_retirement_time', 907003511, 907002138, 2, null, null, 'admin', 'admin', null),
(907006196, '蓄电池必填完整性核查.使用状态', 'CE_DEVICE_PE_BATTERY.lifecycle_status', 907003511, 907002139, 2, null, null, 'admin', 'admin', null),   
(907006197, '蓄电池必填完整性核查.维护责任人', 'CE_DEVICE_PE_BATTERY.maintainor', 907003511, 907002140, 2, null, null, 'admin', 'admin', null),   
(907006198, '蓄电池必填完整性核查.数据质量责任人（移动）', 'CE_DEVICE_PE_BATTERY.qualitor', 907003511, 907002141, 2, null, null, 'admin', 'admin', null),  
(907006199, '蓄电池必填完整性核查.所属电源设备', 'CE_DEVICE_PE_BATTERY.ralated_power_device', 907003511, 907002133, 2, null, null, 'admin', 'admin', null),
(907006200, '蓄电池必填完整性核查.额定容量（AH）', 'CE_DEVICE_PE_BATTERY.reted_capacity', 907003511, 907002134, 2, null, null, 'admin', 'admin', null),
(907006201, '蓄电池必填完整性核查.单体电压等级（V）', 'CE_DEVICE_PE_BATTERY.cell_voltage_level', 907003511, 907002135, 2, null, null, 'admin', 'admin', null),
(907006202, '蓄电池必填完整性核查.组内单体总数（只）', 'CE_DEVICE_PE_BATTERY.total_monomers_number', 907003511, 907002136, 2, null, null, 'admin', 'admin', null),
--空调必填完整性核查 CE_DEVICE_PE_AIR
(907006203, '空调必填完整性核查.资源标识', 'CE_DEVICE_PE_AIR.int_id', 907003512, 907002142, 2, null, null, 'admin', 'admin', null),
(907006204, '空调必填完整性核查.所属站点', 'CE_DEVICE_PE_AIR.related_site', 907003512, 907002146, 2, null, null, 'admin', 'admin', null),
(907006205, '空调必填完整性核查.所属机房', 'CE_DEVICE_PE_AIR.related_room', 907003512, 907002147, 2, null, null, 'admin', 'admin', null),
(907006206, '空调必填完整性核查.设备类型', 'CE_DEVICE_PE_AIR.device_type', 907003512, 907002148 , 2, null, null, 'admin', 'admin', null),
(907006207, '空调必填完整性核查.设备子类', 'CE_DEVICE_PE_AIR.device_subclass', 907003512, 907002149 , 2, null, null, 'admin', 'admin', null),   
(907006208, '空调必填完整性核查.设备名称', 'CE_DEVICE_PE_AIR.zh_label', 907003512, 907002150 , 2, null, null, 'admin', 'admin', null),   
(907006209, '空调必填完整性核查.设备编码', 'CE_DEVICE_PE_AIR.device_code', 907003512, 907002151 , 2, null, null, 'admin', 'admin', null),	   
(907006210, '空调必填完整性核查.设备型号', 'CE_DEVICE_PE_AIR.product_name', 907003512, 907002152 , 2, null, null, 'admin', 'admin', null),   
(907006211, '空调必填完整性核查.设备厂家', 'CE_DEVICE_PE_AIR.vendor_id', 907003512, 907002153 , 2, null, null, 'admin', 'admin', null),   
(907006212, '空调必填完整性核查.开始使用时间', 'CE_DEVICE_PE_AIR.start_time', 907003512, 907002157, 2, null, null, 'admin', 'admin', null),   
(907006213, '空调必填完整性核查.预计报废时间', 'CE_DEVICE_PE_AIR.estimated_retirement_time', 907003512, 907002158, 2, null, null, 'admin', 'admin', null),
(907006214, '空调必填完整性核查.使用状态', 'CE_DEVICE_PE_AIR.lifecycle_status', 907003512, 907002159, 2, null, null, 'admin', 'admin', null),	   
(907006215, '空调必填完整性核查.维护责任人', 'CE_DEVICE_PE_AIR.maintainor', 907003512, 907002160, 2, null, null, 'admin', 'admin', null), 
(907006216, '空调必填完整性核查.数据质量责任人（移动）', 'CE_DEVICE_PE_AIR.qualitor', 907003512, 907002161, 2, null, null, 'admin', 'admin', null),  
(907006217, '空调必填完整性核查.额定制冷量（KW）', 'CE_DEVICE_PE_AIR.rated_cooling_capacity', 907003512, 907002154, 2, null, null, 'admin', 'admin', null),
(907006218, '空调必填完整性核查.额定输入功率（W）', 'CE_DEVICE_PE_AIR.rated_input_power', 907003512, 907002155, 2, null, null, 'admin', 'admin', null),
(907006219, '空调必填完整性核查.额定工作电压（V）', 'CE_DEVICE_PE_AIR.rated_operating_voltage', 907003512, 907002156, 2, null, null, 'admin', 'admin', null),
--节能设备必填完整性核查 CE_DEVICE_PE_ENERY_SAVE
(907006220, '节能设备必填完整性核查.资源标识', 'CE_DEVICE_PE_ENERY_SAVE.int_id', 907003513, 907002162, 2, null, null, 'admin', 'admin', null),
(907006221, '节能设备必填完整性核查.所属站点', 'CE_DEVICE_PE_ENERY_SAVE.related_site', 907003513, 907002166, 2, null, null, 'admin', 'admin', null),
(907006222, '节能设备必填完整性核查.所属机房', 'CE_DEVICE_PE_ENERY_SAVE.related_room', 907003513, 907002167, 2, null, null, 'admin', 'admin', null),
(907006223, '节能设备必填完整性核查.设备类型', 'CE_DEVICE_PE_ENERY_SAVE.device_type', 907003513, 907002168 , 2, null, null, 'admin', 'admin', null),
(907006224, '节能设备必填完整性核查.设备子类', 'CE_DEVICE_PE_ENERY_SAVE.device_subclass', 907003513, 907002169 , 2, null, null, 'admin', 'admin', null),	   
(907006225, '节能设备必填完整性核查.设备名称', 'CE_DEVICE_PE_ENERY_SAVE.zh_label', 907003513, 907002170 , 2, null, null, 'admin', 'admin', null),	   
(907006226, '节能设备必填完整性核查.设备编码', 'CE_DEVICE_PE_ENERY_SAVE.device_code', 907003513, 907002171 , 2, null, null, 'admin', 'admin', null),   
(907006227, '节能设备必填完整性核查.设备型号', 'CE_DEVICE_PE_ENERY_SAVE.product_name', 907003513, 907002172 , 2, null, null, 'admin', 'admin', null),	   
(907006228, '节能设备必填完整性核查.设备厂家', 'CE_DEVICE_PE_ENERY_SAVE.vendor_id', 907003513, 907002173 , 2, null, null, 'admin', 'admin', null),   
(907006229, '节能设备必填完整性核查.开始使用时间', 'CE_DEVICE_PE_ENERY_SAVE.start_time', 907003513, 907002186, 2, null, null, 'admin', 'admin', null),   
(907006230, '节能设备必填完整性核查.预计报废时间', 'CE_DEVICE_PE_ENERY_SAVE.estimated_retirement_time', 907003513, 907002187, 2, null, null, 'admin', 'admin', null),
(907006231, '节能设备必填完整性核查.使用状态', 'CE_DEVICE_PE_ENERY_SAVE.lifecycle_status', 907003513, 907002188, 2, null, null, 'admin', 'admin', null),	   
(907006232, '节能设备必填完整性核查.维护责任人', 'CE_DEVICE_PE_ENERY_SAVE.maintainor', 907003513, 907002189, 2, null, null, 'admin', 'admin', null),		   
(907006233, '节能设备必填完整性核查.数据质量责任人（移动）', 'CE_DEVICE_PE_ENERY_SAVE.qualitor', 907003513, 907002190, 2, null, null, 'admin', 'admin', null),
(907006234, '节能设备必填完整性核查.额定制冷量（KW）', 'CE_DEVICE_PE_ENERY_SAVE.rated_cooling_capacity', 907003513, 907002174, 2, null, null, 'admin', 'admin', null),
(907006235, '节能设备必填完整性核查.额定输入功率（KW）', 'CE_DEVICE_PE_ENERY_SAVE.rated_input_power', 907003513, 907002175, 2, null, null, 'admin', 'admin', null),
(907006236, '节能设备必填完整性核查.额定工作电压（V）', 'CE_DEVICE_PE_ENERY_SAVE.rated_operating_voltage', 907003513, 907002176, 2, null, null, 'admin', 'admin', null),
--动环监控必填完整性核查 CE_DEVICE_PE_POWER_MONITOR
(907006237, '动环监控必填完整性核查.资源标识', 'CE_DEVICE_PE_POWER_MONITOR.int_id', 907003514, 907002191, 2, null, null, 'admin', 'admin', null),
(907006238, '动环监控必填完整性核查.所属站点', 'CE_DEVICE_PE_POWER_MONITOR.related_site', 907003514, 907002195, 2, null, null, 'admin', 'admin', null),
(907006239, '动环监控必填完整性核查.所属机房', 'CE_DEVICE_PE_POWER_MONITOR.related_room', 907003514, 907002196, 2, null, null, 'admin', 'admin', null),
(907006240, '动环监控必填完整性核查.设备类型', 'CE_DEVICE_PE_POWER_MONITOR.device_type', 907003514, 907002197 , 2, null, null, 'admin', 'admin', null),
(907006241, '动环监控必填完整性核查.设备子类', 'CE_DEVICE_PE_POWER_MONITOR.device_subclass', 907003514, 907002198 , 2, null, null, 'admin', 'admin', null),  
(907006242, '动环监控必填完整性核查.设备名称', 'CE_DEVICE_PE_POWER_MONITOR.zh_label', 907003514, 907002199 , 2, null, null, 'admin', 'admin', null),
(907006243, '动环监控必填完整性核查.设备编码', 'CE_DEVICE_PE_POWER_MONITOR.device_code', 907003514, 907002200 , 2, null, null, 'admin', 'admin', null),
(907006244, '动环监控必填完整性核查.设备型号', 'CE_DEVICE_PE_POWER_MONITOR.product_name', 907003514, 907002201 , 2, null, null, 'admin', 'admin', null),
(907006245, '动环监控必填完整性核查.设备厂家', 'CE_DEVICE_PE_POWER_MONITOR.vendor_id', 907003514, 907002202 , 2, null, null, 'admin', 'admin', null),
(907006246, '动环监控必填完整性核查.开始使用时间', 'CE_DEVICE_PE_POWER_MONITOR.start_time', 907003514, 907002203, 2, null, null, 'admin', 'admin', null),
(907006247, '动环监控必填完整性核查.预计报废时间', 'CE_DEVICE_PE_POWER_MONITOR.estimated_retirement_time', 907003514, 907002204, 2, null, null, 'admin', 'admin', null),
(907006248, '动环监控必填完整性核查.使用状态', 'CE_DEVICE_PE_POWER_MONITOR.lifecycle_status', 907003514, 907002205, 2, null, null, 'admin', 'admin', null),
(907006249, '动环监控必填完整性核查.维护责任人', 'CE_DEVICE_PE_POWER_MONITOR.maintainor', 907003514, 907002206, 2, null, null, 'admin', 'admin', null),
(907006250, '动环监控必填完整性核查.数据质量责任人（移动）', 'CE_DEVICE_PE_POWER_MONITOR.qualitor', 907003514, 907002207, 2, null, null, 'admin', 'admin', null),
--智能电表必填完整性核查 CE_DEVICE_PE_SMART_METER
(907006251, '智能电表必填完整性核查.资源标识', 'CE_DEVICE_PE_SMART_METER.int_id', 907003515, 907002208, 2, null, null, 'admin', 'admin', null),
(907006252, '智能电表必填完整性核查.所属站点', 'CE_DEVICE_PE_SMART_METER.related_site', 907003515, 907002212, 2, null, null, 'admin', 'admin', null),
(907006253, '智能电表必填完整性核查.所属机房', 'CE_DEVICE_PE_SMART_METER.related_room', 907003515, 907002213, 2, null, null, 'admin', 'admin', null),
(907006254, '智能电表必填完整性核查.设备类型', 'CE_DEVICE_PE_SMART_METER.device_type', 907003515, 907002214 , 2, null, null, 'admin', 'admin', null),
(907006255, '智能电表必填完整性核查.设备子类', 'CE_DEVICE_PE_SMART_METER.device_subclass', 907003515, 907002215 , 2, null, null, 'admin', 'admin', null), 
(907006256, '智能电表必填完整性核查.设备名称', 'CE_DEVICE_PE_SMART_METER.zh_label', 907003515, 907002216 , 2, null, null, 'admin', 'admin', null), 
(907006257, '智能电表必填完整性核查.设备编码', 'CE_DEVICE_PE_SMART_METER.device_code', 907003515, 907002217 , 2, null, null, 'admin', 'admin', null),
(907006258, '智能电表必填完整性核查.设备型号', 'CE_DEVICE_PE_SMART_METER.product_name', 907003515, 907002218 , 2, null, null, 'admin', 'admin', null),
(907006259, '智能电表必填完整性核查.设备厂家', 'CE_DEVICE_PE_SMART_METER.vendor_id', 907003515, 907002219 , 2, null, null, 'admin', 'admin', null),
(907006260, '智能电表必填完整性核查.开始使用时间', 'CE_DEVICE_PE_SMART_METER.start_time', 907003515, 907002221, 2, null, null, 'admin', 'admin', null),
(907006261, '智能电表必填完整性核查.预计报废时间', 'CE_DEVICE_PE_SMART_METER.estimated_retirement_time', 907003515, 907002222, 2, null, null, 'admin', 'admin', null),
(907006262, '智能电表必填完整性核查.使用状态', 'CE_DEVICE_PE_SMART_METER.lifecycle_status', 907003515, 907002223, 2, null, null, 'admin', 'admin', null),
(907006263, '智能电表必填完整性核查.维护责任人', 'CE_DEVICE_PE_SMART_METER.maintainor', 907003515, 907002224, 2, null, null, 'admin', 'admin', null),
(907006264, '智能电表必填完整性核查.数据质量责任人（移动）', 'CE_DEVICE_PE_SMART_METER.qualitor', 907003515, 907002225, 2, null, null, 'admin', 'admin', null),
(907006265, '智能电表必填完整性核查.电表回路数（路）', 'CE_DEVICE_PE_SMART_METER.meter_circuit_number', 907003515, 907002220, 2, null, null, 'admin', 'admin', null),
--其他设备必填完整性核查 CE_DEVICE_PE_OTHER
(907006266, '其他设备必填完整性核查.资源标识', 'CE_DEVICE_PE_OTHER.int_id', 907003516, 907002277, 2, null, null, 'admin', 'admin', null),
(907006267, '其他设备必填完整性核查.所属站点', 'CE_DEVICE_PE_OTHER.related_site', 907003516, 907002281, 2, null, null, 'admin', 'admin', null),
(907006268, '其他设备必填完整性核查.所属机房', 'CE_DEVICE_PE_OTHER.related_room', 907003516, 907002282, 2, null, null, 'admin', 'admin', null),
(907006269, '其他设备必填完整性核查.设备类型', 'CE_DEVICE_PE_OTHER.device_type', 907003516, 907002283 , 2, null, null, 'admin', 'admin', null),
(907006270, '其他设备必填完整性核查.设备子类', 'CE_DEVICE_PE_OTHER.device_subclass', 907003516, 907002284 , 2, null, null, 'admin', 'admin', null),
(907006271, '其他设备必填完整性核查.设备名称', 'CE_DEVICE_PE_OTHER.zh_label', 907003516, 907002285 , 2, null, null, 'admin', 'admin', null),
(907006272, '其他设备必填完整性核查.设备编码', 'CE_DEVICE_PE_OTHER.device_code', 907003516, 907002286 , 2, null, null, 'admin', 'admin', null),
(907006273, '其他设备必填完整性核查.设备型号', 'CE_DEVICE_PE_OTHER.product_name', 907003516, 907002287 , 2, null, null, 'admin', 'admin', null),
(907006274, '其他设备必填完整性核查.设备厂家', 'CE_DEVICE_PE_OTHER.vendor_id', 907003516, 907002288 , 2, null, null, 'admin', 'admin', null), 
(907006275, '其他设备必填完整性核查.开始使用时间', 'CE_DEVICE_PE_OTHER.start_time', 907003516, 907002289, 2, null, null, 'admin', 'admin', null),
(907006276, '其他设备必填完整性核查.预计报废时间', 'CE_DEVICE_PE_OTHER.estimated_retirement_time', 907003516, 907002290, 2, null, null, 'admin', 'admin', null),
(907006277, '其他设备必填完整性核查.使用状态', 'CE_DEVICE_PE_OTHER.lifecycle_status', 907003516, 907002291, 2, null, null, 'admin', 'admin', null), 
(907006278, '其他设备必填完整性核查.维护责任人', 'CE_DEVICE_PE_OTHER.maintainor', 907003516, 907002292, 2, null, null, 'admin', 'admin', null), 
(907006279, '其他设备必填完整性核查.数据质量责任人（移动）', 'CE_DEVICE_PE_OTHER.qualitor', 907003516, 907002293, 2, null, null, 'admin', 'admin', null),
--高压配电系统必填完整性核查 CE_NET_PE_HIGH_DISTRIBUTION
(907006280, '高压配电系统必填完整性核查.资源标识', 'CE_NET_PE_HIGH_DISTRIBUTION.int_id', 907003517, 907001868, 2, null, null, 'admin', 'admin', null),
(907006281, '高压配电系统必填完整性核查.所属站点', 'CE_NET_PE_HIGH_DISTRIBUTION.related_site', 907003517, 907001872, 2, null, null, 'admin', 'admin', null),
(907006282, '高压配电系统必填完整性核查.所属机房', 'CE_NET_PE_HIGH_DISTRIBUTION.related_room', 907003517, 907001873, 2, null, null, 'admin', 'admin', null),
(907006283, '高压配电系统必填完整性核查.系统类型', 'CE_NET_PE_HIGH_DISTRIBUTION.system_type', 907003517, 907001874 , 2, null, null, 'admin', 'admin', null),
(907006284, '高压配电系统必填完整性核查.系统名称', 'CE_NET_PE_HIGH_DISTRIBUTION.zh_label', 907003517, 907001875 , 2, null, null, 'admin', 'admin', null),
(907006285, '高压配电系统必填完整性核查.系统编码', 'CE_NET_PE_HIGH_DISTRIBUTION.system_code', 907003517, 907001876 , 2, null, null, 'admin', 'admin', null),		   		   
(907006286, '高压配电系统必填完整性核查.使用状态', 'CE_NET_PE_HIGH_DISTRIBUTION.lifecycle_status', 907003517, 907001878, 2, null, null, 'admin', 'admin', null),	   
(907006287, '高压配电系统必填完整性核查.数据质量责任人（移动）', 'CE_NET_PE_HIGH_DISTRIBUTION.qualitor', 907003517, 907001879, 2, null, null, 'admin', 'admin', null),
(907006288, '高压配电系统必填完整性核查.系统额定容量(A)', 'CE_NET_PE_HIGH_DISTRIBUTION.system_rated_capacity', 907003517, 907001877 , 2, null, null, 'admin', 'admin', null),
--高压直流电源系统必填完整性核查 CE_NET_PE_HIGH_POWER
(907006289, '高压直流电源系统必填完整性核查.资源标识', 'CE_NET_PE_HIGH_POWER.int_id', 907003518, 907001899, 2, null, null, 'admin', 'admin', null),
(907006290, '高压直流电源系统必填完整性核查.所属站点', 'CE_NET_PE_HIGH_POWER.related_site', 907003518, 907001903, 2, null, null, 'admin', 'admin', null),
(907006291, '高压直流电源系统必填完整性核查.所属机房', 'CE_NET_PE_HIGH_POWER.related_room', 907003518, 907001904, 2, null, null, 'admin', 'admin', null),
(907006292, '高压直流电源系统必填完整性核查.系统类型', 'CE_NET_PE_HIGH_POWER.system_type', 907003518, 907001905 , 2, null, null, 'admin', 'admin', null),
(907006293, '高压直流电源系统必填完整性核查.系统名称', 'CE_NET_PE_HIGH_POWER.zh_label', 907003518, 907001906 , 2, null, null, 'admin', 'admin', null),
(907006294, '高压直流电源系统必填完整性核查.系统编码', 'CE_NET_PE_HIGH_POWER.system_code', 907003518, 907001907 , 2, null, null, 'admin', 'admin', null), 		   		   
(907006295, '高压直流电源系统必填完整性核查.使用状态', 'CE_NET_PE_HIGH_POWER.lifecycle_status', 907003518, 907001909, 2, null, null, 'admin', 'admin', null), 		   
(907006296, '高压直流电源系统必填完整性核查.数据质量责任人（移动）', 'CE_NET_PE_HIGH_POWER.qualitor', 907003518, 907001910, 2, null, null, 'admin', 'admin', null),
(907006297, '高压直流电源系统必填完整性核查.系统额定容量(A)', 'CE_NET_PE_HIGH_POWER.system_rated_capacity', 907003518, 907001908 , 2, null, null, 'admin', 'admin', null),
--低压配电系统必填完整性核查 CE_NET_PE_LOW_DISTRIBUTION
(907006298, '低压配电系统必填完整性核查.资源标识', 'CE_NET_PE_LOW_DISTRIBUTION.int_id', 907003519, 907001955, 2, null, null, 'admin', 'admin', null),
(907006299, '低压配电系统必填完整性核查.所属站点', 'CE_NET_PE_LOW_DISTRIBUTION.related_site', 907003519, 907001959, 2, null, null, 'admin', 'admin', null),
(907006300, '低压配电系统必填完整性核查.所属机房', 'CE_NET_PE_LOW_DISTRIBUTION.related_room', 907003519, 907001960, 2, null, null, 'admin', 'admin', null),
(907006301, '低压配电系统必填完整性核查.系统类型', 'CE_NET_PE_LOW_DISTRIBUTION.system_type', 907003519, 907001961 , 2, null, null, 'admin', 'admin', null),
(907006302, '低压配电系统必填完整性核查.系统名称', 'CE_NET_PE_LOW_DISTRIBUTION.zh_label', 907003519, 907001963 , 2, null, null, 'admin', 'admin', null),
(907006303, '低压配电系统必填完整性核查.系统编码', 'CE_NET_PE_LOW_DISTRIBUTION.system_code', 907003519, 907001964 , 2, null, null, 'admin', 'admin', null),	   		   
(907006304, '低压配电系统必填完整性核查.使用状态', 'CE_NET_PE_LOW_DISTRIBUTION.lifecycle_status', 907003519, 907001966, 2, null, null, 'admin', 'admin', null),		   
(907006305, '低压配电系统必填完整性核查.数据质量责任人（移动）', 'CE_NET_PE_LOW_DISTRIBUTION.qualitor', 907003519, 907001967, 2, null, null, 'admin', 'admin', null),
(907006306, '低压配电系统必填完整性核查.系统额定容量(A)', 'CE_NET_PE_LOW_DISTRIBUTION.system_rated_capacity', 907003519, 907001965 , 2, null, null, 'admin', 'admin', null),
--发电系统必填完整性核查 CE_NET_PE_SWITCH_POWER
(907006307, '发电系统必填完整性核查.资源标识', 'CE_NET_PE_SWITCH_POWER.int_id', 907003520, 907001991, 2, null, null, 'admin', 'admin', null),
(907006308, '发电系统必填完整性核查.所属站点', 'CE_NET_PE_SWITCH_POWER.related_site', 907003520, 907001995, 2, null, null, 'admin', 'admin', null),
(907006309, '发电系统必填完整性核查.所属机房', 'CE_NET_PE_SWITCH_POWER.related_room', 907003520, 907001996, 2, null, null, 'admin', 'admin', null),
(907006310, '发电系统必填完整性核查.系统类型', 'CE_NET_PE_SWITCH_POWER.system_type', 907003520, 907001997 , 2, null, null, 'admin', 'admin', null),
(907006311, '发电系统必填完整性核查.系统名称', 'CE_NET_PE_SWITCH_POWER.zh_label', 907003520, 907001999 , 2, null, null, 'admin', 'admin', null), 
(907006312, '发电系统必填完整性核查.系统编码', 'CE_NET_PE_SWITCH_POWER.system_code', 907003520, 907002000 , 2, null, null, 'admin', 'admin', null),	   		   
(907006313, '发电系统必填完整性核查.使用状态', 'CE_NET_PE_SWITCH_POWER.lifecycle_status', 907003520, 907002002, 2, null, null, 'admin', 'admin', null),	   
(907006314, '发电系统必填完整性核查.数据质量责任人（移动）', 'CE_NET_PE_SWITCH_POWER.qualitor', 907003520, 907002003, 2, null, null, 'admin', 'admin', null),
(907006315, '发电系统必填完整性核查.系统额定容量(KW)', 'CE_NET_PE_SWITCH_POWER.system_rated_capacity', 907003520, 907002001 , 2, null, null, 'admin', 'admin', null),
--开关电源系统必填完整性核查 CE_NET_PE_OPEN_POWER
(907006316, '开关电源系统必填完整性核查.资源标识', 'CE_NET_PE_OPEN_POWER.int_id', 907003521, 907002029, 2, null, null, 'admin', 'admin', null),
(907006317, '开关电源系统必填完整性核查.所属站点', 'CE_NET_PE_OPEN_POWER.related_site', 907003521, 907002033, 2, null, null, 'admin', 'admin', null),
(907006318, '开关电源系统必填完整性核查.所属机房', 'CE_NET_PE_OPEN_POWER.related_room', 907003521, 907002034, 2, null, null, 'admin', 'admin', null),
(907006319, '开关电源系统必填完整性核查.系统类型', 'CE_NET_PE_OPEN_POWER.system_type', 907003521, 907002035 , 2, null, null, 'admin', 'admin', null),
(907006320, '开关电源系统必填完整性核查.系统名称', 'CE_NET_PE_OPEN_POWER.zh_label', 907003521, 907002037 , 2, null, null, 'admin', 'admin', null), 
(907006321, '开关电源系统必填完整性核查.系统编码', 'CE_NET_PE_OPEN_POWER.system_code', 907003521, 907002038 , 2, null, null, 'admin', 'admin', null), 		   		   
(907006322, '开关电源系统必填完整性核查.使用状态', 'CE_NET_PE_OPEN_POWER.lifecycle_status', 907003521, 907002040, 2, null, null, 'admin', 'admin', null), 		   
(907006323, '开关电源系统必填完整性核查.数据质量责任人（移动）', 'CE_NET_PE_OPEN_POWER.qualitor', 907003521, 907002041, 2, null, null, 'admin', 'admin', null),
(907006324, '开关电源系统必填完整性核查.系统额定容量(A)', 'CE_NET_PE_OPEN_POWER.system_rated_capacity', 907003521, 907002039 , 2, null, null, 'admin', 'admin', null),
--UPS系统必填完整性核查 CE_NET_PE_UPS
(907006325, 'UPS系统必填完整性核查.资源标识', 'CE_NET_PE_UPS.int_id', 907003522, 907002086, 2, null, null, 'admin', 'admin', null),
(907006326, 'UPS系统必填完整性核查.所属站点', 'CE_NET_PE_UPS.related_site', 907003522, 907002090, 2, null, null, 'admin', 'admin', null),
(907006327, 'UPS系统必填完整性核查.所属机房', 'CE_NET_PE_UPS.related_room', 907003522, 907002091, 2, null, null, 'admin', 'admin', null),
(907006328, 'UPS系统必填完整性核查.系统类型', 'CE_NET_PE_UPS.system_type', 907003522, 907002092 , 2, null, null, 'admin', 'admin', null),
(907006329, 'UPS系统必填完整性核查.系统名称', 'CE_NET_PE_UPS.zh_label', 907003522, 907002094 , 2, null, null, 'admin', 'admin', null), 
(907006330, 'UPS系统必填完整性核查.系统编码', 'CE_NET_PE_UPS.system_code', 907003522, 907002095 , 2, null, null, 'admin', 'admin', null),  		   		   
(907006331, 'UPS系统必填完整性核查.使用状态', 'CE_NET_PE_UPS.lifecycle_status', 907003522, 907002099, 2, null, null, 'admin', 'admin', null),		   
(907006332, 'UPS系统必填完整性核查.数据质量责任人（移动）', 'CE_NET_PE_UPS.qualitor', 907003522, 907002100, 2, null, null, 'admin', 'admin', null),
(907006333, 'UPS系统必填完整性核查.系统额定容量(KVA)', 'CE_NET_PE_UPS.system_rated_capacity', 907003522, 907002096 , 2, null, null, 'admin', 'admin', null),
(907006334, 'UPS系统必填完整性核查.工作方式', 'CE_NET_PE_UPS.work_method', 907003522, 907002097 , 2, null, null, 'admin', 'admin', null),
(907006335, 'UPS系统必填完整性核查.母线类型', 'CE_NET_PE_UPS.bus_type', 907003522, 907002098 , 2, null, null, 'admin', 'admin', null),
--动环专业内输出分路必填完整性核查 CE_LINK_PE_IN
(907006336, '动环专业内输出分路必填完整性核查.资源标识', 'CE_LINK_PE_IN.int_id', 907003523, 907002226, 2, null, null, 'admin', 'admin', null),
(907006337, '动环专业内输出分路必填完整性核查.所属站点', 'CE_LINK_PE_IN.related_site', 907003523, 907002230, 2, null, null, 'admin', 'admin', null),
(907006338, '动环专业内输出分路必填完整性核查.所属机房', 'CE_LINK_PE_IN.related_room', 907003523, 907002231, 2, null, null, 'admin', 'admin', null),
(907006339, '动环专业内输出分路必填完整性核查.所属设备类型', 'CE_LINK_PE_IN.related_device_type', 907003523, 907002233 , 2, null, null, 'admin', 'admin', null),
(907006340, '动环专业内输出分路必填完整性核查.所属设备', 'CE_LINK_PE_IN.related_device', 907003523, 907002234 , 2, null, null, 'admin', 'admin', null), 
(907006341, '动环专业内输出分路必填完整性核查.分路类型', 'CE_LINK_PE_IN.branch_type', 907003523, 907002235 , 2, null, null, 'admin', 'admin', null),		   		   
(907006342, '动环专业内输出分路必填完整性核查.分路类型缩写', 'CE_LINK_PE_IN.branch_type_abbreviation', 907003523, 907002236, 2, null, null, 'admin', 'admin', null),		   
(907006343, '动环专业内输出分路必填完整性核查.分路顺序号', 'CE_LINK_PE_IN.branch_number', 907003523, 907002237, 2, null, null, 'admin', 'admin', null),
(907006344, '动环专业内输出分路必填完整性核查.分路主备', 'CE_LINK_PE_IN.branch_active_standby', 907003523, 907002238 , 2, null, null, 'admin', 'admin', null),
(907006345, '动环专业内输出分路必填完整性核查.使用状态', 'CE_LINK_PE_IN.lifecycle_status', 907003523, 907002240 , 2, null, null, 'admin', 'admin', null),
(907006346, '动环专业内输出分路必填完整性核查.分路名称', 'CE_LINK_PE_IN.branch_name', 907003523, 907002241 , 2, null, null, 'admin', 'admin', null),
(907006347, '动环专业内输出分路必填完整性核查.分路器件额定容量（A）', 'CE_LINK_PE_IN.branch_rated_capacity', 907003523, 907002239 , 2, null, null, 'admin', 'admin', null),
(907006348, '动环专业内输出分路必填完整性核查.下游分路名称', 'CE_LINK_PE_IN.down_branch_name', 907003523, 907002244 , 2, null, null, 'admin', 'admin', null),
(907006349, '动环专业内输出分路必填完整性核查.下游设备类型', 'CE_LINK_PE_IN.down_device_type', 907003523, 907002245, 2, null, null, 'admin', 'admin', null),
(907006350, '动环专业内输出分路必填完整性核查.下游分路类型', 'CE_LINK_PE_IN.down_branch_type', 907003523, 907002246, 2, null, null, 'admin', 'admin', null),
(907006351, '动环专业内输出分路必填完整性核查.下游分路类型缩写', 'CE_LINK_PE_IN.down_branch_type_abbreviation', 907003523, 907002247, 2, null, null, 'admin', 'admin', null),
(907006352, '动环专业内输出分路必填完整性核查.下游分路顺序号', 'CE_LINK_PE_IN.down_branch_number', 907003523, 907002248 , 2, null, null, 'admin', 'admin', null),
(907006353, '动环专业内输出分路必填完整性核查.下游分路器件额定容量（A）', 'CE_LINK_PE_IN.down_branch_rated_capacity', 907003523, 907002249 , 2, null, null, 'admin', 'admin', null),
(907006354, '动环专业内输出分路必填完整性核查.下游分路主备', 'CE_LINK_PE_IN.down_branch_active_standby', 907003523, 907002250 , 2, null, null, 'admin', 'admin', null),
(907006355, '动环专业内输出分路必填完整性核查.下游使用状态', 'CE_LINK_PE_IN.down_use_status', 907003523, 907002251 , 2, null, null, 'admin', 'admin', null),
(907006356, '动环专业内输出分路必填完整性核查.数据质量责任人（移动）', 'CE_LINK_PE_IN.qualitor', 907003523, 907002252 , 2, null, null, 'admin', 'admin', null),
--跨专业输出分路必填完整性核查 CE_LINK_PE_OUT
(907006357, '跨专业输出分路必填完整性核查.资源标识', 'CE_LINK_PE_OUT.int_id', 907003524, 907002253, 2, null, null, 'admin', 'admin', null),
(907006358, '跨专业输出分路必填完整性核查.所属站点', 'CE_LINK_PE_OUT.related_site', 907003524, 907002257, 2, null, null, 'admin', 'admin', null),
(907006359, '跨专业输出分路必填完整性核查.所属机房', 'CE_LINK_PE_OUT.related_room', 907003524, 907002258, 2, null, null, 'admin', 'admin', null),
(907006360, '跨专业输出分路必填完整性核查.所属设备类型', 'CE_LINK_PE_OUT.related_device_type', 907003524, 907002260 , 2, null, null, 'admin', 'admin', null),
(907006361, '跨专业输出分路必填完整性核查.所属设备', 'CE_LINK_PE_OUT.related_device', 907003524, 907002261 , 2, null, null, 'admin', 'admin', null),
(907006362, '跨专业输出分路必填完整性核查.分路类型', 'CE_LINK_PE_OUT.branch_type', 907003524, 907002262 , 2, null, null, 'admin', 'admin', null),		   		   
(907006363, '跨专业输出分路必填完整性核查.分路类型缩写', 'CE_LINK_PE_OUT.branch_type_abbreviation', 907003524, 907002263, 2, null, null, 'admin', 'admin', null),		   
(907006364, '跨专业输出分路必填完整性核查.分路顺序号', 'CE_LINK_PE_OUT.branch_number', 907003524, 907002264, 2, null, null, 'admin', 'admin', null),
(907006365, '跨专业输出分路必填完整性核查.分路主备', 'CE_LINK_PE_OUT.branch_active_standby', 907003524, 907002265 , 2, null, null, 'admin', 'admin', null),
(907006366, '跨专业输出分路必填完整性核查.使用状态', 'CE_LINK_PE_OUT.lifecycle_status', 907003524, 907002266 , 2, null, null, 'admin', 'admin', null),
(907006367, '跨专业输出分路必填完整性核查.分路名称', 'CE_LINK_PE_OUT.branch_name', 907003524, 907002267 , 2, null, null, 'admin', 'admin', null),
(907006368, '跨专业输出分路必填完整性核查.分路器件额定容量（A）', 'CE_LINK_PE_OUT.branch_rated_capacity', 907003524, 907002270 , 2, null, null, 'admin', 'admin', null),
(907006369, '跨专业输出分路必填完整性核查.下游设备类型', 'CE_LINK_PE_OUT.down_device_type', 907003524, 907002269 , 2, null, null, 'admin', 'admin', null),
(907006370, '跨专业输出分路必填完整性核查.专业类型', 'CE_LINK_PE_OUT.major_type', 907003524, 907002272, 2, null, null, 'admin', 'admin', null),
(907006371, '跨专业输出分路必填完整性核查.下游设备所在机架位置', 'CE_LINK_PE_OUT.down_device_related_rack', 907003524, 907002273, 2, null, null, 'admin', 'admin', null),
(907006372, '跨专业输出分路必填完整性核查.机架内开关顺序号', 'CE_LINK_PE_OUT.rack_switch_name', 907003524, 907002274, 2, null, null, 'admin', 'admin', null),
(907006373, '跨专业输出分路必填完整性核查.下游负载名称加载功率', 'CE_LINK_PE_OUT.down_device_power', 907003524, 907002275 , 2, null, null, 'admin', 'admin', null),
(907006374, '跨专业输出分路必填完整性核查.数据质量责任人（移动）', 'CE_LINK_PE_OUT.qualitor', 907003524, 907002276 , 2, null, null, 'admin', 'admin', null),
--位置点动环属性必填完整性核查 RM_SITE_PROPERTY
(907006375, '位置点动环属性必填完整性核查.资源标识', 'RM_SITE_PROPERTY.int_id', 907003525, 907001801, 2, null, null, 'admin', 'admin', null),
(907006376, '位置点动环属性必填完整性核查.站点名称', 'RM_SITE_PROPERTY.zh_label', 907003525, 907001805, 2, null, null, 'admin', 'admin', null),
(907006377, '位置点动环属性必填完整性核查.动环专业站点级别', 'RM_SITE_PROPERTY.power_site_level', 907003525, 907001806, 2, null, null, 'admin', 'admin', null),
(907006378, '位置点动环属性必填完整性核查.市电备份方式', 'RM_SITE_PROPERTY.mains_backup_method', 907003525, 907001807 , 2, null, null, 'admin', 'admin', null),
(907006379, '位置点动环属性必填完整性核查.市电是否来自不同变电站', 'RM_SITE_PROPERTY.power_is_substations', 907003525, 907001808 , 2, null, null, 'admin', 'admin', null),   
(907006380, '位置点动环属性必填完整性核查.市电电压等级', 'RM_SITE_PROPERTY.mains_voltage_level', 907003525, 907001809 , 2, null, null, 'admin', 'admin', null),   		   		   
(907006381, '位置点动环属性必填完整性核查.市电性质', 'RM_SITE_PROPERTY.mains_nature', 907003525, 907001810, 2, null, null, 'admin', 'admin', null),   		   
(907006382, '位置点动环属性必填完整性核查.产权单位', 'RM_SITE_PROPERTY.property_unit', 907003525, 907001815, 2, null, null, 'admin', 'admin', null),
--机房动环属性必填完整性核查 RM_ROOM_PROPERTY
(907006383, '机房动环属性必填完整性核查.资源标识', 'RM_ROOM_PROPERTY.int_id', 907003526, 907001817, 2, null, null, 'admin', 'admin', null),
(907006384, '机房动环属性必填完整性核查.机房名称', 'RM_ROOM_PROPERTY.zh_label', 907003526, 907001821, 2, null, null, 'admin', 'admin', null),
(907006385, '机房动环属性必填完整性核查.动环专业机房类型', 'RM_ROOM_PROPERTY.power_room_type', 907003526, 907001822, 2, null, null, 'admin', 'admin', null),  
(907006386, '机房动环属性必填完整性核查.所属站点', 'RM_ROOM_PROPERTY.power_related_site_name', 907003526, 907001823, 2, null, null, 'admin', 'admin', null),
--枚举值
(907006387, '变压器(设备类型)枚举值规范性核查', 'CE_DEVICE_PE_TRANSFORM.device_type', 907003530, 907001830, 1, null, null, 'admin', 'admin', null),
(907006388, '变压器(设备子类)枚举值规范性核查', 'CE_DEVICE_PE_TRANSFORM.device_subclass', 907003531, 907001831, 1, null, null, 'admin', 'admin', null),
(907006389, '变压器(设备型号)枚举值规范性核查', 'CE_DEVICE_PE_TRANSFORM.product_name', 907003532, 907001834, 1, null, null, 'admin', 'admin', null),
(907006390, '变压器(设备厂家)枚举值规范性核查', 'CE_DEVICE_PE_TRANSFORM.vendor_id', 907003533, 907001835, 1, null, null, 'admin', 'admin', null),
(907006391, '变压器(使用状态)枚举值规范性核查', 'CE_DEVICE_PE_TRANSFORM.lifecycle_status', 907003534, 907001842, 1, null, null, 'admin', 'admin', null),
(907006392, '变压器(输入额定电压（V）)枚举值规范性核查', 'CE_DEVICE_PE_TRANSFORM.input_rated_voltage', 907003535, 907001837, 1, null, null, 'admin', 'admin', null),
(907006393, '变压器(备份方式)枚举值规范性核查', 'CE_DEVICE_PE_TRANSFORM.backup_method', 907003536, 907001839, 1, null, null, 'admin', 'admin', null),
(907006394, '变换设备(设备类型)枚举值规范性核查', 'CE_DECIVE_PE_TRANSFORM_DEVICE.device_type', 907003537, 907001851, 1, null, null, 'admin', 'admin', null),
(907006395, '变换设备(设备子类)枚举值规范性核查', 'CE_DECIVE_PE_TRANSFORM_DEVICE.device_subclass', 907003538, 907001852, 1, null, null, 'admin', 'admin', null),
(907006396, '变换设备(设备型号)枚举值规范性核查', 'CE_DECIVE_PE_TRANSFORM_DEVICE.product_name', 907003539, 907001855, 1, null, null, 'admin', 'admin', null),
(907006397, '变换设备(设备厂家)枚举值规范性核查', 'CE_DECIVE_PE_TRANSFORM_DEVICE.vendor_id', 907003540, 907001856, 1, null, null, 'admin', 'admin', null),
(907006398, '变换设备(使用状态)枚举值规范性核查', 'CE_DECIVE_PE_TRANSFORM_DEVICE.lifecycle_status', 907003541, 907001865, 1, null, null, 'admin', 'admin', null),
(907006399, '变换设备(额定输入电压（V）)枚举值规范性核查', 'CE_DECIVE_PE_TRANSFORM_DEVICE.rated_input_voltage', 907003542, 907001857, 1, null, null, 'admin', 'admin', null),
(907006400, '变换设备(额定输出电压（V）)枚举值规范性核查', 'CE_DECIVE_PE_TRANSFORM_DEVICE.rated_output_voltage', 907003543, 907001858, 1, null, null, 'admin', 'admin', null),
(907006401, '变换设备(输出类型)枚举值规范性核查', 'CE_DECIVE_PE_TRANSFORM_DEVICE.output_type', 907003544, 907001859, 1, null, null, 'admin', 'admin', null),
(907006402, '高压配电(设备类型)枚举值规范性核查', 'CE_DEVICE_PE_HIGH_DISTRIBUTION.device_type', 907003545, 907001886, 1, null, null, 'admin', 'admin', null),
(907006403, '高压配电(设备子类)枚举值规范性核查', 'CE_DEVICE_PE_HIGH_DISTRIBUTION.device_subclass', 907003546, 907001887, 1, null, null, 'admin', 'admin', null),
(907006404, '高压配电(设备型号)枚举值规范性核查', 'CE_DEVICE_PE_HIGH_DISTRIBUTION.product_name', 907003547, 907001890, 1, null, null, 'admin', 'admin', null),
(907006405, '高压配电(设备厂家)枚举值规范性核查', 'CE_DEVICE_PE_HIGH_DISTRIBUTION.vendor_id', 907003548, 907001891, 1, null, null, 'admin', 'admin', null),
(907006406, '高压配电(使用状态)枚举值规范性核查', 'CE_DEVICE_PE_HIGH_DISTRIBUTION.lifecycle_status', 907003549, 907001896, 1, null, null, 'admin', 'admin', null),
(907006407, '高压直流电源(设备类型)枚举值规范性核查', 'CE_DEVICE_PE_HIGH_POWER.device_type', 907003550, 907001917, 1, null, null, 'admin', 'admin', null),
(907006408, '高压直流电源(设备子类)枚举值规范性核查', 'CE_DEVICE_PE_HIGH_POWER.device_subclass', 907003551, 907001918, 1, null, null, 'admin', 'admin', null),
(907006409, '高压直流电源(设备型号)枚举值规范性核查', 'CE_DEVICE_PE_HIGH_POWER.product_name', 907003552, 907001921, 1, null, null, 'admin', 'admin', null),
(907006410, '高压直流电源(设备厂家)枚举值规范性核查', 'CE_DEVICE_PE_HIGH_POWER.vendor_id', 907003553, 907001922, 1, null, null, 'admin', 'admin', null),
(907006411, '高压直流电源(使用状态)枚举值规范性核查', 'CE_DEVICE_PE_HIGH_POWER.lifecycle_status', 907003554, 907001931, 1, null, null, 'admin', 'admin', null),
(907006412, '高压直流电源(额定输出电压（V）)枚举值规范性核查', 'CE_DEVICE_PE_HIGH_POWER.rated_output_voltage', 907003555, 907001924, 1, null, null, 'admin', 'admin', null),
(907006413, '高压直流配电(设备类型)枚举值规范性核查', 'CE_DEVICE_PE_HIGH_DC_DISTRIBUTION.device_type', 907003556, 907001940, 1, null, null, 'admin', 'admin', null),
(907006414, '高压直流配电(设备子类)枚举值规范性核查', 'CE_DEVICE_PE_HIGH_DC_DISTRIBUTION.device_subclass', 907003557, 907001941, 1, null, null, 'admin', 'admin', null),
(907006415, '高压直流配电(设备型号)枚举值规范性核查', 'CE_DEVICE_PE_HIGH_DC_DISTRIBUTION.product_name', 907003558, 907001944, 1, null, null, 'admin', 'admin', null),
(907006416, '高压直流配电(设备厂家)枚举值规范性核查', 'CE_DEVICE_PE_HIGH_DC_DISTRIBUTION.vendor_id', 907003559, 907001945, 1, null, null, 'admin', 'admin', null),
(907006417, '高压直流配电(使用状态)枚举值规范性核查', 'CE_DEVICE_PE_HIGH_DC_DISTRIBUTION.lifecycle_status', 907003560, 907001952, 1, null, null, 'admin', 'admin', null),
(907006418, '低压交流配电(设备类型)枚举值规范性核查', 'CE_DEVICE_PE_LOW_AC_DISTRIBUTION.device_type', 907003561, 907001974, 1, null, null, 'admin', 'admin', null),
(907006419, '低压交流配电(设备子类)枚举值规范性核查', 'CE_DEVICE_PE_LOW_AC_DISTRIBUTION.device_subclass', 907003562, 907001975, 1, null, null, 'admin', 'admin', null),
(907006420, '低压交流配电(设备型号)枚举值规范性核查', 'CE_DEVICE_PE_LOW_AC_DISTRIBUTION.product_name', 907003563, 907001978, 1, null, null, 'admin', 'admin', null),
(907006421, '低压交流配电(设备厂家)枚举值规范性核查', 'CE_DEVICE_PE_LOW_AC_DISTRIBUTION.vendor_id', 907003564, 907001979, 1, null, null, 'admin', 'admin', null),
(907006422, '低压交流配电(使用状态)枚举值规范性核查', 'CE_DEVICE_PE_LOW_AC_DISTRIBUTION.lifecycle_status', 907003565, 907001988, 1, null, null, 'admin', 'admin', null),
(907006423, '低压交流配电(输入端口数（路）)枚举值规范性核查', 'CE_DEVICE_PE_LOW_AC_DISTRIBUTION.total_input_port', 907003566, 907001982, 1, null, null, 'admin', 'admin', null),
(907006424, '发电机组(设备类型)枚举值规范性核查', 'CE_DEVICE_PE_POWER_GENERATION.device_type', 907003567, 907002010, 1, null, null, 'admin', 'admin', null),
(907006425, '发电机组(设备子类)枚举值规范性核查', 'CE_DEVICE_PE_POWER_GENERATION.device_subclass', 907003568, 907002011, 1, null, null, 'admin', 'admin', null),
(907006426, '发电机组(设备型号)枚举值规范性核查', 'CE_DEVICE_PE_POWER_GENERATION.product_name', 907003569, 907002014, 1, null, null, 'admin', 'admin', null),
(907006427, '发电机组(设备厂家)枚举值规范性核查', 'CE_DEVICE_PE_POWER_GENERATION.vendor_id', 907003570, 907002015, 1, null, null, 'admin', 'admin', null),
(907006428, '发电机组(使用状态)枚举值规范性核查', 'CE_DEVICE_PE_POWER_GENERATION.lifecycle_status', 907003571, 907002026, 1, null, null, 'admin', 'admin', null),
(907006429, '发电机组(输出电压类型)枚举值规范性核查', 'CE_DEVICE_PE_POWER_GENERATION.output_voltage_type', 907003572, 907002018, 1, null, null, 'admin', 'admin', null),
(907006430, '发电机组(自启动功能)枚举值规范性核查', 'CE_DEVICE_PE_POWER_GENERATION.self_start_function', 907003573, 907002019, 1, null, null, 'admin', 'admin', null),
(907006431, '发电机组(冷却方式)枚举值规范性核查', 'CE_DEVICE_PE_POWER_GENERATION.cooling_method', 907003574, 907002020, 1, null, null, 'admin', 'admin', null),
(907006432, '发电机组(安装方式)枚举值规范性核查', 'CE_DEVICE_PE_POWER_GENERATION.installation_method', 907003575, 907002021, 1, null, null, 'admin', 'admin', null),
(907006433, '发电机组(备份方式)枚举值规范性核查', 'CE_DEVICE_PE_POWER_GENERATION.backup_method', 907003576, 907002022, 1, null, null, 'admin', 'admin', null),
(907006434, '开关电源(设备类型)枚举值规范性核查', 'CE_DEVICE_PE_SWITCH_POWER.device_type', 907003577, 907002048, 1, null, null, 'admin', 'admin', null),
(907006435, '开关电源(设备子类)枚举值规范性核查', 'CE_DEVICE_PE_SWITCH_POWER.device_subclass', 907003578, 907002049, 1, null, null, 'admin', 'admin', null),
(907006436, '开关电源(设备型号)枚举值规范性核查', 'CE_DEVICE_PE_SWITCH_POWER.product_name', 907003579, 907002052, 1, null, null, 'admin', 'admin', null),
(907006437, '开关电源(设备厂家)枚举值规范性核查', 'CE_DEVICE_PE_SWITCH_POWER.vendor_id', 907003580, 907002053, 1, null, null, 'admin', 'admin', null),
(907006438, '开关电源(使用状态)枚举值规范性核查', 'CE_DEVICE_PE_SWITCH_POWER.lifecycle_status', 907003581, 907002062, 1, null, null, 'admin', 'admin', null),
(907006439, '开关电源(额定输出电压（V）)枚举值规范性核查', 'CE_DEVICE_PE_SWITCH_POWER.rated_output_voltage', 907003582, 907002055, 1, null, null, 'admin', 'admin', null),
(907006440, '低压直流配(设备类型)枚举值规范性核查', 'CE_DEVICE_PE_LOW_DC_DISTRIBUTION.device_type', 907003583, 907002071, 1, null, null, 'admin', 'admin', null),
(907006441, '低压直流配(设备子类)枚举值规范性核查', 'CE_DEVICE_PE_LOW_DC_DISTRIBUTION.device_subclass', 907003584, 907002072, 1, null, null, 'admin', 'admin', null),
(907006442, '低压直流配(设备型号)枚举值规范性核查', 'CE_DEVICE_PE_LOW_DC_DISTRIBUTION.product_name', 907003585, 907002075, 1, null, null, 'admin', 'admin', null),
(907006443, '低压直流配(设备厂家)枚举值规范性核查', 'CE_DEVICE_PE_LOW_DC_DISTRIBUTION.vendor_id', 907003586, 907002076, 1, null, null, 'admin', 'admin', null),
(907006444, '低压直流配(使用状态)枚举值规范性核查', 'CE_DEVICE_PE_LOW_DC_DISTRIBUTION.lifecycle_status', 907003587, 907002083, 1, null, null, 'admin', 'admin', null),
(907006445, 'UPS(设备类型)枚举值规范性核查', 'CE_DEVICE_PE_UPS.device_type', 907003588, 907002107, 1, null, null, 'admin', 'admin', null),
(907006446, 'UPS(设备子类)枚举值规范性核查', 'CE_DEVICE_PE_UPS.device_subclass', 907003589, 907002108, 1, null, null, 'admin', 'admin', null),
(907006447, 'UPS(设备型号)枚举值规范性核查', 'CE_DEVICE_PE_UPS.product_name', 907003590, 907002111, 1, null, null, 'admin', 'admin', null),
(907006448, 'UPS(设备厂家)枚举值规范性核查', 'CE_DEVICE_PE_UPS.vendor_id', 907003591, 907002112, 1, null, null, 'admin', 'admin', null),
(907006449, 'UPS(使用状态)枚举值规范性核查', 'CE_DEVICE_PE_UPS.lifecycle_status', 907003592, 907002118, 1, null, null, 'admin', 'admin', null),
(907006450, 'UPS(额定输出电压（V）)枚举值规范性核查', 'CE_DEVICE_PE_UPS.rated_output_voltage', 907003593, 907002115, 1, null, null, 'admin', 'admin', null),
(907006451, '蓄电池(设备类型)枚举值规范性核查', 'CE_DEVICE_PE_BATTERY.device_type', 907003594, 907002127, 1, null, null, 'admin', 'admin', null),
(907006452, '蓄电池(设备子类)枚举值规范性核查', 'CE_DEVICE_PE_BATTERY.device_subclass', 907003595, 907002128, 1, null, null, 'admin', 'admin', null),
(907006453, '蓄电池(设备型号)枚举值规范性核查', 'CE_DEVICE_PE_BATTERY.product_name', 907003596, 907002131, 1, null, null, 'admin', 'admin', null),
(907006454, '蓄电池(设备厂家)枚举值规范性核查', 'CE_DEVICE_PE_BATTERY.vendor_id', 907003597, 907002132, 1, null, null, 'admin', 'admin', null),
(907006455, '蓄电池(使用状态)枚举值规范性核查', 'CE_DEVICE_PE_BATTERY.lifecycle_status', 907003598, 907002139, 1, null, null, 'admin', 'admin', null),
(907006456, '蓄电池(单体电压等级（V）)枚举值规范性核查', 'CE_DEVICE_PE_BATTERY.rated_output_voltage', 907003599, 907002135, 1, null, null, 'admin', 'admin', null),
(907006457, '空调(设备类型)枚举值规范性核查', 'CE_DEVICE_PE_AIR.device_type', 907003600, 907002148, 1, null, null, 'admin', 'admin', null),
(907006458, '空调(设备子类)枚举值规范性核查', 'CE_DEVICE_PE_AIR.device_subclass', 907003601, 907002149, 1, null, null, 'admin', 'admin', null),
(907006459, '空调(设备型号)枚举值规范性核查', 'CE_DEVICE_PE_AIR.product_name', 907003602, 907002152, 1, null, null, 'admin', 'admin', null),
(907006460, '空调(设备厂家)枚举值规范性核查', 'CE_DEVICE_PE_AIR.vendor_id', 907003603, 907002153, 1, null, null, 'admin', 'admin', null),
(907006461, '空调(使用状态)枚举值规范性核查', 'CE_DEVICE_PE_AIR.lifecycle_status', 907003604, 907002159, 1, null, null, 'admin', 'admin', null),
(907006462, '空调(额定工作电压（V）)枚举值规范性核查', 'CE_DEVICE_PE_AIR.rated_operating_voltage', 907003605, 907002156, 1, null, null, 'admin', 'admin', null),
(907006463, '节能设备(设备类型)枚举值规范性核查', 'CE_DEVICE_PE_ENERY_SAVE.device_type', 907003606, 907002168, 1, null, null, 'admin', 'admin', null),
(907006464, '节能设备(设备子类)枚举值规范性核查', 'CE_DEVICE_PE_ENERY_SAVE.device_subclass', 907003607, 907002169, 1, null, null, 'admin', 'admin', null),
(907006465, '节能设备(设备型号)枚举值规范性核查', 'CE_DEVICE_PE_ENERY_SAVE.product_name', 907003608, 907002172, 1, null, null, 'admin', 'admin', null),
(907006466, '节能设备(设备厂家)枚举值规范性核查', 'CE_DEVICE_PE_ENERY_SAVE.vendor_id', 907003609, 907002173, 1, null, null, 'admin', 'admin', null),
(907006467, '节能设备(使用状态)枚举值规范性核查', 'CE_DEVICE_PE_ENERY_SAVE.lifecycle_status', 907003610, 907002188, 1, null, null, 'admin', 'admin', null),
(907006468, '节能设备(额定工作电压（V）)枚举值规范性核查', 'CE_DEVICE_PE_ENERY_SAVE.rated_operating_voltage', 907003611, 907002176, 1, null, null, 'admin', 'admin', null),
(907006469, '节能设备(下挂风机形式)枚举值规范性核查', 'CE_DEVICE_PE_ENERY_SAVE.fan_form', 907003612, 907002180, 1, null, null, 'admin', 'admin', null),
(907006470, '动环监控(设备类型)枚举值规范性核查', 'CE_DEVICE_PE_POWER_MONITOR.device_type', 907003613, 907002197, 1, null, null, 'admin', 'admin', null),
(907006471, '动环监控(设备子类)枚举值规范性核查', 'CE_DEVICE_PE_POWER_MONITOR.device_subclass', 907003614, 907002198, 1, null, null, 'admin', 'admin', null),
(907006472, '动环监控(设备型号)枚举值规范性核查', 'CE_DEVICE_PE_POWER_MONITOR.product_name', 907003615, 907002201, 1, null, null, 'admin', 'admin', null),
(907006473, '动环监控(设备厂家)枚举值规范性核查', 'CE_DEVICE_PE_POWER_MONITOR.vendor_id', 907003616, 907002202, 1, null, null, 'admin', 'admin', null),
(907006474, '动环监控(使用状态)枚举值规范性核查', 'CE_DEVICE_PE_POWER_MONITOR.lifecycle_status', 907003617, 907002205, 1, null, null, 'admin', 'admin', null),
(907006475, '智能电表(设备类型)枚举值规范性核查', 'CE_DEVICE_PE_SMART_METER.device_type', 907003618, 907002214, 1, null, null, 'admin', 'admin', null),
(907006476, '智能电表(设备子类)枚举值规范性核查', 'CE_DEVICE_PE_SMART_METER.device_subclass', 907003619, 907002215, 1, null, null, 'admin', 'admin', null),
(907006477, '智能电表(设备型号)枚举值规范性核查', 'CE_DEVICE_PE_SMART_METER.product_name', 907003620, 907002218, 1, null, null, 'admin', 'admin', null),
(907006478, '智能电表(设备厂家)枚举值规范性核查', 'CE_DEVICE_PE_SMART_METER.vendor_id', 907003621, 907002219, 1, null, null, 'admin', 'admin', null),
(907006479, '智能电表(使用状态)枚举值规范性核查', 'CE_DEVICE_PE_SMART_METER.lifecycle_status', 907003622, 907002223, 1, null, null, 'admin', 'admin', null),
(907006480, '其他设备(设备类型)枚举值规范性核查', 'CE_DEVICE_PE_OTHER.device_type', 907003623, 907002283, 1, null, null, 'admin', 'admin', null),
(907006481, '其他设备(设备子类)枚举值规范性核查', 'CE_DEVICE_PE_OTHER.device_subclass', 907003624, 907002284, 1, null, null, 'admin', 'admin', null),
(907006482, '其他设备(设备型号)枚举值规范性核查', 'CE_DEVICE_PE_OTHER.product_name', 907003625, 907002287, 1, null, null, 'admin', 'admin', null),
(907006483, '其他设备(设备厂家)枚举值规范性核查', 'CE_DEVICE_PE_OTHER.vendor_id', 907003626, 907002288, 1, null, null, 'admin', 'admin', null),
(907006484, '其他设备(使用状态)枚举值规范性核查', 'CE_DEVICE_PE_OTHER.lifecycle_status', 907003627, 907002291, 1, null, null, 'admin', 'admin', null),
(907006485, '高压配电系统枚(系统类型)枚举值规范性核查', 'CE_NET_PE_HIGH_DISTRIBUTION.system_type', 907003628, 907001874, 1, null, null, 'admin', 'admin', null),
(907006486, '高压配电系统枚(使用状态)枚举值规范性核查', 'CE_NET_PE_HIGH_DISTRIBUTION.lifecycle_status', 907003629, 907001878, 1, null, null, 'admin', 'admin', null),
(907006487, '高压直流电源系统(系统类型)枚举值规范性核查', 'CE_NET_PE_HIGH_POWER.system_type', 907003630, 907001905, 1, null, null, 'admin', 'admin', null),
(907006488, '高压直流电源系统(使用状态)枚举值规范性核查', 'CE_NET_PE_HIGH_POWER.lifecycle_status', 907003631, 907001909, 1, null, null, 'admin', 'admin', null),
(907006489, '低压配电系统(系统类型)枚举值规范性核查', 'CE_NET_PE_LOW_DISTRIBUTION.system_type', 907003632, 907001961, 1, null, null, 'admin', 'admin', null),
(907006490, '低压配电系统(使用状态)枚举值规范性核查', 'CE_NET_PE_LOW_DISTRIBUTION.lifecycle_status', 907003633, 907001966, 1, null, null, 'admin', 'admin', null),
(907006491, '发电系统(系统类型)枚举值规范性核查', 'CE_NET_PE_SWITCH_POWER.system_type', 907003634, 907001997, 1, null, null, 'admin', 'admin', null),
(907006492, '发电系统(使用状态)枚举值规范性核查', 'CE_NET_PE_SWITCH_POWER.lifecycle_status', 907003635, 907002002, 1, null, null, 'admin', 'admin', null),
(907006493, '开关电源系统(系统类型)枚举值规范性核查', 'CE_NET_PE_OPEN_POWER.system_type', 907003636, 907002035, 1, null, null, 'admin', 'admin', null),
(907006494, '开关电源系统(使用状态)枚举值规范性核查', 'CE_NET_PE_OPEN_POWER.lifecycle_status', 907003637, 907002040, 1, null, null, 'admin', 'admin', null),
(907006495, 'UPS系统(系统类型)枚举值规范性核查', 'CE_NET_PE_UPS.system_type', 907003638, 907002092, 1, null, null, 'admin', 'admin', null),
(907006496, 'UPS系统(使用状态)枚举值规范性核查', 'CE_NET_PE_UPS.lifecycle_status', 907003639, 907002099, 1, null, null, 'admin', 'admin', null),
(907006497, 'UPS系统(工作方式)枚举值规范性核查', 'CE_NET_PE_UPS.work_method', 907003640, 907002097, 1, null, null, 'admin', 'admin', null),
(907006498, 'UPS系统(母线类型)枚举值规范性核查', 'CE_NET_PE_UPS.bus_type', 907003641, 907002098, 1, null, null, 'admin', 'admin', null),
(907006499, 'UPS系统(资源系统类型)枚举值规范性核查', 'CE_NET_PE_UPS.res_type', 907003642, 907002093, 1, null, null, 'admin', 'admin', null),
(907006500, '动环专业内输出分路(所属设备类型)枚举值规范性核查', 'CE_LINK_PE_IN.related_device_type', 907003643, 907002233, 1, null, null, 'admin', 'admin', null),
(907006501, '动环专业内输出分路(分路类型)枚举值规范性核查', 'CE_LINK_PE_IN.branch_type', 907003644, 907002235, 1, null, null, 'admin', 'admin', null),
(907006502, '动环专业内输出分路(分路类型缩写)枚举值规范性核查', 'CE_LINK_PE_IN.branch_type_abbreviation', 907003645, 907002236, 1, null, null, 'admin', 'admin', null),
(907006503, '动环专业内输出分路(分路主备)枚举值规范性核查', 'CE_LINK_PE_IN.branch_active_standby', 907003646, 907002238, 1, null, null, 'admin', 'admin', null),
(907006504, '动环专业内输出分路(使用状态)枚举值规范性核查', 'CE_LINK_PE_IN.lifecycle_status', 907003647, 907002240, 1, null, null, 'admin', 'admin', null),
(907006505, '动环专业内输出分路(下游设备类型)枚举值规范性核查', 'CE_LINK_PE_IN.down_device_type', 907003648, 907002245, 1, null, null, 'admin', 'admin', null),
(907006506, '动环专业内输出分路(下游分路类型)枚举值规范性核查', 'CE_LINK_PE_IN.down_branch_type', 907003649, 907002246, 1, null, null, 'admin', 'admin', null),
(907006507, '动环专业内输出分路(下游分路类型缩写)枚举值规范性核查', 'CE_LINK_PE_IN.down_branch_type_abbreviation', 907003650, 907002247, 1, null, null, 'admin', 'admin', null),
(907006508, '动环专业内输出分路(下游分路主备)枚举值规范性核查', 'CE_LINK_PE_IN.down_branch_active_standby', 907003651, 907002250, 1, null, null, 'admin', 'admin', null),
(907006509, '动环专业内输出分路(下游使用状态)枚举值规范性核查', 'CE_LINK_PE_IN.down_use_status', 907003652, 907002251, 1, null, null, 'admin', 'admin', null),
(907006510, '跨专业输出分路(所属设备类型)枚举值规范性核查', 'CE_LINK_PE_OUT.related_device_type', 907003653, 907002260, 1, null, null, 'admin', 'admin', null),
(907006511, '跨专业输出分路(分路类型)枚举值规范性核查', 'CE_LINK_PE_OUT.branch_type', 907003654, 907002262, 1, null, null, 'admin', 'admin', null),
(907006512, '跨专业输出分路(分路类型缩写)枚举值规范性核查', 'CE_LINK_PE_OUT.branch_type_abbreviation', 907003655, 907002263, 1, null, null, 'admin', 'admin', null),
(907006513, '跨专业输出分路(分路主备)枚举值规范性核查', 'CE_LINK_PE_OUT.branch_active_standby', 907003656, 907002265, 1, null, null, 'admin', 'admin', null),
(907006514, '跨专业输出分路(使用状态)枚举值规范性核查', 'CE_LINK_PE_OUT.lifecycle_status', 907003657, 907002266, 1, null, null, 'admin', 'admin', null),
(907006515, '跨专业输出分路(下游设备类型)枚举值规范性核查', 'CE_LINK_PE_OUT.down_device_type', 907003658, 907002269, 1, null, null, 'admin', 'admin', null),
(907006516, '跨专业输出分路(专业类型)枚举值规范性核查', 'CE_LINK_PE_OUT.major_type', 907003659, 907002272, 1, null, null, 'admin', 'admin', null),
(907006517, '位置点动环属性(动环专业站点级别)枚举值规范性核查', 'RM_SITE_PROPERTY.power_site_level', 907003660, 907001806, 1, null, null, 'admin', 'admin', null),
(907006518, '位置点动环属性(市电备份方式)枚举值规范性核查', 'RM_SITE_PROPERTY.mains_backup_method', 907003661, 907001807, 1, null, null, 'admin', 'admin', null),
(907006519, '位置点动环属性(市电是否来自不同变电站)枚举值规范性核查', 'RM_SITE_PROPERTY.power_is_substations', 907003662, 907001808, 1, null, null, 'admin', 'admin', null),
(907006520, '位置点动环属性(市电电压等级)枚举值规范性核查', 'RM_SITE_PROPERTY.mains_voltage_level', 907003663, 907001809, 1, null, null, 'admin', 'admin', null),
(907006521, '位置点动环属性(市电性质)枚举值规范性核查', 'RM_SITE_PROPERTY.mains_nature', 907003664, 907001810, 1, null, null, 'admin', 'admin', null),
(907006522, '位置点动环属性(市电油机配置级别)枚举值规范性核查', 'RM_SITE_PROPERTY.mains_configuration_level', 907003665, 907001813, 1, null, null, 'admin', 'admin', null),
(907006523, '位置点动环属性(产权单位)枚举值规范性核查', 'RM_SITE_PROPERTY.property_unit', 907003666, 907001815, 1, null, null, 'admin', 'admin', null),
(907006524, '机房动环属性(动环专业机房类型)枚举值规范性核查', 'RM_ROOM_PROPERTY.power_room_type', 907003667, 907001822, 1, null, null, 'admin', 'admin', null);

-- 承载网整体指标
insert into dims_idx_index (ID, NAME, CODE, ORDERBY, ENTITYTYPE_ID, SPECIALITYNAME, TYPE, AMOUNTSQL, ERRORSQL, ISENABLE, CREATOR, UPDATER, PROCNAME, THREADNO, PRIORITY, MEMO) values
(905099001, '承载网数据完整性指标', 'bearer01r99001', 99001, null, '承载网', 3, null, null, 1, 'admin', 'admin', 'PROC_CHECKONEINDEXSET', 0, 2, 'PROC_CHECKONEINDEXSET'),
(905099002, '承载网数据规范性指标', 'bearer02r99002', 99002, null, '承载网', 3, null, null, 1, 'admin', 'admin', 'PROC_CHECKONEINDEXSET', 0, 2, 'PROC_CHECKONEINDEXSET'),
(905099003, '承载网数据关联性指标', 'bearer03r99003', 99003, null, '承载网', 3, null, null, 1, 'admin', 'admin', 'PROC_CHECKONEINDEXSET', 0, 2, 'PROC_CHECKONEINDEXSET'),
(905099999, '承载网数据整体指标', 'bearer05r99999', 99999, null, '承载网', 3, null, null, 1, 'admin', 'admin', 'PROC_CHECKONEINDEXSET', 0, 2, 'PROC_CHECKONEINDEXSET');

-- 承载网完整性核查
insert into dims_idx_index (ID, NAME, CODE, ORDERBY, ENTITYTYPE_ID, SPECIALITYNAME, TYPE, AMOUNTSQL, ERRORSQL, ISENABLE, CREATOR, UPDATER, PROCNAME, THREADNO, PRIORITY, MEMO) values
(905003000,'CM_DEVICE_IP必填字段维护完整率核查','bearer01r03',101,905000500, '承载网',5, null, null,1, 'admin', 'admin', 'PROC_DH_CHECKONEINTEGRALITYINDEX',905000500,1, null),
(905003001,'CM_WARE_IP_BOARD必填字段维护完整率核查','bearer01r07',102,905000501, '承载网',5, null, null,1, 'admin', 'admin', 'PROC_DH_CHECKONEINTEGRALITYINDEX',905000501,1, null),
(905003002,'CE_PORT_IP_PTP必填字段维护完整率核查','bearer01r09',103,905000502, '承载网',5, null, null,1, 'admin', 'admin', 'PROC_DH_CHECKONEINTEGRALITYINDEX',905000502,1, null),
(905003003,'CE_PORT_IP_FTP必填字段维护完整率核查','bearer01r11',104,905000503, '承载网',5, null, null,1, 'admin', 'admin', 'PROC_DH_CHECKONEINTEGRALITYINDEX',905000503,1, null),
(905003004,'CE_LINK_PHYSICS必填字段维护完整率核查','bearer01r13',105,905000504, '承载网',5, null, null,1, 'admin', 'admin', 'PROC_DH_CHECKONEINTEGRALITYINDEX',905000504,1, null),
(905003005,'CE_LINK_IP_LOGIC必填字段维护完整率核查','bearer01r15',106,905000505, '承载网',5, null, null,1, 'admin', 'admin', 'PROC_DH_CHECKONEINTEGRALITYINDEX',905000505,1, null);


insert into dims_idx_rule (ID, NAME, CODE, INDEX_ID, ATTRIBUTETYPE_ID, TYPE, RULEMEMO, DICTIONARYNAME, CREATOR, UPDATER, MEMO) values
-- values (901000631, 'RRU必填字段完整性.网管中网元名称', 'WL_RRU.omc_name', 901000596, 901003010, 2, null, null, 'admin', 'admin', null),
(905002001, 'CM_DEVICE_IP必填字段维护完整率核查.资源标识', 'CM_DEVICE_IP.int_id', 905003000, 905000600, 2, null, null, 'admin', 'admin', null),
(905002002, 'CM_DEVICE_IP必填字段维护完整率核查.设备名称', 'CM_DEVICE_IP.equipment_model', 905003000, 905000601, 2, null, null, 'admin', 'admin', null),
(905002003, 'CM_DEVICE_IP必填字段维护完整率核查.设备型号', 'CM_DEVICE_IP.rackpos_id', 905003000, 905000602, 2, null, null, 'admin', 'admin', null),
(905002004, 'CM_DEVICE_IP必填字段维护完整率核查.所属机架位置', 'CM_DEVICE_IP.ipv4_management_address', 905003000, 905000605, 2, null, null, 'admin', 'admin', null),
(905002005, 'CM_DEVICE_IP必填字段维护完整率核查.IPv4管理地址', 'CM_DEVICE_IP.ipv6_management_address', 905003000, 905000607, 2, null, null, 'admin', 'admin', null),
(905002006, 'CM_DEVICE_IP必填字段维护完整率核查.软件版本', 'CM_DEVICE_IP.soft_version', 905003000, 905000609, 2, null, null, 'admin', 'admin', null),
(905002007, 'CM_DEVICE_IP必填字段维护完整率核查.生命周期状态', 'CM_DEVICE_IP.lifecycle_status', 905003000, 905000610, 2, null, null, 'admin', 'admin', null),
(905002008, 'CM_DEVICE_IP必填字段维护完整率核查.入网时间', 'CM_DEVICE_IP.cutin_date', 905003000, 905000611, 2, null, null, 'admin', 'admin', null),
(905002009, 'CM_DEVICE_IP必填字段维护完整率核查.数据质量责任人', 'CM_DEVICE_IP.qualitor', 905003000, 905000612, 2, null, null, 'admin', 'admin', null),
-- CM_WARE_IP_BOARD完整性rule
(905002010, 'CM_WARE_IP_BOARD必填字段维护完整率核查.资源标识', 'CM_WARE_IP_BOARD.int_id', 905003001, 905000600, 2, null, null, 'admin', 'admin', null),
(905002011, 'CM_WARE_IP_BOARD必填字段维护完整率核查.板卡名称', 'CM_WARE_IP_BOARD.board_name', 905003001, 905000600, 2, null, null, 'admin', 'admin', null),
(905002012, 'CM_WARE_IP_BOARD必填字段维护完整率核查.板卡型号', 'CM_WARE_IP_BOARD.board_type', 905003001, 905000600, 2, null, null, 'admin', 'admin', null),
(905002013, 'CM_WARE_IP_BOARD必填字段维护完整率核查.子卡编号', 'CM_WARE_IP_BOARD.board_number', 905003001, 905000600, 2, null, null, 'admin', 'admin', null),
(905002014, 'CM_WARE_IP_BOARD必填字段维护完整率核查.母卡编号', 'CM_WARE_IP_BOARD.master_board_number', 905003001, 905000600, 2, null, null, 'admin', 'admin', null),
(905002015, 'CM_WARE_IP_BOARD必填字段维护完整率核查.槽位编号', 'CM_WARE_IP_BOARD.slot_no', 905003001, 905000600, 2, null, null, 'admin', 'admin', null),
(905002016, 'CM_WARE_IP_BOARD必填字段维护完整率核查.所属机框', 'CM_WARE_IP_BOARD.related_shelf', 905003001, 905000600, 2, null, null, 'admin', 'admin', null),
(905002017, 'CM_WARE_IP_BOARD必填字段维护完整率核查.所属设备', 'CM_WARE_IP_BOARD.equipment_id', 905003001, 905000600, 2, null, null, 'admin', 'admin', null),
(905002018, 'CM_WARE_IP_BOARD必填字段维护完整率核查.序列号', 'CM_WARE_IP_BOARD.series_no', 905003001, 905000600, 2, null, null, 'admin', 'admin', null),
-- CE_PORT_IP_pTP完整性rule
(905002019, 'CE_PORT_IP_PTP必填字段维护完整率核查.资源标识', 'CE_PORT_IP_PTP.int_id', 905003002, 905000600, 2, null, null, 'admin', 'admin', null),
(905002020, 'CE_PORT_IP_PTP必填字段维护完整率核查.端口编号', 'CE_PORT_IP_PTP.port_number', 905003002, 905000641, 2, null, null, 'admin', 'admin', null),
(905002021, 'CE_PORT_IP_PTP必填字段维护完整率核查.端口速率', 'CE_PORT_IP_PTP.port_rate', 905003002, 905000642, 2, null, null, 'admin', 'admin', null),
(905002022, 'CE_PORT_IP_PTP必填字段维护完整率核查.端口状态', 'CE_PORT_IP_PTP.port_status', 905003002, 905000645, 2, null, null, 'admin', 'admin', null),
(905002023, 'CE_PORT_IP_PTP必填字段维护完整率核查.端口类型', 'CE_PORT_IP_PTP.port_type', 905003002, 905000646, 2, null, null, 'admin', 'admin', null),
(905002024, 'CE_PORT_IP_PTP必填字段维护完整率核查.所属设备', 'CE_PORT_IP_PTP.equipment_id', 905003002, 905000633, 2, null, null, 'admin', 'admin', null),
(905002025, 'CE_PORT_IP_PTP必填字段维护完整率核查.连接类型', 'CE_PORT_IP_PTP.line_type', 905003002, 905000648, 2, null, null, 'admin', 'admin', null),
(905002026, 'CE_PORT_IP_PTP必填字段维护完整率核查.所属板卡', 'CE_PORT_IP_PTP.related_board', 905003002, 905000649, 2, null, null, 'admin', 'admin', null),
-- CE_PORT_IP_FTP完整性rule
(905002027, 'CE_PORT_IP_FTP必填字段维护完整率核查.资源标识', 'CE_PORT_IP_FTP.int_id', 905003003, 905000600, 2, null, null, 'admin', 'admin', null),
(905002028, 'CE_PORT_IP_FTP必填字段维护完整率核查.关联的上一级端口', 'CE_PORT_IP_FTP.relation_port', 905003003, 905000657, 2, null, null, 'admin', 'admin', null),
(905002029, 'CE_PORT_IP_FTP必填字段维护完整率核查.所属设备', 'CE_PORT_IP_FTP.equipment_id', 905003003, 905000633, 2, null, null, 'admin', 'admin', null),
(905002030, 'CE_PORT_IP_FTP必填字段维护完整率核查.VLAN ID', 'CE_PORT_IP_FTP.vlan_id', 905003003, 905000660, 2, null, null, 'admin', 'admin', null),
-- CE_LINK_PHYSICS完整性rule
(905002031, 'CE_LINK_PHYSICS必填字段维护完整率核查.资源标识', 'CE_LINK_PHYSICS.int_id', 905003004, 905000600, 2, null, null, 'admin', 'admin', null),
(905002032, 'CE_LINK_PHYSICS必填字段维护完整率核查.传输电路名称', 'CE_LINK_PHYSICS.transmission_circuit_name', 905003004, 905000666, 2, null, null, 'admin', 'admin', null),
(905002033, 'CE_LINK_PHYSICS必填字段维护完整率核查.电路带宽', 'CE_LINK_PHYSICS.circuit_bandwidth', 905003004, 905000667, 2, null, null, 'admin', 'admin', null),
(905002034, 'CE_LINK_PHYSICS必填字段维护完整率核查.A端设备', 'CE_LINK_PHYSICS.a_equipment', 905003004, 905000668, 2, null, null, 'admin', 'admin', null),
(905002035, 'CE_LINK_PHYSICS必填字段维护完整率核查.A端端口', 'CE_LINK_PHYSICS.a_port', 905003004, 905000669, 2, null, null, 'admin', 'admin', null),
(905002036, 'CE_LINK_PHYSICS必填字段维护完整率核查.Z端设备', 'CE_LINK_PHYSICS.z_equipment', 905003004, 905000671, 2, null, null, 'admin', 'admin', null),
(905002037, 'CE_LINK_PHYSICS必填字段维护完整率核查.Z端端口', 'CE_LINK_PHYSICS.z_port', 905003004, 905000672, 2, null, null, 'admin', 'admin', null),
-- CE_LINK_IP_LOGIC完整性rule
(905002038, 'CE_LINK_IP_LOGIC必填字段维护完整率核查.资源标识', 'CE_LINK_IP_LOGIC.int_id', 905003005, 905000600, 2, null, null, 'admin', 'admin', null),
(905002039, 'CE_LINK_IP_LOGIC必填字段维护完整率核查.链路带宽', 'CE_LINK_IP_LOGIC.circuit_bandwidth', 905003005, 905000679, 2, null, null, 'admin', 'admin', null),
(905002040, 'CE_LINK_IP_LOGIC必填字段维护完整率核查.A端设备', 'CE_LINK_IP_LOGIC.a_equipment', 905003005, 905000668, 2, null, null, 'admin', 'admin', null),
(905002041, 'CE_LINK_IP_LOGIC必填字段维护完整率核查.A端端口', 'CE_LINK_IP_LOGIC.a_port', 905003005, 905000669, 2, null, null, 'admin', 'admin', null),
(905002042, 'CE_LINK_IP_LOGIC必填字段维护完整率核查.Z端设备', 'CE_LINK_IP_LOGIC.z_equipment', 905003005, 905000671, 2, null, null, 'admin', 'admin', null),
(905002043, 'CE_LINK_IP_LOGIC必填字段维护完整率核查.Z端端口', 'CE_LINK_IP_LOGIC.z_port', 905003005, 905000672, 2, null, null, 'admin', 'admin', null);

-- 承载网规范性核查
insert into dims_idx_index (ID, NAME, CODE, ORDERBY, ENTITYTYPE_ID, SPECIALITYNAME, TYPE, AMOUNTSQL, ERRORSQL, ISENABLE, CREATOR, UPDATER, PROCNAME, THREADNO, PRIORITY, MEMO) values
(905003010, 'CM_DEVICE_IP资源标识关键字查重', 'bearer02r01',201,905000500, '承载网',11, null,'update CM_DEVICE_IP t1
                   set dims_col_result=(case when dims_col_result like ''%bearer02r01%'' then dims_col_result
                                             when dims_col_result is null then ''bearer02r01''
                                             else dims_col_result||'',bearer02r01'' end),
                       dims_col_rtName=(case when dims_col_rtName like ''%CM_DEVICE_IP资源标识关键字查重%'' then dims_col_rtName
                                             when dims_col_rtName is null then ''不满足规范:CM_DEVICE_IP资源标识关键字查重''
                                              else dims_col_rtName||'',CM_DEVICE_IP资源标识关键字查重'' end)
                 where exists(select 1
                                from CM_DEVICE_IP t2
                               where t2.ctid <> t1.ctid
                                 and t2.int_id=t1.int_id)',1, 'admin', 'admin', 'PROC_CHECKONEDYNAMICSQLINDEX',905000500,1, null),
(905003011, 'CM_WARE_IP_BOARD资源标识关键字查重', 'bearer02r02',202,905000501, '承载网',11, null,'update CM_WARE_IP_BOARD t1
                   set dims_col_result=(case when dims_col_result like ''%bearer02r02%'' then dims_col_result
                                             when dims_col_result is null then ''bearer02r02''
                                             else dims_col_result||'',bearer02r02'' end),
                       dims_col_rtName=(case when dims_col_rtName like ''%CM_WARE_IP_BOARD资源标识关键字查重%'' then dims_col_rtName
                                             when dims_col_rtName is null then ''不满足规范:CM_WARE_IP_BOARD资源标识关键字查重''
                                              else dims_col_rtName||'',CM_WARE_IP_BOARD资源标识关键字查重'' end)
                 where exists(select 1
                                from CM_WARE_IP_BOARD t2
                               where t2.ctid <> t1.ctid
                                 and t2.int_id=t1.int_id)',1, 'admin', 'admin', 'PROC_CHECKONEDYNAMICSQLINDEX',905000501,1, null),
-- 资源关联性核查:
(905003100,'板卡下无物理端口','bearer03r29',301,905000501, '承载网',11, null,'update CM_WARE_IP_BOARD t1
                   set dims_col_result=(case when dims_col_result like ''%bearer03r29%'' then dims_col_result
                                             when dims_col_result is null then ''bearer03r29''
                                             else dims_col_result||'',bearer03r29'' end),
                       dims_col_rtName=(case when dims_col_rtName like ''%板卡下无物理端口%'' then dims_col_rtName
                                             when dims_col_rtName is null then ''不满足规范: 板卡下无物理端口''
                                             else dims_col_rtName||'',板卡下无物理端口'' end)
                 where isNotNull(t1.int_id) and  not exists(select 1 from CE_PORT_IP_PTP t2 where t2.related_board=t1.int_id)',1, 'admin', 'admin', 'PROC_CHECKONEDYNAMICSQLINDEX',905000501,1,null),
(905003101,'所属机架位置在机架位置表中不存在','bearer03r25',302,905000500, '承载网',11, null,'update CM_DEVICE_IP t1
                   set dims_col_result=(case when dims_col_result like ''%bearer03r25%'' then dims_col_result
                                             when dims_col_result is null then ''bearer03r25''
                                             else dims_col_result||'',bearer03r25'' end),
                       dims_col_rtName=(case when dims_col_rtName like ''%所属机架位置在机架位置表中不存在%'' then dims_col_rtName
                                             when dims_col_rtName is null then ''不满足规范: 所属机架位置在机架位置表中不存在''
                                             else dims_col_rtName||'',所属机架位置在机架位置表中不存在'' end)
                 where isNotNull(t1.rackpos_id) and  not exists(select 1 from RM_AREA_RACKPOS t2 where isNotNull(t2.int_id) and t2.int_id=t1.rackpos_id)',1, 'admin', 'admin', 'PROC_CHECKONEDYNAMICSQLINDEX',905000500,1,null),
(905003102,'所属设备在设备主表中不存在','bearer03r02',303,905000500, '承载网',11, null,'update CM_DEVICE_IP t1
                   set dims_col_result=(case when dims_col_result like ''%bearer03r02%'' then dims_col_result
                                             when dims_col_result is null then ''bearer03r02''
                                             else dims_col_result||'',bearer03r02'' end),
                       dims_col_rtName=(case when dims_col_rtName like ''%所属设备在设备主表中不存在%'' then dims_col_rtName
                                             when dims_col_rtName is null then ''不满足规范: 所属设备在设备主表中不存在''
                                             else dims_col_rtName||'',所属设备在设备主表中不存在'' end)
                 where isNotNull(t1.int_id) and  not exists(select 1 from CM_WARE_IP_BOARD t2 where isNotNull(t2.equipment_id) and t2.equipment_id=t1.int_id)',1, 'admin', 'admin', 'PROC_CHECKONEDYNAMICSQLINDEX',905000500,1,null);


insert into dims_idx_IndexCarrier (ID, PARENTINDEX_ID, CHILDINDEX_ID, CREATOR, UPDATER, MEMO) values
(905001000, 905099001, 905003000, 'admin', 'admin', null),
(905001001, 905099001, 905003001, 'admin', 'admin', null),
(905001002, 905099001, 905003002, 'admin', 'admin', null),
(905001003, 905099001, 905003003, 'admin', 'admin', null),
(905001004, 905099001, 905003004, 'admin', 'admin', null),
(905001005, 905099001, 905003005, 'admin', 'admin', null),
(905001006, 905099002, 905003010, 'admin', 'admin', null),
(905001007, 905099002, 905003011, 'admin', 'admin', null),
(905001008, 905099003, 905003100, 'admin', 'admin', null),
(905001009, 905099003, 905003101, 'admin', 'admin', null),
(905001010, 905099003, 905003102, 'admin', 'admin', null),
(905001011, 905099999, 905099001, 'admin', 'admin', null),
(905001012, 905099999, 905099002, 'admin', 'admin', null),
(905001013, 905099999, 905099003, 'admin', 'admin', null);

-- 家客整体指标
insert into dims_idx_index (ID, NAME, CODE, ORDERBY, ENTITYTYPE_ID, SPECIALITYNAME, TYPE, AMOUNTSQL, ERRORSQL, ISENABLE, CREATOR, UPDATER, PROCNAME, THREADNO, PRIORITY, MEMO) values
(908099001, '家客数据完整性指标', 'home-1-99001', 99001, null, '家客', 3, null, null, 1, 'admin', 'admin', 'PROC_CHECKONEINDEXSET', 0, 2, 'PROC_CHECKONEINDEXSET'),
(908099002, '家客数据规范性指标', 'home-2-99002', 99002, null, '家客', 3, null, null, 1, 'admin', 'admin', 'PROC_CHECKONEINDEXSET', 0, 2, 'PROC_CHECKONEINDEXSET'),
(908099003, '家客数据关联性指标', 'home-3-99003', 99003, null, '家客', 3, null, null, 1, 'admin', 'admin', 'PROC_CHECKONEINDEXSET', 0, 2, 'PROC_CHECKONEINDEXSET'),
(908099004, '家客数据合规性指标', 'home-4-99004', 99004, null, '家客', 3, null, null, 1, 'admin', 'admin', 'PROC_CHECKONEINDEXSET', 0, 2, 'PROC_CHECKONEINDEXSET'),
(908099999, '家客数据整体指标', 'home-5-99999', 99999, null, '家客', 3, null, null, 1, 'admin', 'admin', 'PROC_CHECKONEINDEXSET', 0, 2, 'PROC_CHECKONEINDEXSET');


insert into dims_idx_index (ID, NAME, CODE, ORDERBY, ENTITYTYPE_ID, SPECIALITYNAME, TYPE, AMOUNTSQL, ERRORSQL, ISENABLE, CREATOR, UPDATER, PROCNAME, THREADNO, PRIORITY, MEMO) values
(908003000, '家庭客户实例必填字段维护完整率核查', 'home-1-1', 101, 908000001, '家客', 5, null, null, 1, 'admin', 'admin', 'PROC_DH_CHECKONEINTEGRALITYINDEX', 908000001, 1, null),
(908003001, '宽带业务信息必填字段维护完整率核查', 'home-1-2', 102, 908000002, '家客', 5, null, null, 1, 'admin', 'admin', 'PROC_DH_CHECKONEINTEGRALITYINDEX', 908000002, 1, null),
(908003002, 'IMS业务信息必填字段维护完整率核查', 'home-1-3', 103, 908000003, '家客', 5, null, null, 1, 'admin', 'admin', 'PROC_DH_CHECKONEINTEGRALITYINDEX', 908000003, 1, null),
(908003003, '互联网电视业务信息必填字段维护完整率核查', 'home-1-4', 104, 908000004, '家客', 5, null, null, 1, 'admin', 'admin', 'PROC_DH_CHECKONEINTEGRALITYINDEX', 908000004, 1, null),
(908003004, '小区信息表必填字段维护完整率核查', 'home-1-5', 105, 908000005, '家客', 5, null, null, 1, 'admin', 'admin', 'PROC_DH_CHECKONEINTEGRALITYINDEX', 908000005, 1, null),
(908003005, '家客小区网格必填字段维护完整率核查', 'home-1-6', 106, 908000006, '家客', 5, null, null, 1, 'admin', 'admin', 'PROC_DH_CHECKONEINTEGRALITYINDEX', 908000006, 1, null),
(908003006, '资源覆盖信息表必填字段维护完整率核查', 'home-1-7', 107, 908000007, '家客', 5, null, null, 1, 'admin', 'admin', 'PROC_DH_CHECKONEINTEGRALITYINDEX', 908000007, 1, null),
(908003007, 'ONU必填字段维护完整率核查', 'home-1-8', 108, 908000008, '家客', 5, null, null, 1, 'admin', 'admin', 'PROC_DH_CHECKONEINTEGRALITYINDEX', 908000008, 1, null),
(908003008, 'ONU端口必填字段维护完整率核查', 'home-1-9', 109, 908000009, '家客', 5, null, null, 1, 'admin', 'admin', 'PROC_DH_CHECKONEINTEGRALITYINDEX', 908000009, 1, null),
(908003009, '分光器必填字段维护完整率核查', 'home-1-10', 110, 908000010, '家客', 5, null, null, 1, 'admin', 'admin', 'PROC_DH_CHECKONEINTEGRALITYINDEX', 908000010, 1, null),
(908003010, '分光器端口必填字段维护完整率核查', 'home-1-11', 111, 908000011, '家客', 5, null, null, 1, 'admin', 'admin', 'PROC_DH_CHECKONEINTEGRALITYINDEX', 908000011, 1, null),
(908003011, '多媒体箱必填字段维护完整率核查', 'home-1-12', 112, 908000012, '家客', 5, null, null, 1, 'admin', 'admin', 'PROC_DH_CHECKONEINTEGRALITYINDEX', 908000012, 1, null),
(908003012, '分纤箱必填字段维护完整率核查', 'home-1-13', 113, 908000013, '家客', 5, null, null, 1, 'admin', 'admin', 'PROC_DH_CHECKONEINTEGRALITYINDEX', 908000013, 1, null),
(908003013, '分纤箱端子必填字段维护完整率核查', 'home-1-14', 114, 908000014, '家客', 5, null, null, 1, 'admin', 'admin', 'PROC_DH_CHECKONEINTEGRALITYINDEX', 908000014, 1, null);

-- 资源规范性从3030开始

-- 资源规范性核查
insert into dims_idx_index (ID, NAME, CODE, ORDERBY, ENTITYTYPE_ID, SPECIALITYNAME, TYPE, AMOUNTSQL, ERRORSQL, ISENABLE, CREATOR, UPDATER, PROCNAME, THREADNO, PRIORITY, MEMO) values
(908003030, '家庭客户实例-客户编号客户编号查重', 'home-2-1', 201, 908000001, '家客', 11, null, 'update CM_HOME_CUST_BUSINESS t1 
                   set dims_col_result=(case when dims_col_result like ''%home-2-1%'' then dims_col_result
                                             when dims_col_result is null then ''home-2-1''
                                             else dims_col_result||'',home-2-1'' end),
                       dims_col_rtName=(case when dims_col_rtName like ''%家庭客户实例-客户编号客户编号查重%'' then dims_col_rtName
                                             when dims_col_rtName is null then ''不满足规范:家庭客户实例-客户编号客户编号查重''
                                             else dims_col_rtName||'',家庭客户实例-客户编号客户编号查重'' end)
                 where exists(select 1 from CM_HOME_CUST_BUSINESS t2 where t2.ctid <> t1.ctid and t2.cust_num=t1.cust_num)', 1, 'admin', 'admin', 'PROC_CHECKONEDYNAMICSQLINDEX', 908000001, 1, null), 
(908003031, '宽带业务信息-宽带产品实例标识关键字查重', 'home-2-2', 202, 908000002, '家客', 11, null, 'update CE_BROADBAND_BUSINESS t1 
                   set dims_col_result=(case when dims_col_result like ''%home-2-2%'' then dims_col_result
                                             when dims_col_result is null then ''home-2-2''
                                             else dims_col_result||'',home-2-2'' end),
                       dims_col_rtName=(case when dims_col_rtName like ''%宽带业务信息-宽带产品实例标识关键字查重%'' then dims_col_rtName
                                             when dims_col_rtName is null then ''不满足规范:宽带业务信息-宽带产品实例标识关键字查重''
                                             else dims_col_rtName|| '',宽带业务信息-宽带产品实例标识关键字查重'' end)
                 where exists(select 1 from CE_BROADBAND_BUSINESS t2 where t2.ctid <> t1.ctid and t2.broadband_inst_id=t1.broadband_inst_id)', 1, 'admin', 'admin', 'PROC_CHECKONEDYNAMICSQLINDEX', 908000002, 1, null),
(908003032, 'IMS业务信息-IMS业务产品实例标识不唯一', 'home-2-3', 203, 908000003, '家客', 11, null, 'update CE_IMS_BUSINESS t1 
                   set dims_col_result=(case when dims_col_result like ''%home-2-3%'' then dims_col_result
                                             when dims_col_result is null then ''home-2-3''
                                             else dims_col_result||'',home-2-3'' end),
                       dims_col_rtName=(case when dims_col_rtName like ''%IMS业务信息-IMS业务产品实例标识不唯一%'' then dims_col_rtName
                                             when dims_col_rtName is null then ''不满足规范:IMS业务信息-IMS业务产品实例标识不唯一'' 
                                             else dims_col_rtName|| '',IMS业务信息-IMS业务产品实例标识不唯一'' end)
                 where exists(select 1 from CE_IMS_BUSINESS t2 where t2.ctid <> t1.ctid and t2.ims_inst_id=t1.ims_inst_id)', 1, 'admin', 'admin', 'PROC_CHECKONEDYNAMICSQLINDEX', 908000003, 1, null),
(908003033, '互联网电视业务信息-互联网电视业务产品实例标识不唯一', 'home-2-4', 204, 908000004, '家客', 11, null, 'update CE_TV_BUSINESS t1
                   set dims_col_result=(case when dims_col_result like ''%home-2-4%'' then dims_col_result
                                             when dims_col_result is null then ''home-2-4''
                                             else dims_col_result||'',home-2-4'' end),
                       dims_col_rtName=(case when dims_col_rtName like ''%互联网电视业务信息-互联网电视业务产品实例标识不唯一%'' then dims_col_rtName
                                             when dims_col_rtName is null then ''不满足规范:互联网电视业务信息-互联网电视业务产品实例标识不唯一''
                                             else dims_col_rtName||'',互联网电视业务信息-互联网电视业务产品实例标识不唯一'' end)
                 where exists(select 1 from CE_TV_BUSINESS t2 where t2.ctid <> t1.ctid and t2.tv_inst_id=t1.tv_inst_id)', 1, 'admin', 'admin', 'PROC_CHECKONEDYNAMICSQLINDEX', 908000004, 1, null),
(908003034, '小区信息表-小区名称关键字查重', 'home-2-5', 205, 908000005, '家客', 11, null, 'update RM_AREA_RESIDENTIAL t1 
                   set dims_col_result=(case when dims_col_result like ''%home-2-5%'' then dims_col_result
                                             when dims_col_result is null then ''home-2-5''
                                             else dims_col_result|| '',home-2-5'' end),
                       dims_col_rtName=(case when dims_col_rtName like ''%小区信息表-小区名称关键字查重%'' then dims_col_rtName
                                             when dims_col_rtName is null then ''不满足规范:小区信息表-小区名称关键字查重'' 
                                             else dims_col_rtName||'',小区信息表-小区名称关键字查重'' end)
                 where exists(select 1 from RM_AREA_RESIDENTIAL t2 where t2.ctid <> t1.ctid and t2.zh_label=t1.zh_label)', 1, 'admin', 'admin', 'PROC_CHECKONEDYNAMICSQLINDEX', 908000005, 1, null),
(908003035, '家客小区网格-网格编码关键字查重', 'home-2-6', 206, 908000006, '家客', 11, null, 'update RM_GRID t1 
                   set dims_col_result=(case when dims_col_result like ''%home-2-6%'' then dims_col_result
                                             when dims_col_result is null then ''home-2-6''
                                             else dims_col_result|| '',home-2-6'' end),
                       dims_col_rtName=(case when dims_col_rtName like ''%家客小区网格-网格编码关键字查重%'' then dims_col_rtName
                                             when dims_col_rtName is null then ''不满足规范:家客小区网格-网格编码关键字查重''
                                             else dims_col_rtName||'',家客小区网格-网格编码关键字查重'' end)
                 where exists(select 1 from RM_GRID t2 where t2.ctid <> t1.ctid and t2.grid_code=t1.grid_code)', 1, 'admin', 'admin', 'PROC_CHECKONEDYNAMICSQLINDEX', 908000006, 1, null), 
(908003036, '资源覆盖信息表-覆盖地址关键字查重', 'home-2-7', 207, 908000007, '家客', 11, null, 'update CUST_RELATION_RESOURCES t1 
                   set dims_col_result=(case when dims_col_result like ''%home-2-7%'' then dims_col_result
                                             when dims_col_result is null then ''home-2-7''
                                             else dims_col_result||'',home-2-7'' end),
                       dims_col_rtName=(case when dims_col_rtName like ''%资源覆盖信息表-覆盖地址关键字查重%'' then dims_col_rtName
                                             when dims_col_rtName is null then ''不满足规范:资源覆盖信息表-覆盖地址关键字查重''
                                             else dims_col_rtName||'',资源覆盖信息表-覆盖地址关键字查重'' end)
                 where exists(select 1 from CUST_RELATION_RESOURCES t2 where t2.ctid <> t1.ctid and t2.room_address_id=t1.room_address_id)', 1, 'admin', 'admin', 'PROC_CHECKONEDYNAMICSQLINDEX', 908000007, 1, null), 
(908003037, 'ONU-认证码关键字查重', 'home-2-8', 208, 908000008, '家客', 11, null, 'update CM_DEVICE_ONU t1 
                   set dims_col_result=(case when dims_col_result like ''%home-2-8%'' then dims_col_result
                                             when dims_col_result is null then ''home-2-8'' 
                                             else dims_col_result||'',home-2-8'' end),
                       dims_col_rtName=(case when dims_col_rtName like ''%ONU-认证码关键字查重%'' then dims_col_rtName
                                             when dims_col_rtName is null then ''不满足规范:ONU-认证码关键字查重''
                                             else dims_col_rtName||'',ONU-认证码关键字查重'' end)
                 where exists(select 1 from CM_DEVICE_ONU t2 where t2.ctid <> t1.ctid and t2.loid_password=t1.loid_password)', 1, 'admin', 'admin', 'PROC_CHECKONEDYNAMICSQLINDEX', 908000008, 1, null),
(908003038, '多媒体箱-多媒体箱名称关键字查重', 'home-2-9', 209, 908000012, '家客', 11, null, 'update CE_DEVICE_DMT t1 
                   set dims_col_result=(case when dims_col_result like ''%home-2-9%'' then dims_col_result
                                             when dims_col_result is null then ''home-2-9''
                                             else dims_col_result|| '',home-2-9'' end),
                       dims_col_rtName=(case when dims_col_rtName like ''%多媒体箱-多媒体箱名称关键字查重%'' then dims_col_rtName
                                             when dims_col_rtName is null then ''不满足规范:多媒体箱-多媒体箱名称关键字查重''
                                             else dims_col_rtName||'',多媒体箱-多媒体箱名称关键字查重'' end)
                 where exists(select 1 from CE_DEVICE_DMT t2 where t2.ctid <> t1.ctid and t2.zh_label=t1.zh_label)', 1, 'admin', 'admin', 'PROC_CHECKONEDYNAMICSQLINDEX', 908000012, 1, null),
(908003039, '分纤箱-分纤箱名称关键字查重', 'home-2-10', 210, 908000013, '家客', 11, null, 'update CE_DEVICE_GF t1 
                   set dims_col_result=(case when dims_col_result like ''%home-2-10%'' then dims_col_result
                                             when dims_col_result is null then ''home-2-10''
                                             else dims_col_result|| '',home-2-10'' end),
                       dims_col_rtName=(case when dims_col_rtName like ''%分纤箱-分纤箱名称关键字查重%'' then dims_col_rtName 
                                             when dims_col_rtName is null then ''不满足规范:分纤箱-分纤箱名称关键字查重''
                                             else dims_col_rtName||'',分纤箱-分纤箱名称关键字查重'' end)
                 where exists(select 1 from CE_DEVICE_GF t2 where t2.ctid <> t1.ctid and t2.zh_label=t1.zh_label)', 1, 'admin', 'admin', 'PROC_CHECKONEDYNAMICSQLINDEX', 908000013, 1, null),
(908003040, '家庭客户实例主键查重', 'home-2-11', 211, 908000001, '家客', 11, null, 'update CM_HOME_CUST_BUSINESS t1 
                   set dims_col_result=(case when dims_col_result like ''%home-2-11%'' then dims_col_result
                                             when dims_col_result is null then''home-2-11''
                                             else dims_col_result||'',home-2-11'' end),
                       dims_col_rtName=(case when dims_col_rtName like ''%家庭客户实例主键查重%'' then dims_col_rtName
                                             when dims_col_rtName is null then ''不满足规范:家庭客户实例主键查重''
                                             else dims_col_rtName||'',家庭客户实例主键查重'' end)
                 where exists(select 1 from CM_HOME_CUST_BUSINESS t2 where t2.ctid <> t1.ctid and t2.int_id=t1.int_id)', 1, 'admin', 'admin', 'PROC_CHECKONEDYNAMICSQLINDEX', 908000001, 1, null),
(908003041, '宽带业务信息主键查重', 'home-2-12', 212, 908000002, '家客', 11, null, 'update CE_BROADBAND_BUSINESS t1 
                   set dims_col_result=(case when dims_col_result like ''%home-2-12%'' then dims_col_result
                                             when dims_col_result is null then ''home-2-12''
                                             else dims_col_result||'',home-2-12'' end),
                       dims_col_rtName=(case when dims_col_rtName like ''%宽带业务信息主键查重%'' then dims_col_rtName
                                             when dims_col_rtName is null then ''不满足规范:宽带业务信息主键查重''
                                             else dims_col_rtName||'',宽带业务信息主键查重'' end)
                 where exists(select 1 from CE_BROADBAND_BUSINESS t2 where t2.ctid <> t1.ctid and t2.int_id=t1.int_id)', 1, 'admin', 'admin', 'PROC_CHECKONEDYNAMICSQLINDEX', 908000002, 1, null),
(908003042, 'IMS业务信息主键查重', 'home-2-13', 213, 908000003, '家客', 11, null, 'update CE_IMS_BUSINESS t1 
                   set dims_col_result=(case when dims_col_result like ''%home-2-13%'' then dims_col_result
                                             when dims_col_result is null then ''home-2-13''
                                             else dims_col_result||'',home-2-13'' end),
                       dims_col_rtName=(case when dims_col_rtName like ''%IMS业务信息主键查重%'' then dims_col_rtName
                                             when dims_col_rtName is null then ''不满足规范:IMS业务信息主键查重''
                                             else dims_col_rtName||'',IMS业务信息主键查重'' end)
                 where exists(select 1 from CE_IMS_BUSINESS t2 where t2.ctid <> t1.ctid and t2.int_id=t1.int_id)', 1, 'admin', 'admin', 'PROC_CHECKONEDYNAMICSQLINDEX', 908000003, 1, null),
(908003043, '互联网电视业务信息主键查重', 'home-2-14', 214, 908000004, '家客', 11, null, ' update CE_TV_BUSINESS t1 
                   set dims_col_result=(case when dims_col_result like ''%home-2-14%'' then dims_col_result
                                             when dims_col_result is null then ''home-2-14''
                                             else dims_col_result||'',home-2-14'' end),
                       dims_col_rtName=(case when dims_col_rtName like ''%互联网电视业务信息主键查重%'' then dims_col_rtName
                                             when dims_col_rtName is null then ''不满足规范:互联网电视业务信息主键查重''
                                             else dims_col_rtName||'',互联网电视业务信息主键查重'' end)
                 where exists(select 1 from CE_TV_BUSINESS t2 where t2.ctid <> t1.ctid and t2.int_id=t1.int_id)', 1, 'admin', 'admin', 'PROC_CHECKONEDYNAMICSQLINDEX', 908000004, 1, null),
(908003044, '小区信息表主键查重', 'home-2-15', 215, 908000005, '家客', 11, null, 'update RM_AREA_RESIDENTIAL t1 
                   set dims_col_result=(case when dims_col_result like ''%home-2-15%'' then dims_col_result
                                             when dims_col_result is null then ''home-2-15''
                                             else dims_col_result||'',home-2-15'' end),
                       dims_col_rtName=(case when dims_col_rtName like ''%小区信息表主键查重%'' then dims_col_rtName
                                             when dims_col_rtName is null then ''不满足规范:小区信息表主键查重''
                                             else dims_col_rtName||'',小区信息表主键查重'' end)
                 where exists(select 1 from RM_AREA_RESIDENTIAL t2 where t2.ctid <> t1.ctid and t2.int_id=t1.int_id)', 1, 'admin', 'admin', 'PROC_CHECKONEDYNAMICSQLINDEX', 908000005, 1, null),
(908003045, '家客小区网格主键查重', 'home-2-16', 216, 908000006, '家客', 11, null, 'update RM_GRID t1 
                   set dims_col_result=(case when dims_col_result like ''%home-2-16%'' then dims_col_result
                                             when dims_col_result is null then ''home-2-16''
                                             else dims_col_result||'',home-2-16'' end),
                       dims_col_rtName=(case when dims_col_rtName like ''%家客小区网格主键查重%'' then dims_col_rtName
                                             when dims_col_rtName is null then ''不满足规范:家客小区网格主键查重''
                                             else dims_col_rtName||'',家客小区网格主键查重'' end)
                 where exists(select 1 from RM_GRID t2 where t2.ctid <> t1.ctid and t2.int_id=t1.int_id)', 1, 'admin', 'admin', 'PROC_CHECKONEDYNAMICSQLINDEX', 908000006, 1, null), 
(908003046, '资源覆盖信息表主键查重', 'home-2-17', 217, 908000007, '家客', 11, null, 'update CUST_RELATION_RESOURCES t1 
                   set dims_col_result=(case when dims_col_result like ''%home-2-17%'' then dims_col_result
                                             when dims_col_result is null then ''home-2-17''
                                             else dims_col_result||'',home-2-17'' end),
                       dims_col_rtName=(case when dims_col_rtName like ''%资源覆盖信息表主键查重%'' then dims_col_rtName
                                             when dims_col_rtName is null then ''不满足规范:资源覆盖信息表主键查重''
                                             else dims_col_rtName||'',资源覆盖信息表主键查重'' end)
                 where exists(select 1 from CUST_RELATION_RESOURCES t2 where t2.ctid <> t1.ctid and t2.int_id=t1.int_id)', 1, 'admin', 'admin', 'PROC_CHECKONEDYNAMICSQLINDEX', 908000007, 1, null),
(908003047, 'ONU主键查重', 'home-2-18', 218, 908000008, '家客', 11, null, 'update CM_DEVICE_ONU t1 
                   set dims_col_result=(case when dims_col_result like ''%home-2-18%'' then dims_col_result
                                             when dims_col_result is null then ''home-2-18'' 
                                             else dims_col_result||'',home-2-18'' end),
                       dims_col_rtName=(case when dims_col_rtName like ''%ONU主键查重%'' then dims_col_rtName
                                             when dims_col_rtName is null then ''不满足规范:ONU主键查重''
                                             else dims_col_rtName||'',ONU主键查重'' end)
                 where exists(select 1 from CM_DEVICE_ONU t2 where t2.ctid <> t1.ctid and t2.int_id=t1.int_id)', 1, 'admin', 'admin', 'PROC_CHECKONEDYNAMICSQLINDEX', 908000008, 1, null),
(908003048, 'ONU端口主键查重', 'home-2-19', 219, 908000009, '家客', 11, null, ' update CM_ONU_PORT t1 
                   set dims_col_result=(case when dims_col_result like ''%home-2-19%'' then dims_col_result
                                             when dims_col_result is null then ''home-2-19''
                                             else dims_col_result||'',home-2-19'' end),
                       dims_col_rtName=(case when dims_col_rtName like ''%ONU端口主键查重%'' then dims_col_rtName
                                             when dims_col_rtName is null then ''不满足规范:ONU端口主键查重''
                                             else dims_col_rtName||'',ONU端口主键查重'' end)
                 where exists(select 1 from CM_ONU_PORT t2 where t2.ctid <> t1.ctid and t2.int_id=t1.int_id)', 1, 'admin', 'admin', 'PROC_CHECKONEDYNAMICSQLINDEX', 908000009, 1, null),
(908003049, '分光器主键查重', 'home-2-20', 220, 908000010, '家客', 11, null, 'update CM_DEVICE_OBD t1 
                   set dims_col_result=(case when dims_col_result like ''%home-2-20%'' then dims_col_result
                                             when dims_col_result is null then ''home-2-20''
                                             else dims_col_result||'',home-2-20'' end),
                       dims_col_rtName=(case when dims_col_rtName like ''%分光器主键查重%'' then dims_col_rtName
                                             when dims_col_rtName is null then ''不满足规范:分光器主键查重''
                                             else dims_col_rtName|| '',分光器主键查重'' end)
                 where exists(select 1 from CM_DEVICE_OBD t2 where t2.ctid <> t1.ctid and t2.int_id=t1.int_id)', 1, 'admin', 'admin', 'PROC_CHECKONEDYNAMICSQLINDEX', 908000010, 1, null),
(908003050, '分光器端口主键查重', 'home-2-21', 221, 908000011, '家客', 11, null, 'update CM_OBD_PORT t1 
                   set dims_col_result=(case when dims_col_result like ''%home-2-21%'' then dims_col_result
                                             when dims_col_result is null then ''home-2-21''
                                             else dims_col_result||'',home-2-21'' end),
                       dims_col_rtName=(case when dims_col_rtName like ''%分光器端口主键查重%'' then dims_col_rtName
                                             when dims_col_rtName is null then ''不满足规范:分光器端口主键查重''
                                             else dims_col_rtName||'',分光器端口主键查重'' end)
                 where exists(select 1 from CM_OBD_PORT t2 where t2.ctid <> t1.ctid and t2.int_id=t1.int_id)', 1, 'admin', 'admin', 'PROC_CHECKONEDYNAMICSQLINDEX', 908000011, 1, null),
(908003051, '多媒体箱主键查重', 'home-2-22', 222, 908000012, '家客', 11, null, 'update CE_DEVICE_DMT t1 
                   set dims_col_result=(case when dims_col_result like ''%home-2-22%'' then dims_col_result
                                             when dims_col_result is null then ''home-2-22''
                                             else dims_col_result||'',home-2-22'' end),
                       dims_col_rtName=(case when dims_col_rtName like ''%多媒体箱主键查重%'' then dims_col_rtName
                                             when dims_col_rtName is null then ''不满足规范:多媒体箱主键查重''
                                             else dims_col_rtName||'',多媒体箱主键查重'' end)
                 where exists(select 1 from CE_DEVICE_DMT t2 where t2.ctid <> t1.ctid and t2.int_id=t1.int_id)', 1, 'admin', 'admin', 'PROC_CHECKONEDYNAMICSQLINDEX', 908000012, 1, null),
(908003052, '分纤箱主键查重', 'home-2-23', 223, 908000013, '家客', 11, null, 'update CE_DEVICE_GF t1 
                   set dims_col_result=(case when dims_col_result like ''%home-2-23%'' then dims_col_result
                                             when dims_col_result is null then ''home-2-23''
                                             else dims_col_result||'',home-2-23'' end),
                       dims_col_rtName=(case when dims_col_rtName like ''%分纤箱主键查重%'' then dims_col_rtName
                                             when dims_col_rtName is null then ''不满足规范:分纤箱主键查重''
                                             else dims_col_rtName||'',分纤箱主键查重'' end)
                 where exists(select 1 from CE_DEVICE_GF t2 where t2.ctid <> t1.ctid and t2.int_id=t1.int_id)', 1, 'admin', 'admin', 'PROC_CHECKONEDYNAMICSQLINDEX', 908000013, 1, null),

(908003053, '分纤箱端子主键查重', 'home-2-24', 224, 908000014, '家客', 11, null, 'update CM_GF_PORT t1 
                   set dims_col_result=(case when dims_col_result like ''%home-2-24%'' then dims_col_result
                                             when dims_col_result is null then ''home-2-24''
                                             else dims_col_result||'',home-2-24'' end),
                       dims_col_rtName=(case when dims_col_rtName like ''%分纤箱端子主键查重%'' then dims_col_rtName
                                             when dims_col_rtName is null then  ''不满足规范:分纤箱端子主键查重'' 
                                             else dims_col_rtName||'',分纤箱端子主键查重'' end)
                 where exists(select 1 from CM_GF_PORT t2 where t2.ctid <> t1.ctid and t2.int_id=t1.int_id)', 1, 'admin', 'admin', 'PROC_CHECKONEDYNAMICSQLINDEX', 908000014, 1, null),
(908003054, '宽带业务信息枚举值核查', 'home-2-25', 225, 908000002, '家客', 4, null, null, 1, 'admin', 'admin', 'PROC_CHECKONEDICTACCURACYINDEX', 908000002, 1, null),
(908003055, 'IMS业务信息枚举值核查', 'home-2-26', 226, 908000003, '家客', 4, null, null, 1, 'admin', 'admin', 'PROC_CHECKONEDICTACCURACYINDEX', 908000003, 1, null),
(908003056, '互联网电视业务信息枚举值核查', 'home-2-27', 227, 908000004, '家客', 4, null, null, 1, 'admin', 'admin', 'PROC_CHECKONEDICTACCURACYINDEX', 908000004, 1, null),
(908003057, '小区信息表枚举值核查', 'home-2-28', 228, 908000005, '家客', 4, null, null, 1, 'admin', 'admin', 'PROC_CHECKONEDICTACCURACYINDEX', 908000005, 1, null),
(908003058, '家客小区网格枚举值核查', 'home-2-29', 229, 908000006, '家客', 4, null, null, 1, 'admin', 'admin', 'PROC_CHECKONEDICTACCURACYINDEX', 908000006, 1, null),
(908003059, '资源覆盖信息表枚举值核查', 'home-2-30', 230, 908000007, '家客', 4, null, null, 1, 'admin', 'admin', 'PROC_CHECKONEDICTACCURACYINDEX', 908000007, 1, null),
(908003060, 'ONU枚举值核查', 'home-2-31', 231, 908000008, '家客', 4, null, null, 1, 'admin', 'admin', 'PROC_CHECKONEDICTACCURACYINDEX', 908000008, 1, null),
(908003061, 'ONU端口枚举值核查', 'home-2-32', 232, 908000009, '家客', 4, null, null, 1, 'admin', 'admin', 'PROC_CHECKONEDICTACCURACYINDEX', 908000009, 1, null),
(908003062, '分光器枚举值核查', 'home-2-33', 233, 908000010, '家客', 4, null, null, 1, 'admin', 'admin', 'PROC_CHECKONEDICTACCURACYINDEX', 908000010, 1, null),
(908003063, '分光器端口枚举值核查', 'home-2-34', 234, 908000011, '家客', 4, null, null, 1, 'admin', 'admin', 'PROC_CHECKONEDICTACCURACYINDEX', 908000011, 1, null),
(908003064, '多媒体箱枚举值核查', 'home-2-35', 235, 908000012, '家客', 4, null, null, 1, 'admin', 'admin', 'PROC_CHECKONEDICTACCURACYINDEX', 908000012, 1, null),
(908003065, '分纤箱枚举值核查', 'home-2-36', 236, 908000013, '家客', 4, null, null, 1, 'admin', 'admin', 'PROC_CHECKONEDICTACCURACYINDEX', 908000013, 1, null),
(908003066, '分纤箱端子枚举值核查', 'home-2-37', 237, 908000014, '家客', 4, null, null, 1, 'admin', 'admin', 'PROC_CHECKONEDICTACCURACYINDEX', 908000014, 1, null);

-- 家客资源关联性核查
-- 构造顺序：
insert into dims_idx_index (ID, NAME, CODE, ORDERBY, ENTITYTYPE_ID, SPECIALITYNAME, TYPE, AMOUNTSQL, ERRORSQL, ISENABLE, CREATOR, UPDATER, PROCNAME, THREADNO, PRIORITY, MEMO) values
(908003101, '省份，地市，区县在省份表、地市表、区县表中不存在', 'home-3-1', 301, 908000001, '家客', 11, null, 'update CM_HOME_CUST_BUSINESS t1 
                   set dims_col_result=(case when dims_col_result like ''%home-3-1%'' then dims_col_result
                                             when dims_col_result is null then ''home-3-1''
                                             else dims_col_result||'',home-3-1'' end),
                       dims_col_rtName=(case when dims_col_rtName like ''%省份，地市，区县在省份表、地市表、区县表中不存在%'' then dims_col_rtName
                                             when dims_col_rtName is null then ''不满足规范:省份，地市，区县在省份表、地市表、区县表中不存在''
                                             else dims_col_rtName||'',省份，地市，区县在省份表、地市表、区县表中不存在'' end)
                 where isNotNull(t1.province_id) and isNotNull(t1.city_id) and isNotNull(t1.county_id) and (not exists(select 1 from provice_view t2 where t2.code=t1.province_id) or not exists(select 1 from city_view t3 where t3.code=t1.city_id) or not exists (select 1 from country_view t4 where t4.code=t1.county_id))', 1, 'admin', 'admin', 'PROC_CHECKONEDYNAMICSQLINDEX', 908000001, 1, null), 
(908003102, '省份，地市，区县在省份表、地市表、区县表中不存在', 'home-3-2', 302, 908000002, '家客', 11, null, 'update CE_BROADBAND_BUSINESS t1 
                   set dims_col_result=(case when dims_col_result like ''%home-3-2%'' then dims_col_result
                                             when dims_col_result is null then ''home-3-2''
                                             else dims_col_result||'',home-3-2'' end),
                       dims_col_rtName=(case when dims_col_rtName like ''%省份，地市，区县在省份表、地市表、区县表中不存在%'' then dims_col_rtName
                                             when dims_col_rtName is null then ''不满足规范:省份，地市，区县在省份表、地市表、区县表中不存在''
                                             else dims_col_rtName||'',省份，地市，区县在省份表、地市表、区县表中不存在'' end)
                 where isNotNull(t1.province_id) and isNotNull(t1.city_id) and isNotNull(t1.county_id) and (not exists(select 1 from provice_view t2 where t2.code=t1.province_id) or not exists(select 1 from city_view t3 where t3.code=t1.city_id) or not exists (select 1 from country_view t4 where t4.code=t1.county_id))', 1, 'admin', 'admin', 'PROC_CHECKONEDYNAMICSQLINDEX', 908000002, 1, null),
(908003103, '省份，地市，区县在省份表、地市表、区县表中不存在', 'home-3-3', 303, 908000003, '家客', 11, null, 'update CE_IMS_BUSINESS t1 
                   set dims_col_result=(case when dims_col_result like ''%home-3-3%'' then dims_col_result
                                             when dims_col_result is null then ''home-3-3''
                                             else dims_col_result||'',home-3-3'' end),
                       dims_col_rtName=(case when dims_col_rtName like ''%省份，地市，区县在省份表、地市表、区县表中不存在%'' then dims_col_rtName
                                             when dims_col_rtName is null then ''不满足规范:省份，地市，区县在省份表、地市表、区县表中不存在''
                                             else dims_col_rtName||'',省份，地市，区县在省份表、地市表、区县表中不存在'' end)
                 where isNotNull(t1.province_id) and isNotNull(t1.city_id) and isNotNull(t1.county_id) and (not exists(select 1 from provice_view t2 where t2.code=t1.province_id) or not exists(select 1 from city_view t3 where t3.code=t1.city_id) or not exists (select 1 from country_view t4 where t4.code=t1.county_id))', 1, 'admin', 'admin', 'PROC_CHECKONEDYNAMICSQLINDEX', 908000003, 1, null),
(908003104, '省份，地市，区县在省份表、地市表、区县表中不存在', 'home-3-4', 304, 908000004, '家客', 11, null, 'update CE_TV_BUSINESS t1
                    set dims_col_result=(case when dims_col_result like ''%home-3-4%'' then dims_col_result
                                             when dims_col_result is null then ''home-3-4''
                                             else dims_col_result||'',home-3-4'' end),
                       dims_col_rtName=(case when dims_col_rtName like ''%省份，地市，区县在省份表、地市表、区县表中不存在%'' then dims_col_rtName
                                             when dims_col_rtName is null then ''不满足规范:省份，地市，区县在省份表、地市表、区县表中不存在''
                                             else dims_col_rtName||'',省份，地市，区县在省份表、地市表、区县表中不存在'' end)
                 where isNotNull(t1.province_id) and isNotNull(t1.city_id) and isNotNull(t1.county_id) and (not exists(select 1 from provice_view t2 where t2.code=t1.province_id) or not exists(select 1 from city_view t3 where t3.code=t1.city_id) or not exists (select 1 from country_view t4 where t4.code=t1.county_id))', 1, 'admin', 'admin', 'PROC_CHECKONEDYNAMICSQLINDEX', 908000004, 1, null),
(908003105, '省份，地市，区县在省份表、地市表、区县表中不存在', 'home-3-5', 305, 908000005, '家客', 11, null, 'update RM_AREA_RESIDENTIAL t1
                    set dims_col_result=(case when dims_col_result like ''%home-3-5%'' then dims_col_result
                                             when dims_col_result is null then ''home-3-5''
                                             else dims_col_result||'',home-3-5'' end),
                       dims_col_rtName=(case when dims_col_rtName like ''%省份，地市，区县在省份表、地市表、区县表中不存在%'' then dims_col_rtName
                                             when dims_col_rtName is null then ''不满足规范:省份，地市，区县在省份表、地市表、区县表中不存在''
                                             else dims_col_rtName|| '',省份，地市，区县在省份表、地市表、区县表中不存在'' end)
                 where isNotNull(t1.province_id) and isNotNull(t1.city_id) and isNotNull(t1.county_id) and (not exists(select 1 from provice_view t2 where t2.code=t1.province_id) or not exists(select 1 from city_view t3 where t3.code=t1.city_id) or not exists (select 1 from country_view t4 where t4.code=t1.county_id))', 1, 'admin', 'admin', 'PROC_CHECKONEDYNAMICSQLINDEX', 908000005, 1, null), 
(908003106, '省份，地市，区县在省份表、地市表、区县表中不存在', 'home-3-6', 306, 908000006, '家客', 11, null, 'update RM_GRID t1
                    set dims_col_result=(case when dims_col_result like ''%home-3-6%'' then dims_col_result
                                             when dims_col_result is null then ''home-3-6''
                                             else dims_col_result||'',home-3-6'' end),
                       dims_col_rtName=(case when dims_col_rtName like ''%省份，地市，区县在省份表、地市表、区县表中不存在%'' then dims_col_rtName
                                             when dims_col_rtName is null then ''不满足规范:省份，地市，区县在省份表、地市表、区县表中不存在''
                                             else dims_col_rtName||'',省份，地市，区县在省份表、地市表、区县表中不存在'' end)
                 where isNotNull(t1.province_id) and isNotNull(t1.city_id) and isNotNull(t1.county_id) and (not exists(select 1 from provice_view t2 where t2.code=t1.province_id) or not exists(select 1 from city_view t3 where t3.code=t1.city_id) or not exists (select 1 from country_view t4 where t4.code=t1.county_id))', 1, 'admin', 'admin', 'PROC_CHECKONEDYNAMICSQLINDEX', 908000006, 1, null), 
(908003107, '省份，地市，区县在省份表、地市表、区县表中不存在', 'home-3-7', 307, 908000007, '家客', 11, null, 'update CUST_RELATION_RESOURCES t1 
                   set dims_col_result=(case when dims_col_result like ''%home-3-7%'' then dims_col_result
                                             when dims_col_result is null then ''home-3-7''
                                             else dims_col_result||'',home-3-7'' end),
                       dims_col_rtName=(case when dims_col_rtName like ''%省份，地市，区县在省份表、地市表、区县表中不存在%'' then dims_col_rtName
                                             when dims_col_rtName is null then ''不满足规范:省份，地市，区县在省份表、地市表、区县表中不存在''
                                             else dims_col_rtName||'',省份，地市，区县在省份表、地市表、区县表中不存在'' end)
                 where isNotNull(t1.province_id) and isNotNull(t1.city_id) and isNotNull(t1.county_id) and (not exists(select 1 from provice_view t2 where t2.code=t1.province_id) or not exists(select 1 from city_view t3 where t3.code=t1.city_id) or not exists (select 1 from country_view t4 where t4.code=t1.county_id))', 1, 'admin', 'admin', 'PROC_CHECKONEDYNAMICSQLINDEX', 908000007, 1, null), 
(908003108, '省份，地市，区县在省份表、地市表、区县表中不存在', 'home-3-8', 308, 908000008, '家客', 11, null, 'update CM_DEVICE_ONU t1
                    set dims_col_result=(case when dims_col_result like ''%home-3-8%'' then dims_col_result
                                             when dims_col_result is null then ''home-3-8''
                                             else dims_col_result||'',home-3-8'' end),
                       dims_col_rtName=(case when dims_col_rtName like ''%省份，地市，区县在省份表、地市表、区县表中不存在%'' then dims_col_rtName
                                             when dims_col_rtName is null then ''不满足规范:省份，地市，区县在省份表、地市表、区县表中不存在''
                                             else dims_col_rtName||'',省份，地市，区县在省份表、地市表、区县表中不存在'' end)
                 where isNotNull(t1.province_id) and isNotNull(t1.city_id) and isNotNull(t1.county_id) and (not exists(select 1 from provice_view t2 where t2.code=t1.province_id) or not exists(select 1 from city_view t3 where t3.code=t1.city_id) or not exists (select 1 from country_view t4 where t4.code=t1.county_id))', 1, 'admin', 'admin', 'PROC_CHECKONEDYNAMICSQLINDEX', 908000008, 1, null), 
(908003109, '省份，地市，区县在省份表、地市表、区县表中不存在', 'home-3-9', 309, 908000009, '家客', 11, null, 'update CM_ONU_PORT t1
                    set dims_col_result=(case when dims_col_result like ''%home-3-9%'' then dims_col_result
                                             when dims_col_result is null then ''home-3-9''
                                             else dims_col_result||'',home-3-9'' end),
                       dims_col_rtName=(case when dims_col_rtName like ''%省份，地市，区县在省份表、地市表、区县表中不存在%'' then dims_col_rtName
                                             when dims_col_rtName is null then ''不满足规范:省份，地市，区县在省份表、地市表、区县表中不存在''
                                             else dims_col_rtName||'',省份，地市，区县在省份表、地市表、区县表中不存在'' end)
                 where isNotNull(t1.province_id) and isNotNull(t1.city_id) and isNotNull(t1.county_id) and (not exists(select 1 from provice_view t2 where t2.code=t1.province_id) or not exists(select 1 from city_view t3 where t3.code=t1.city_id) or not exists (select 1 from country_view t4 where t4.code=t1.county_id))', 1, 'admin', 'admin', 'PROC_CHECKONEDYNAMICSQLINDEX', 908000009, 1, null), 
(908003110, '省份，地市，区县在省份表、地市表、区县表中不存在', 'home-3-10', 310, 908000010, '家客', 11, null, 'update CM_DEVICE_OBD t1
                    set dims_col_result=(case when dims_col_result like ''%home-3-10%'' then dims_col_result
                                             when dims_col_result is null then ''home-3-10''
                                             else dims_col_result||'',home-3-10'' end),
                       dims_col_rtName=(case when dims_col_rtName like ''%省份，地市，区县在省份表、地市表、区县表中不存在%'' then dims_col_rtName
                                             when dims_col_rtName is null then ''不满足规范:省份，地市，区县在省份表、地市表、区县表中不存在''
                                             else dims_col_rtName|| '',省份，地市，区县在省份表、地市表、区县表中不存在'' end)
                 where isNotNull(t1.province_id) and isNotNull(t1.city_id) and isNotNull(t1.county_id) and (not exists(select 1 from provice_view t2 where t2.code=t1.province_id) or not exists(select 1 from city_view t3 where t3.code=t1.city_id) or not exists (select 1 from country_view t4 where t4.code=t1.county_id))', 1, 'admin', 'admin', 'PROC_CHECKONEDYNAMICSQLINDEX', 908000010, 1, null), 
(908003111, '省份，地市，区县在省份表、地市表、区县表中不存在', 'home-3-11', 311, 908000011, '家客', 11, null, 'update CM_OBD_PORT t1
                    set dims_col_result=(case when dims_col_result like ''%home-3-11%'' then dims_col_result
                                             when dims_col_result is null then ''home-3-11''
                                             else dims_col_result||'',home-3-11'' end),
                       dims_col_rtName=(case when dims_col_rtName like ''%省份，地市，区县在省份表、地市表、区县表中不存在%'' then dims_col_rtName
                                             when dims_col_rtName is null then ''不满足规范:省份，地市，区县在省份表、地市表、区县表中不存在''
                                             else dims_col_rtName||'',省份，地市，区县在省份表、地市表、区县表中不存在'' end)
                 where isNotNull(t1.province_id) and isNotNull(t1.city_id) and isNotNull(t1.county_id) and (not exists(select 1 from provice_view t2 where t2.code=t1.province_id) or not exists(select 1 from city_view t3 where t3.code=t1.city_id) or not exists (select 1 from country_view t4 where t4.code=t1.county_id))', 1, 'admin', 'admin', 'PROC_CHECKONEDYNAMICSQLINDEX', 908000011, 1, null), 
(908003112, '省份，地市，区县在省份表、地市表、区县表中不存在', 'home-3-12', 312, 908000012, '家客', 11, null, 'update CE_DEVICE_DMT t1
                    set dims_col_result=(case when dims_col_result like ''%home-3-12%'' then dims_col_result
                                             when dims_col_result is null then ''home-3-12''
                                             else dims_col_result||'',home-3-12'' end),
                       dims_col_rtName=(case when dims_col_rtName like ''%省份，地市，区县在省份表、地市表、区县表中不存在%'' then dims_col_rtName
                                             when dims_col_rtName is null then ''不满足规范:省份，地市，区县在省份表、地市表、区县表中不存在''
                                             else dims_col_rtName||'',省份，地市，区县在省份表、地市表、区县表中不存在'' end)
                 where isNotNull(t1.province_id) and isNotNull(t1.city_id) and isNotNull(t1.county_id) and (not exists(select 1 from provice_view t2 where t2.code=t1.province_id) or not exists(select 1 from city_view t3 where t3.code=t1.city_id) or not exists (select 1 from country_view t4 where t4.code=t1.county_id))', 1, 'admin', 'admin', 'PROC_CHECKONEDYNAMICSQLINDEX', 908000012, 1, null), 
(908003113, '省份，地市，区县在省份表、地市表、区县表中不存在', 'home-3-13', 313, 908000013, '家客', 11, null, 'update CE_DEVICE_GF t1
                    set dims_col_result=(case when dims_col_result like ''%home-3-13%'' then dims_col_result
                                             when dims_col_result is null then ''home-3-13''
                                             else dims_col_result||'',home-3-13'' end),
                       dims_col_rtName=(case when dims_col_rtName like ''%省份，地市，区县在省份表、地市表、区县表中不存在%'' then dims_col_rtName
                                             when dims_col_rtName is null then ''不满足规范:省份，地市，区县在省份表、地市表、区县表中不存在''
                                             else dims_col_rtName||'',省份，地市，区县在省份表、地市表、区县表中不存在'' end)
                 where isNotNull(t1.province_id) and isNotNull(t1.city_id) and isNotNull(t1.county_id) and (not exists(select 1 from provice_view t2 where t2.code=t1.province_id) or not exists(select 1 from city_view t3 where t3.code=t1.city_id) or not exists (select 1 from country_view t4 where t4.code=t1.county_id))', 1, 'admin', 'admin', 'PROC_CHECKONEDYNAMICSQLINDEX', 908000013, 1, null), 
(908003114, '省份，地市，区县在省份表、地市表、区县表中不存在', 'home-3-14', 314, 908000014, '家客', 11, null, 'update CM_GF_PORT t1
                    set dims_col_result=(case when dims_col_result like ''%home-3-14%'' then dims_col_result
                                             when dims_col_result is null then ''home-3-14''
                                             else dims_col_result||'',home-3-14'' end),
                       dims_col_rtName=(case when dims_col_rtName like ''%省份，地市，区县在省份表、地市表、区县表中不存在%'' then dims_col_rtName
                                             when dims_col_rtName is null then ''不满足规范:省份，地市，区县在省份表、地市表、区县表中不存在'' 
                                             else dims_col_rtName|| '',省份，地市，区县在省份表、地市表、区县表中不存在'' end)
                 where isNotNull(t1.province_id) and isNotNull(t1.city_id) and isNotNull(t1.county_id) and (not exists(select 1 from provice_view t2 where t2.code=t1.province_id) or not exists(select 1 from city_view t3 where t3.code=t1.city_id) or not exists (select 1 from country_view t4 where t4.code=t1.county_id))', 1, 'admin', 'admin', 'PROC_CHECKONEDYNAMICSQLINDEX', 908000014, 1, null),

--(908003115, '家庭客户实例-客户接入地址在【分级地址】对象表中不存在', 'home-3-15', 315, 908000001, '家客', 11, null, 'update', 2, 'admin', 'admin', 'PROC_CHECKONEDYNAMICSQLINDEX', 908000001, 1, null),
(908003116, '家庭客户实例-所属设备在【ONU】（FTTB模式）/【分光器】表中部存在', 'home-3-16', 316, 908000001, '家客', 11, null, 'update CM_HOME_CUST_BUSINESS t1
                  set dims_col_result=(case when dims_col_result like ''%home-3-16%'' then dims_col_result
                                             when dims_col_result is null then ''home-3-16''
                                             else dims_col_result||'',home-3-16'' end),
                       dims_col_rtName=(case when dims_col_rtName like ''%家庭客户实例-所属设备在【ONU】（FTTB模式）/【分光器】表中不存在%'' then dims_col_rtName
                                             when dims_col_rtName is null then ''家庭客户实例-所属设备在【ONU】（FTTB模式）/【分光器】表中不存在''
                                             else dims_col_rtName||'',家庭客户实例-所属设备在【ONU】（FTTB模式）/【分光器】表中不存在'' end)
                 where isNotNull(t1.device_id) and not exists(select 1 from CM_DEVICE_ONU t2 where t2.enter_type = ''FTTB'' and t2.int_id=t1.device_id) and not exists(select 1 from CM_DEVICE_OBD t3 where t3.int_id=t1.device_id)', 1, 'admin', 'admin', 'PROC_CHECKONEDYNAMICSQLINDEX', 908000001, 1, null), 
(908003117, '家庭客户实例-所属设备端口在【ONU】（FTTB模式）/【分光器】（FTTH模式）设备对象的端口中部存在', 'home-3-17', 317, 908000001, '家客', 11, null, 'update CM_HOME_CUST_BUSINESS t1
                   set dims_col_result=(case when dims_col_result like ''%home-3-17%'' then dims_col_result
                                             when dims_col_result is null then ''home-3-17''
                                             else dims_col_result||'',home-3-17'' end),
                       dims_col_rtName=(case when dims_col_rtName like ''%家庭客户实例-所属设备端口在【ONU】（FTTB模式）/【分光器】（FTTH模式）设备对象的端口中部存在%'' then dims_col_rtName
                                             when dims_col_rtName is null then ''不满足规范:家庭客户实例-所属设备端口在【ONU】（FTTB模式）/【分光器】（FTTH模式）设备对象的端口中部存在''
                                             else dims_col_rtName||'',家庭客户实例-所属设备端口在【ONU】（FTTB模式）/【分光器】（FTTH模式）设备对象的端口中部存在'' end)
                 where isNotNull(t1.port_id) and not exists(select 1 from CM_ONU_PORT t2 where isNotNull(t2.int_id) and t1.port_id=t2.int_id) and not exists(select 1 from CM_OBD_PORT t3 where isNotNull(t3.int_id) and t1.port_id=t3.int_id)', 1, 'admin', 'admin', 'PROC_CHECKONEDYNAMICSQLINDEX', 908000001, 1, null),
 --(908003118, '小区信息表-所属网格编号在【区域网格表】中不存在', 'home-3-18', 318, 908000005, '家客', 11, null, 'update', 2, 'admin', 'admin', 'PROC_CHECKONEDYNAMICSQLINDEX', 908000005, 1, null),
(908003119, 'ONU-上联设备在【分光器】对象中不存在', 'home-3-19', 319, 908000008, '家客', 11, null, 'update CM_DEVICE_ONU t1
                   set dims_col_result=(case when dims_col_result like ''%home-3-19%'' then dims_col_result
                                             when dims_col_result is null then ''home-3-19''
                                             else dims_col_result||'',home-3-19'' end),
                       dims_col_rtName=(case when dims_col_rtName like ''%ONU-上联设备在【分光器】对象中不存在%'' then dims_col_rtName
                                             when dims_col_rtName is null then ''不满足规范:ONU-上联设备在【分光器】对象中不存在''
                                             else dims_col_rtName||'',ONU-上联设备在【分光器】对象中不存在'' end)
                 where isNotNull(t1.relation_up_device_id) and not exists(select 1 from CM_DEVICE_OBD t2 where isNotNull(t2.int_id) and t1.relation_up_device_id=t2.int_id)', 1, 'admin', 'admin', 'PROC_CHECKONEDYNAMICSQLINDEX', 908000008, 1, null), 
(908003120, 'ONU-上联设备端口在【分光器端口】对象中不存在', 'home-3-20', 320, 908000008, '家客', 11, null, 'update CM_DEVICE_ONU t1
                    set dims_col_result=(case when dims_col_result like ''%home-3-20%'' then dims_col_result
                                             when dims_col_result is null then ''home-3-20''
                                             else dims_col_result||'',home-3-20'' end),
                       dims_col_rtName=(case when dims_col_rtName like ''%ONU-上联设备端口在【分光器端口】对象中不存在%'' then dims_col_rtName
                                             when dims_col_rtName is null then ''不满足规范:ONU-上联设备端口在【分光器端口】对象中不存在''
                                             else dims_col_rtName||'',ONU-上联设备端口在【分光器端口】对象中不存在'' end)
                 where isNotNull(t1.relation_up_device_port) and not exists(select 1 from CM_OBD_PORT t2 where isNotNull(t2.int_id) and t1.relation_up_device_port=t2.int_id)', 1, 'admin', 'admin', 'PROC_CHECKONEDYNAMICSQLINDEX', 908000008, 1, null), 
(908003121, 'ONU端口-所属onu在【ONU】对象中不存在', 'home-3-21', 321, 908000009, '家客', 11, null, 'update CM_ONU_PORT t1
                    set dims_col_result=(case when dims_col_result like ''%home-3-21%'' then dims_col_result
                                             when dims_col_result is null then ''home-3-21''
                                             else dims_col_result||'',home-3-21'' end),
                       dims_col_rtName=(case when dims_col_rtName like ''%ONU端口-所属onu在【ONU】对象中不存在%'' then dims_col_rtName
                                             when dims_col_rtName is null then ''不满足规范:ONU端口-所属onu在【ONU】对象中不存在''
                                             else dims_col_rtName||'',ONU端口-所属onu在【ONU】对象中不存在'' end)
                 where isNotNull(t1.onu_id) and not exists(select 1 from CM_DEVICE_ONU t2 where isNotNull(t2.int_id) and t1.onu_id=t2.int_id)', 1, 'admin', 'admin', 'PROC_CHECKONEDYNAMICSQLINDEX', 908000009, 1, null), 
(908003122, '分光器-安装位置在【光交箱】和【分纤箱】【机房】中都不存在', 'home-3-22', 322, 908000010, '家客', 11, null, 'update CM_DEVICE_OBD t1
                    set dims_col_result=(case when dims_col_result like ''%home-3-22%'' then dims_col_result
                                             when dims_col_result is null then ''home-3-22''
                                             else dims_col_result||'',home-3-22'' end),
                       dims_col_rtName=(case when dims_col_rtName like ''%分光器-安装位置在【光交箱】和【分纤箱】【机房】中都不存在%'' then dims_col_rtName
                                             when dims_col_rtName is null then ''不满足规范:分光器-安装位置在【光交箱】和【分纤箱】【机房】中都不存在''
                                             else dims_col_rtName||'',分光器-安装位置在【光交箱】和【分纤箱】【机房】中都不存在'' end)
                 where isNotNull(t1.up_to_device) and not exists(select 1 from CE_DEVICE_GJ t2 where isNotNull(t2.int_id) and t1.up_to_device=t2.int_id) and not exists(select 1 from CE_DEVICE_GF t3 where isNotNull(t3.int_id) and t1.up_to_device=t3.int_id) and not exists(select 1 from RM_AREA_ROOM t4 where isNotNull(t4.int_id) and t1.up_to_device=t4.int_id)', 1, 'admin', 'admin', 'PROC_CHECKONEDYNAMICSQLINDEX', 908000010, 1, null), 
 -- wushuju
---(908003123, '分光器-安装位置在【OLT】和【分光器】【机房】中都不存在', 'home-3-23', 323, 908000010, '家客', 11, null, 'update', 2, 'admin', 'admin', 'PROC_CHECKONEDYNAMICSQLINDEX', 908000010, 1, null), 
  -- wushuju
---(908003124, '分光器-安装位置在【OLT端口】和【分光器端口】对象中都不存在', 'home-3-24', 324, 908000010, '家客', 11, null, 'update', 2, 'admin', 'admin', 'PROC_CHECKONEDYNAMICSQLINDEX', 908000010, 1, null),  
(908003125, '分光器端口-所属分光器在【分光器】对象中不存在', 'home-3-25', 325, 908000011, '家客', 11, null, 'update CM_OBD_PORT t1
                    set dims_col_result=(case when dims_col_result like ''%home-3-25%'' then dims_col_result
                                             when dims_col_result is null then ''home-3-25''
                                             else dims_col_result||'',home-3-25'' end),
                       dims_col_rtName=(case when dims_col_rtName like ''%分光器端口-所属分光器在【分光器】对象中不存在%'' then dims_col_rtName
                                             when dims_col_rtName is null then ''不满足规范:分光器端口-所属分光器在【分光器】对象中不存在''
                                             else dims_col_rtName||'',分光器端口-所属分光器在【分光器】对象中不存在'' end)
                 where isNotNull(t1.related_device) and not exists(select 1 from CM_DEVICE_OBD t2 where isNotNull(t2.int_id) and t1.related_device=t2.int_id)', 1, 'admin', 'admin', 'PROC_CHECKONEDYNAMICSQLINDEX', 908000011, 1, null), 
(908003126, '分纤箱端子-所属分纤箱在【分纤箱】对象中不存在', 'home-3-26', 326, 908000014, '家客', 11, null, 'update CM_GF_PORT t1
                    set dims_col_result=(case when dims_col_result like ''%home-3-26%'' then dims_col_result
                                             when dims_col_result is null then ''home-3-26''
                                             else dims_col_result||'',home-3-26'' end),
                       dims_col_rtName=(case when dims_col_rtName like ''%分纤箱端子-所属分纤箱在【分纤箱】对象中不存在%'' then dims_col_rtName
                                             when dims_col_rtName is null then ''不满足规范:分纤箱端子-所属分纤箱在【分纤箱】对象中不存在''
                                             else dims_col_rtName||'',分纤箱端子-所属分纤箱在【分纤箱】对象中不存在'' end)
                 where isNotNull(t1.related_device) and not exists(select 1 from CE_DEVICE_GF t2 where isNotNull(t2.int_id) and t1.related_device=t2.int_id)', 1, 'admin', 'admin', 'PROC_CHECKONEDYNAMICSQLINDEX', 908000014, 1, null), 
(908003127, '家庭客户实例无任何业务数据', 'home-3-27', 327, 908000001, '家客', 11, null, 'update CM_HOME_CUST_BUSINESS t1
                    set dims_col_result=(case when dims_col_result like ''%home-3-27%'' then dims_col_result
                                             when dims_col_result is null then ''home-3-27''
                                             else dims_col_result||'',home-3-27'' end),
                       dims_col_rtName=(case when dims_col_rtName like ''%家庭客户实例无任何业务数据%'' then dims_col_rtName
                                             when dims_col_rtName is null then ''不满足规范:家庭客户实例无任何业务数据''
                                             else dims_col_rtName||'',家庭客户实例无任何业务数据'' end)
                 where isNotNull(t1.cust_num) and not exists(select 1 from CE_BROADBAND_BUSINESS t2 where isNotNull(t2.cust_num) and t1.cust_num=t2.cust_num) and not exists(select 1 from CE_IMS_BUSINESS t3 where isNotNull(t3.cust_num) and t1.cust_num=t3.cust_num) and not exists(select 1 from CE_TV_BUSINESS t4 where isNotNull(t4.cust_num) and t1.cust_num=t4.cust_num)', 1, 'admin', 'admin', 'PROC_CHECKONEDYNAMICSQLINDEX', 908000001, 1, null), 
(908003128, 'FTTB模式的ONU资源未被任何家庭客户关联', 'home-3-28', 328, 908000008, '家客', 11, null, 'update CM_DEVICE_ONU t1
                    set dims_col_result=(case when dims_col_result like ''%home-3-28%'' then dims_col_result
                                             when dims_col_result is null then ''home-3-28''
                                             else dims_col_result||'',home-3-28'' end),
                       dims_col_rtName=(case when dims_col_rtName like ''%FTTB模式的ONU资源未被任何家庭客户关联%'' then dims_col_rtName
                                             when dims_col_rtName is null then ''不满足规范:FTTB模式的ONU资源未被任何家庭客户关联''
                                             else dims_col_rtName||'',FTTB模式的ONU资源未被任何家庭客户关联'' end)
                 where isNotNull(t1.int_id) and not exists(select 1 from CM_HOME_CUST_BUSINESS t2 where isNotNull(t2.device_id) and t1.enter_type = ''FTTB'' and t1.int_id=t2.device_id)', 1, 'admin', 'admin', 'PROC_CHECKONEDYNAMICSQLINDEX', 908000008, 1, null), 
(908003129, 'FTTH模式的分光器资源未被任何家庭客户关联', 'home-3-29', 329, 908000010, '家客', 11, null, 'update CM_DEVICE_OBD t1
                    set dims_col_result=(case when dims_col_result like ''%home-3-29%'' then dims_col_result
                                             when dims_col_result is null then ''home-3-29''
                                             else dims_col_result||'',home-3-29'' end),
                       dims_col_rtName=(case when dims_col_rtName like ''%FTTH模式的分光器资源未被任何家庭客户关联%'' then dims_col_rtName
                                             when dims_col_rtName is null then ''不满足规范:FTTH模式的分光器资源未被任何家庭客户关联''
                                             else dims_col_rtName||'',FTTH模式的分光器资源未被任何家庭客户关联'' end)
                 where isNotNull(t1.int_id) and not exists(select 1 from CM_HOME_CUST_BUSINESS t2 where isNotNull(t2.device_id) and t1.int_id=t2.device_id)', 1, 'admin', 'admin', 'PROC_CHECKONEDYNAMICSQLINDEX', 908000010, 1, null), 
(908003130, '家客小区网格内无任何小区信息', 'home-3-30', 330, 908000006, '家客', 11, null, 'update RM_GRID t1
                    set dims_col_result=(case when dims_col_result like ''%home-3-30%'' then dims_col_result
                                             when dims_col_result is null then ''home-3-30''
                                             else dims_col_result||'',home-3-30'' end),
                       dims_col_rtName=(case when dims_col_rtName like ''%家客小区网格内无任何小区信息%'' then dims_col_rtName
                                             when dims_col_rtName is null then ''不满足规范:家客小区网格内无任何小区信息''
                                             else dims_col_rtName||'',家客小区网格内无任何小区信息'' end)
                 where isNotNull(t1.grid_code) and not exists(select 1 from RM_AREA_RESIDENTIAL t2 where isNotNull(t2.related_grid) and t1.grid_code=t2.related_grid)', 1, 'admin', 'admin', 'PROC_CHECKONEDYNAMICSQLINDEX', 908000006, 1, null), 
(908003131, '小区下无任何覆盖信息', 'home-3-31', 331, 908000005, '家客', 11, null, 'update RM_AREA_RESIDENTIAL t1
                    set dims_col_result=(case when dims_col_result like ''%home-3-31%'' then dims_col_result
                                             when dims_col_result is null then ''home-3-31''
                                             else dims_col_result||'',home-3-31'' end),
                       dims_col_rtName=(case when dims_col_rtName like ''%小区下无任何覆盖信息%'' then dims_col_rtName
                                             when dims_col_rtName is null then ''不满足规范:小区下无任何覆盖信息''
                                             else dims_col_rtName||'',小区下无任何覆盖信息'' end)
                 where isNotNull(t1.int_id) and not exists(select 1 from CUST_RELATION_RESOURCES t2 where isNotNull(t2.residential_id) and t1.int_id=t2.residential_id)', 1, 'admin', 'admin', 'PROC_CHECKONEDYNAMICSQLINDEX', 908000005, 1, null), 
(908003132, 'ONU下无ONU端口', 'home-3-32', 332, 908000008, '家客', 11, null, 'update CM_DEVICE_ONU t1
                    set dims_col_result=(case when dims_col_result like ''%home-3-32%'' then dims_col_result
                                             when dims_col_result is null then ''home-3-32''
                                             else dims_col_result||'',home-3-32'' end),
                       dims_col_rtName=(case when dims_col_rtName like ''%ONU下无ONU端口%'' then dims_col_rtName
                                             when dims_col_rtName is null then ''不满足规范:ONU下无ONU端口''
                                             else dims_col_rtName||'',ONU下无ONU端口'' end)
                 where isNotNull(t1.int_id) and not exists(select 1 from CM_ONU_PORT t2 where isNotNull(t2.onu_id) and t1.int_id=t2.onu_id)', 1, 'admin', 'admin', 'PROC_CHECKONEDYNAMICSQLINDEX', 908000008, 1, null), 
(908003133, '分光器下无分光器端口', 'home-3-33', 333, 908000010, '家客', 11, null, 'update CM_DEVICE_OBD t1
                    set dims_col_result=(case when dims_col_result like ''%home-3-33%'' then dims_col_result
                                             when dims_col_result is null then ''home-3-33''
                                             else dims_col_result||'',home-3-33'' end),
                       dims_col_rtName=(case when dims_col_rtName like ''%分光器下无分光器端口%'' then dims_col_rtName
                                             when dims_col_rtName is null then ''不满足规范:分光器下无分光器端口''
                                             else dims_col_rtName||'',分光器下无分光器端口'' end)
                 where isNotNull(t1.int_id) and not exists(select 1 from CM_OBD_PORT t2 where isNotNull(t2.related_device) and t1.int_id=t2.related_device)', 1, 'admin', 'admin', 'PROC_CHECKONEDYNAMICSQLINDEX', 908000010, 1, null), 
(908003134, '分纤箱下无分纤箱端子', 'home-3-34', 334, 908000013, '家客', 11, null, 'update CE_DEVICE_GF t1
                    set dims_col_result=(case when dims_col_result like ''%home-3-34%'' then dims_col_result
                                             when dims_col_result is null then ''home-3-34''
                                             else dims_col_result||'',home-3-34'' end),
                       dims_col_rtName=(case when dims_col_rtName like ''%分纤箱下无分纤箱端子%'' then dims_col_rtName
                                             when dims_col_rtName is null then ''不满足规范:分纤箱下无分纤箱端子''
                                             else dims_col_rtName||'',分纤箱下无分纤箱端子'' end)
                 where isNotNull(t1.int_id) and not exists(select 1 from CM_GF_PORT t2 where isNotNull(t2.related_device) and t1.int_id=t2.related_device)', 1, 'admin', 'admin', 'PROC_CHECKONEDYNAMICSQLINDEX', 908000013, 1, null); 
-- 合规性核查：
insert into dims_idx_index (ID, NAME, CODE, ORDERBY, ENTITYTYPE_ID, SPECIALITYNAME, TYPE, AMOUNTSQL, ERRORSQL, ISENABLE, CREATOR, UPDATER, PROCNAME, THREADNO, PRIORITY, MEMO) values
(908004001, '小区信息出现在多个小区网格中', 'home-4-1', 401, 908000005, '家客', 11, null, 'update RM_AREA_RESIDENTIAL t1
                    set dims_col_result=(case when dims_col_result like ''%home-4-1%'' then dims_col_result
                                             when dims_col_result is null then ''home-4-1''
                                             else dims_col_result||'',home-4-1'' end),
                       dims_col_rtName=(case when dims_col_rtName like ''%小区信息出现在多个小区网格中%'' then dims_col_rtName
                                             when dims_col_rtName is null then ''不满足规范:小区信息出现在多个小区网格中''
                                             else dims_col_rtName||'',小区信息出现在多个小区网格中'' end)
                 where isNotNull(t1.int_id) and (select count(t2.related_area) from RM_GRID t2 where isNotNull(t2.related_area) and t2.related_area=t1.int_id) > 1', 1, 'admin', 'admin', 'PROC_CHECKONEDYNAMICSQLINDEX', 908000005, 1, null);

insert into dims_idx_rule (ID, NAME, CODE, INDEX_ID, ATTRIBUTETYPE_ID, TYPE, RULEMEMO, DICTIONARYNAME, CREATOR, UPDATER, MEMO) values
-- values (901000631, 'RRU必填字段完整性.网管中网元名称', 'WL_RRU.omc_name', 901000596, 901003010, 2, null, null, 'admin', 'admin', null),
(908002001, '家庭客户实例必填字段维护完整率核查.资源标识', 'CM_HOME_CUST_BUSINESS.int_id', 908003000, 908000600, 2, null, null, 'admin', 'admin', null),
(908002002, '家庭客户实例必填字段维护完整率核查.客户编号', 'CM_HOME_CUST_BUSINESS.cust_num', 908003000, 908000601, 2, null, null, 'admin', 'admin', null),
(908002003, '家庭客户实例必填字段维护完整率核查.客户接入地址', 'CM_HOME_CUST_BUSINESS.related_standard_address', 908003000, 908000602, 2, null, null, 'admin', 'admin', null),
(908002004, '家庭客户实例必填字段维护完整率核查.所属设备', 'CM_HOME_CUST_BUSINESS.device_id', 908003000, 908000603, 2, null, null, 'admin', 'admin', null),
(908002005, '家庭客户实例必填字段维护完整率核查.所属设备端口', 'CM_HOME_CUST_BUSINESS.port_id', 908003000, 908000604, 2, null, null, 'admin', 'admin', null),
(908002006, '家庭客户实例必填字段维护完整率核查.所属省份', 'CM_HOME_CUST_BUSINESS.province_id', 908003000, 908000605, 2, null, null, 'admin', 'admin', null),
(908002007, '家庭客户实例必填字段维护完整率核查.所属地市', 'CM_HOME_CUST_BUSINESS.city_id', 908003000, 908000606, 2, null, null, 'admin', 'admin', null),
(908002008, '家庭客户实例必填字段维护完整率核查.所属区县', 'CM_HOME_CUST_BUSINESS.county_id', 908003000, 908000607, 2, null, null, 'admin', 'admin', null),
(908002009, '宽带业务信息必填字段维护完整率核查.资源标识', 'CE_BROADBAND_BUSINESS.int_id', 908003001, 908000600, 2, null, null, 'admin', 'admin', null),
(908002010, '宽带业务信息必填字段维护完整率核查.宽带产品实例标识', 'CE_BROADBAND_BUSINESS.broadband_inst_id', 908003001, 908000609, 2, null, null, 'admin', 'admin', null),
(908002011, '宽带业务信息必填字段维护完整率核查.客户编号', 'CE_BROADBAND_BUSINESS.cust_num', 908003001, 908000601, 2, null, null, 'admin', 'admin', null),
(908002012, '宽带业务信息必填字段维护完整率核查.接入方式', 'CE_BROADBAND_BUSINESS.enter_type', 908003001, 908000611, 2, null, null, 'admin', 'admin', null),
(908002013, '宽带业务信息必填字段维护完整率核查.客户业务状态', 'CE_BROADBAND_BUSINESS.service_status', 908003001, 908000612, 2, null, null, 'admin', 'admin', null),
(908002014, '宽带业务信息必填字段维护完整率核查.带宽速率', 'CE_BROADBAND_BUSINESS.band_rate', 908003001, 908000613, 2, null, null, 'admin', 'admin', null),
(908002015, '宽带业务信息必填字段维护完整率核查.所属省份', 'CE_BROADBAND_BUSINESS.province_id', 908003001, 908000605, 2, null, null, 'admin', 'admin', null),
(908002016, '宽带业务信息必填字段维护完整率核查.所属地市', 'CE_BROADBAND_BUSINESS.city_id', 908003001, 908000606, 2, null, null, 'admin', 'admin', null),
(908002017, 'IMS业务信息必填字段维护完整率核查.资源标识', 'CE_IMS_BUSINESS.int_id', 908003002, 908000600, 2, null, null, 'admin', 'admin', null),
(908002018, 'IMS业务信息必填字段维护完整率核查.IMS业务产品实例标识', 'CE_IMS_BUSINESS.ims_inst_id', 908003002, 908000618, 2, null, null, 'admin', 'admin', null),
(908002019, 'IMS业务信息必填字段维护完整率核查.所属省份', 'CE_IMS_BUSINESS.province_id', 908003002, 908000605, 2, null, null, 'admin', 'admin', null),
(908002020, 'IMS业务信息必填字段维护完整率核查.所属地市', 'CE_IMS_BUSINESS.city_id', 908003002, 908000606, 2, null, null, 'admin', 'admin', null),
(908002021, 'IMS业务信息必填字段维护完整率核查.所属区县', 'CE_IMS_BUSINESS.county_id', 908003002, 908000607, 2, null, null, 'admin', 'admin', null),
(908002022, '互联网电视业务信息必填字段维护完整率核查.资源标识', 'CE_TV_BUSINESS.int_id', 908003003, 908000600, 2, null, null, 'admin', 'admin', null),
(908002023, '互联网电视业务信息必填字段维护完整率核查.互联网电视业务产品实例标识', 'CE_TV_BUSINESS.tv_inst_id', 908003003, 908000625, 2, null, null, 'admin', 'admin', null),
(908002024, '互联网电视业务信息必填字段维护完整率核查.客户编号', 'CE_TV_BUSINESS.cust_num', 908003003, 908000601, 2, null, null, 'admin', 'admin', null),
(908002025, '互联网电视业务信息必填字段维护完整率核查.客户业务状态', 'CE_TV_BUSINESS.service_status', 908003003, 908000612, 2, null, null, 'admin', 'admin', null),
(908002026, '互联网电视业务信息必填字段维护完整率核查.所属省份', 'CE_TV_BUSINESS.province_id', 908003003, 908000605, 2, null, null, 'admin', 'admin', null),
(908002027, '互联网电视业务信息必填字段维护完整率核查.所属地市', 'CE_TV_BUSINESS.city_id', 908003003, 908000606, 2, null, null, 'admin', 'admin', null),
(908002028, '互联网电视业务信息必填字段维护完整率核查.所属区县', 'CE_TV_BUSINESS.county_id', 908003003, 908000607, 2, null, null, 'admin', 'admin', null),
(908002029, '小区信息表必填字段维护完整率核查.资源标识', 'RM_AREA_RESIDENTIAL.int_id', 908003004, 908000600, 2, null, null, 'admin', 'admin', null),
(908002030, '小区信息表必填字段维护完整率核查.小区名称', 'RM_AREA_RESIDENTIAL.zh_label', 908003004, 908000632, 2, null, null, 'admin', 'admin', null),
(908002031, '小区信息表必填字段维护完整率核查.地域属性', 'RM_AREA_RESIDENTIAL.attributes', 908003004, 908000634, 2, null, null, 'admin', 'admin', null),
(908002032, '小区信息表必填字段维护完整率核查.所属省份', 'RM_AREA_RESIDENTIAL.province_id', 908003004, 908000605, 2, null, null, 'admin', 'admin', null),
(908002033, '小区信息表必填字段维护完整率核查.所属地市', 'RM_AREA_RESIDENTIAL.city_id', 908003004, 908000606, 2, null, null, 'admin', 'admin', null),
(908002034, '小区信息表必填字段维护完整率核查.所属区县', 'RM_AREA_RESIDENTIAL.county_id', 908003004, 908000607, 2, null, null, 'admin', 'admin', null),
(908002035, '小区信息表必填字段维护完整率核查.所属网格编号', 'RM_AREA_RESIDENTIAL.related_grid', 908003004, 908000638, 2, null, null, 'admin', 'admin', null),
(908002036, '小区信息表必填字段维护完整率核查.生命周期状态', 'RM_AREA_RESIDENTIAL.lifecycle_status', 908003004, 908000639, 2, null, null, 'admin', 'admin', null),
(908002037, '小区信息表必填字段维护完整率核查.数据质量责任人（移动）', 'RM_AREA_RESIDENTIAL.qualitor', 908003004, 908000640, 2, null, null, 'admin', 'admin', null),
(908002038, '家客小区网格必填字段维护完整率核查.资源标识', 'RM_GRID.int_id', 908003005, 908000600, 2, null, null, 'admin', 'admin', null),
(908002039, '家客小区网格必填字段维护完整率核查.网格编码', 'RM_GRID.grid_code', 908003005, 908000642, 2, null, null, 'admin', 'admin', null),
(908002040, '家客小区网格必填字段维护完整率核查.网格名称（选配字段）', 'RM_GRID.zh_label', 908003005, 908000643, 2, null, null, 'admin', 'admin', null),
(908002041, '家客小区网格必填字段维护完整率核查.小区名称', 'RM_GRID.related_area', 908003005, 908000632, 2, null, null, 'admin', 'admin', null),
(908002042, '家客小区网格必填字段维护完整率核查.所属省份', 'RM_GRID.province_id', 908003005, 908000605, 2, null, null, 'admin', 'admin', null),
(908002043, '家客小区网格必填字段维护完整率核查.所属地市', 'RM_GRID.city_id', 908003005, 908000606, 2, null, null, 'admin', 'admin', null),
(908002044, '家客小区网格必填字段维护完整率核查.所属区县', 'RM_GRID.county_id', 908003005, 908000607, 2, null, null, 'admin', 'admin', null),
(908002045, '资源覆盖信息表必填字段维护完整率核查.资源标识', 'CUST_RELATION_RESOURCES.int_id', 908003006, 908000600, 2, null, null, 'admin', 'admin', null),
(908002046, '资源覆盖信息表必填字段维护完整率核查.覆盖地址', 'CUST_RELATION_RESOURCES.room_address_id', 908003006, 908000650, 2, null, null, 'admin', 'admin', null),
(908002047, '资源覆盖信息表必填字段维护完整率核查.覆盖箱体/设备/资源点', 'CUST_RELATION_RESOURCES.relation_device_id', 908003006, 908000651, 2, null, null, 'admin', 'admin', null),
(908002048, '资源覆盖信息表必填字段维护完整率核查.接入类型', 'CUST_RELATION_RESOURCES.enter_type', 908003006, 908000652, 2, null, null, 'admin', 'admin', null),
(908002049, '资源覆盖信息表必填字段维护完整率核查.覆盖设备空闲端口数量', 'CUST_RELATION_RESOURCES.relation_device_free_num', 908003006, 908000653, 2, null, null, 'admin', 'admin', null),
(908002050, '资源覆盖信息表必填字段维护完整率核查.所属省份', 'CUST_RELATION_RESOURCES.province_id', 908003006, 908000605, 2, null, null, 'admin', 'admin', null),
(908002051, '资源覆盖信息表必填字段维护完整率核查.所属地市', 'CUST_RELATION_RESOURCES.city_id', 908003006, 908000606, 2, null, null, 'admin', 'admin', null),
(908002052, '资源覆盖信息表必填字段维护完整率核查.所属区县', 'CUST_RELATION_RESOURCES.county_id', 908003006, 908000607, 2, null, null, 'admin', 'admin', null),
(908002053, 'ONU必填字段维护完整率核查.资源标识', 'CM_DEVICE_ONU.int_id', 908003007, 908000600, 2, null, null, 'admin', 'admin', null),
(908002054, 'ONU必填字段维护完整率核查.ONU名称', 'CM_DEVICE_ONU.zh_label', 908003007, 908000659, 2, null, null, 'admin', 'admin', null),
(908002055, 'ONU必填字段维护完整率核查.认证码', 'CM_DEVICE_ONU.loid_password', 908003007, 908000660, 2, null, null, 'admin', 'admin', null),
(908002056, 'ONU必填字段维护完整率核查.厂家', 'CM_DEVICE_ONU.manufacturer', 908003007, 908000661, 2, null, null, 'admin', 'admin', null),
(908002057, 'ONU必填字段维护完整率核查.接入方式', 'CM_DEVICE_ONU.enter_type', 908003007, 908000611, 2, null, null, 'admin', 'admin', null),
(908002058, 'ONU必填字段维护完整率核查.上联设备', 'CM_DEVICE_ONU.relation_up_device_id', 908003007, 908000664, 2, null, null, 'admin', 'admin', null),
(908002059, 'ONU必填字段维护完整率核查.上联设备端口', 'CM_DEVICE_ONU.relation_up_device_port', 908003007, 908000665, 2, null, null, 'admin', 'admin', null),
(908002060, 'ONU必填字段维护完整率核查.数据质量责任人', 'CM_DEVICE_ONU.qualitor', 908003007, 908000668, 2, null, null, 'admin', 'admin', null),
(908002061, 'ONU必填字段维护完整率核查.一线数据维护人（代维/一线）', 'CM_DEVICE_ONU.maintainor', 908003007, 908000669, 2, null, null, 'admin', 'admin', null),
(908002062, 'ONU必填字段维护完整率核查.生命周期状态', 'CM_DEVICE_ONU.lifecycle_status', 908003007, 908000639, 2, null, null, 'admin', 'admin', null),
(908002063, 'ONU必填字段维护完整率核查.所属省份', 'CM_DEVICE_ONU.province_id', 908003007, 908000605, 2, null, null, 'admin', 'admin', null),
(908002064, 'ONU必填字段维护完整率核查.所属地市', 'CM_DEVICE_ONU.city_id', 908003007, 908000606, 2, null, null, 'admin', 'admin', null),
(908002065, 'ONU必填字段维护完整率核查.所属区县', 'CM_DEVICE_ONU.county_id', 908003007, 908000607, 2, null, null, 'admin', 'admin', null),
(908002066, 'ONU端口必填字段维护完整率核查.资源标识', 'CM_ONU_PORT.int_id', 908003008, 908000600, 2, null, null, 'admin', 'admin', null),
(908002067, 'ONU端口必填字段维护完整率核查.所属省份', 'CM_ONU_PORT.province_id', 908003008, 908000605, 2, null, null, 'admin', 'admin', null),
(908002068, 'ONU端口必填字段维护完整率核查.所属地市', 'CM_ONU_PORT.city_id', 908003008, 908000606, 2, null, null, 'admin', 'admin', null),
(908002069, 'ONU端口必填字段维护完整率核查.所属区县', 'CM_ONU_PORT.county_id', 908003008, 908000607, 2, null, null, 'admin', 'admin', null),
(908002070, '分光器必填字段维护完整率核查.资源标识', 'CM_DEVICE_OBD.int_id', 908003009, 908000600, 2, null, null, 'admin', 'admin', null),
(908002071, '分光器必填字段维护完整率核查.分光器名称', 'CM_DEVICE_OBD.zh_label', 908003009, 908000682, 2, null, null, 'admin', 'admin', null),
(908002072, '分光器必填字段维护完整率核查.安装位置', 'CM_DEVICE_OBD.up_to_device', 908003009, 908000667, 2, null, null, 'admin', 'admin', null),
(908002073, '分光器必填字段维护完整率核查.分光比', 'CM_DEVICE_OBD.splitter_ratio', 908003009, 908000684, 2, null, null, 'admin', 'admin', null),
(908002074, '分光器必填字段维护完整率核查.上联设备', 'CM_DEVICE_OBD.link_to_device', 908003009, 908000664, 2, null, null, 'admin', 'admin', null),
(908002075, '分光器必填字段维护完整率核查.上联设备主用端口', 'CM_DEVICE_OBD.link_to_device_port', 908003009, 908000686, 2, null, null, 'admin', 'admin', null),
(908002076, '分光器必填字段维护完整率核查.生命周期状态', 'CM_DEVICE_OBD.lifecycle_status', 908003009, 908000639, 2, null, null, 'admin', 'admin', null),
(908002077, '分光器必填字段维护完整率核查.数据质量责任人', 'CM_DEVICE_OBD.qualitor', 908003009, 908000668, 2, null, null, 'admin', 'admin', null),
(908002078, '分光器必填字段维护完整率核查.所属省份', 'CM_DEVICE_OBD.province_id', 908003009, 908000605, 2, null, null, 'admin', 'admin', null),
(908002079, '分光器必填字段维护完整率核查.所属地市', 'CM_DEVICE_OBD.city_id', 908003009, 908000606, 2, null, null, 'admin', 'admin', null),
(908002080, '分光器必填字段维护完整率核查.所属区县', 'CM_DEVICE_OBD.county_id', 908003009, 908000607, 2, null, null, 'admin', 'admin', null),
(908002081, '分光器端口必填字段维护完整率核查.资源标识', 'CM_OBD_PORT.int_id', 908003010, 908000600, 2, null, null, 'admin', 'admin', null),
(908002082, '分光器端口必填字段维护完整率核查.端口序号', 'CM_OBD_PORT.port_no', 908003010, 908000694, 2, null, null, 'admin', 'admin', null),
(908002083, '分光器端口必填字段维护完整率核查.端口状态', 'CM_OBD_PORT.port_status', 908003010, 908000677, 2, null, null, 'admin', 'admin', null),
(908002084, '分光器端口必填字段维护完整率核查.所属分光器', 'CM_OBD_PORT.related_device', 908003010, 908000696, 2, null, null, 'admin', 'admin', null),
(908002085, '分光器端口必填字段维护完整率核查.所属省份', 'CM_OBD_PORT.province_id', 908003010, 908000605, 2, null, null, 'admin', 'admin', null),
(908002086, '分光器端口必填字段维护完整率核查.所属地市', 'CM_OBD_PORT.city_id', 908003010, 908000606, 2, null, null, 'admin', 'admin', null),
(908002087, '分光器端口必填字段维护完整率核查.所属区县', 'CM_OBD_PORT.county_id', 908003010, 908000607, 2, null, null, 'admin', 'admin', null),
(908002088, '多媒体箱必填字段维护完整率核查.资源标识', 'CE_DEVICE_DMT.int_id', 908003011, 908000600, 2, null, null, 'admin', 'admin', null),
(908002089, '多媒体箱必填字段维护完整率核查.多媒体箱名称', 'CE_DEVICE_DMT.zh_label', 908003011, 908000701, 2, null, null, 'admin', 'admin', null),
(908002090, '多媒体箱必填字段维护完整率核查.生命周期状态', 'CE_DEVICE_DMT.lifecycle_status', 908003011, 908000639, 2, null, null, 'admin', 'admin', null),
(908002091, '多媒体箱必填字段维护完整率核查.数据质量责任人', 'CE_DEVICE_DMT.qualitor', 908003011, 908000668, 2, null, null, 'admin', 'admin', null),
(908002092, '多媒体箱必填字段维护完整率核查.所属省份', 'CE_DEVICE_DMT.province_id', 908003011, 908000605, 2, null, null, 'admin', 'admin', null),
(908002093, '多媒体箱必填字段维护完整率核查.所属地市', 'CE_DEVICE_DMT.city_id', 908003011, 908000606, 2, null, null, 'admin', 'admin', null),
(908002094, '多媒体箱必填字段维护完整率核查.所属区县', 'CE_DEVICE_DMT.county_id', 908003011, 908000607, 2, null, null, 'admin', 'admin', null),
(908002095, '分纤箱必填字段维护完整率核查.资源标识', 'CE_DEVICE_GF.int_id', 908003012, 908000600, 2, null, null, 'admin', 'admin', null),
(908002096, '分纤箱必填字段维护完整率核查.分纤箱名称', 'CE_DEVICE_GF.zh_label', 908003012, 908000708, 2, null, null, 'admin', 'admin', null),
(908002097, '分纤箱必填字段维护完整率核查.箱体内设备类型', 'CE_DEVICE_GF.sub_device_type', 908003012, 908000709, 2, null, null, 'admin', 'admin', null),
(908002098, '分纤箱必填字段维护完整率核查.生命周期状态', 'CE_DEVICE_GF.lifecycle_status', 908003012, 908000639, 2, null, null, 'admin', 'admin', null),
(908002099, '分纤箱必填字段维护完整率核查.数据质量责任人', 'CE_DEVICE_GF.qualitor', 908003012, 908000668, 2, null, null, 'admin', 'admin', null),
(908002100, '分纤箱必填字段维护完整率核查.所属省份', 'CE_DEVICE_GF.province_id', 908003012, 908000605, 2, null, null, 'admin', 'admin', null),
(908002101, '分纤箱必填字段维护完整率核查.所属地市', 'CE_DEVICE_GF.city_id', 908003012, 908000606, 2, null, null, 'admin', 'admin', null),
(908002102, '分纤箱必填字段维护完整率核查.所属区县', 'CE_DEVICE_GF.county_id', 908003012, 908000607, 2, null, null, 'admin', 'admin', null),
(908002103, '分纤箱端子必填字段维护完整率核查.资源标识', 'CM_GF_PORT.int_id', 908003013, 908000600, 2, null, null, 'admin', 'admin', null),
(908002104, '分纤箱端子必填字段维护完整率核查.端子号', 'CM_GF_PORT.port_no', 908003013, 908000716, 2, null, null, 'admin', 'admin', null),
(908002105, '分纤箱端子必填字段维护完整率核查.端子状态', 'CM_GF_PORT.port_status', 908003013, 908000717, 2, null, null, 'admin', 'admin', null),
(908002106, '分纤箱端子必填字段维护完整率核查.所属分纤箱', 'CM_GF_PORT.related_device', 908003013, 908000718, 2, null, null, 'admin', 'admin', null),
(908002107, '分纤箱端子必填字段维护完整率核查.所属省份', 'CM_GF_PORT.province_id', 908003013, 908000605, 2, null, null, 'admin', 'admin', null),
(908002108, '分纤箱端子必填字段维护完整率核查.所属地市', 'CM_GF_PORT.city_id', 908003013, 908000606, 2, null, null, 'admin', 'admin', null),
(908002109, '分纤箱端子必填字段维护完整率核查.所属区县', 'CM_GF_PORT.county_id', 908003013, 908000607, 2, null, null, 'admin', 'admin', null),
-- 2045
(908002110, '家客小区网格必填字段维护完整率核查.生命周期状态', 'RM_GRID.lifecycle_status', 908003005, 908000639, 2, null, null, 'admin', 'admin', null);

insert into dims_idx_IndexCarrier (ID, PARENTINDEX_ID, CHILDINDEX_ID, CREATOR, UPDATER, MEMO) values
(908001000,908099001,908003000, 'admin', 'admin', null),
(908001001,908099001,908003001, 'admin', 'admin', null),
(908001002,908099001,908003002, 'admin', 'admin', null),
(908001003,908099001,908003003, 'admin', 'admin', null),
(908001004,908099001,908003004, 'admin', 'admin', null),
(908001005,908099001,908003005, 'admin', 'admin', null),
(908001006,908099001,908003006, 'admin', 'admin', null),
(908001007,908099001,908003007, 'admin', 'admin', null),
(908001008,908099001,908003008, 'admin', 'admin', null),
(908001009,908099001,908003009, 'admin', 'admin', null),
(908001010,908099001,908003010, 'admin', 'admin', null),
(908001011,908099001,908003011, 'admin', 'admin', null),
(908001012,908099001,908003012, 'admin', 'admin', null),
(908001013,908099001,908003013, 'admin', 'admin', null),
(908001014,908099002,908003030, 'admin', 'admin', null),
(908001015,908099002,908003031, 'admin', 'admin', null),
(908001016,908099002,908003032, 'admin', 'admin', null),
(908001017,908099002,908003033, 'admin', 'admin', null),
(908001018,908099002,908003034, 'admin', 'admin', null),
(908001019,908099002,908003035, 'admin', 'admin', null),
(908001020,908099002,908003036, 'admin', 'admin', null),
(908001021,908099002,908003037, 'admin', 'admin', null),
(908001022,908099002,908003038, 'admin', 'admin', null),
(908001023,908099002,908003039, 'admin', 'admin', null),
(908001024,908099002,908003040, 'admin', 'admin', null),
(908001025,908099002,908003041, 'admin', 'admin', null),
(908001026,908099002,908003042, 'admin', 'admin', null),
(908001027,908099002,908003043, 'admin', 'admin', null),
(908001028,908099002,908003044, 'admin', 'admin', null),
(908001029,908099002,908003045, 'admin', 'admin', null),
(908001030,908099002,908003046, 'admin', 'admin', null),
(908001031,908099002,908003047, 'admin', 'admin', null),
(908001032,908099002,908003048, 'admin', 'admin', null),
(908001033,908099002,908003049, 'admin', 'admin', null),
(908001034,908099002,908003050, 'admin', 'admin', null),
(908001035,908099002,908003051, 'admin', 'admin', null),
(908001036,908099002,908003052, 'admin', 'admin', null),
(908001037,908099002,908003053, 'admin', 'admin', null),
(908001038,908099002,908003054, 'admin', 'admin', null),
(908001039,908099002,908003055, 'admin', 'admin', null),
(908001040,908099002,908003056, 'admin', 'admin', null),
(908001041,908099002,908003057, 'admin', 'admin', null),
(908001042,908099002,908003058, 'admin', 'admin', null),
(908001043,908099002,908003059, 'admin', 'admin', null),
(908001044,908099002,908003060, 'admin', 'admin', null),
(908001045,908099002,908003061, 'admin', 'admin', null),
(908001046,908099002,908003062, 'admin', 'admin', null),
(908001047,908099002,908003063, 'admin', 'admin', null),
(908001048,908099002,908003064, 'admin', 'admin', null),
(908001049,908099002,908003065, 'admin', 'admin', null),
(908001050,908099002,908003066, 'admin', 'admin', null),
(908001051,908099003,908003101, 'admin', 'admin', null),
(908001052,908099003,908003102, 'admin', 'admin', null),
(908001053,908099003,908003103, 'admin', 'admin', null),
(908001054,908099003,908003104, 'admin', 'admin', null),
(908001055,908099003,908003105, 'admin', 'admin', null),
(908001056,908099003,908003106, 'admin', 'admin', null),
(908001057,908099003,908003107, 'admin', 'admin', null),
(908001058,908099003,908003108, 'admin', 'admin', null),
(908001059,908099003,908003109, 'admin', 'admin', null),
(908001060,908099003,908003110, 'admin', 'admin', null),
(908001061,908099003,908003111, 'admin', 'admin', null),
(908001062,908099003,908003112, 'admin', 'admin', null),
(908001063,908099003,908003113, 'admin', 'admin', null),
(908001064,908099003,908003114, 'admin', 'admin', null),
--(908001065,908099003,908003115, 'admin', 'admin', null),
(908001066,908099003,908003116, 'admin', 'admin', null),
(908001067,908099003,908003117, 'admin', 'admin', null),
--(908001068,908099003,908003118, 'admin', 'admin', null),
(908001069,908099003,908003119, 'admin', 'admin', null),
(908001070,908099003,908003120, 'admin', 'admin', null),
(908001071,908099003,908003121, 'admin', 'admin', null),
(908001072,908099003,908003122, 'admin', 'admin', null),
--(908001073,908099003,908003123, 'admin', 'admin', null),
--(908001074,908099003,908003124, 'admin', 'admin', null),
(908001075,908099003,908003125, 'admin', 'admin', null),
(908001076,908099003,908003126, 'admin', 'admin', null),
(908001077,908099003,908003127, 'admin', 'admin', null),
(908001078,908099003,908003128, 'admin', 'admin', null),
(908001079,908099003,908003129, 'admin', 'admin', null),
(908001080,908099003,908003130, 'admin', 'admin', null),
(908001081,908099003,908003131, 'admin', 'admin', null),
(908001082,908099003,908003132, 'admin', 'admin', null),
(908001083,908099003,908003133, 'admin', 'admin', null),
(908001084,908099003,908003134, 'admin', 'admin', null),
(908001085,908099004,908004001, 'admin', 'admin', null),
(908001086,908099999,908099001, 'admin', 'admin', null),
(908001087,908099999,908099002, 'admin', 'admin', null),
(908001088,908099999,908099003, 'admin', 'admin', null),
(908001089,908099999,908099004, 'admin', 'admin', null);